#usda 1.0
(
    defaultPrim = "root"
    doc = "Blender v4.5.0"
    metersPerUnit = 1
    upAxis = "Z"
)

def Xform "root" (
    customData = {
        dictionary Blender = {
            bool generated = 1
        }
    }
)
{
    def Xform "A355"
    {
        custom string userProperties:assetId = "A355"
        custom bool userProperties:authoritativeSource = 0
        custom string userProperties:blender:object_name = "A355"
        custom string userProperties:coordinateSystem = "RIGHT_HANDED_Y_UP"
        custom string userProperties:dimensionalAccuracy = "CONCEPTUAL"
        custom string userProperties:forwardDirection = "+Z"
        custom string userProperties:generatedFrom = "Catalog identity and individually authored assembly recipe"
        custom bool userProperties:motionCandidate = 0
        custom string userProperties:originPolicy = "floor centre; instance XZ unchanged"
        custom bool userProperties:physicalPortVerified = 0
        custom string userProperties:representationClass = "CUSTOM_GENERATED_CONCEPTUAL"
        custom string userProperties:unit = "m"

        def Xform "stack_element_0_0"
        {
            custom string userProperties:blender:object_name = "stack_element_0_0"
            float3 xformOp:rotateXYZ = (0, -0, 0)
            float3 xformOp:scale = (1, 1, 1)
            double3 xformOp:translate = (-1.6699999570846558, -0.5299999713897705, 0.6499999761581421)
            uniform token[] xformOpOrder = ["xformOp:translate", "xformOp:rotateXYZ", "xformOp:scale"]

            def Mesh "Mesh_2_010" (
                active = true
                prepend apiSchemas = ["MaterialBindingAPI"]
            )
            {
                uniform bool doubleSided = 0
                float3[] extent = [(-0.0125, -0.02, -0.31), (0.0125, 0.02, 0.31)]
                int[] faceVertexCounts = [3, 3, 3, 3, 3, 3, 3, 3, 3, 3, 3, 3]
                int[] faceVertexIndices = [0, 2, 1, 2, 3, 1, 4, 6, 5, 6, 7, 5, 8, 10, 9, 10, 11, 9, 12, 14, 13, 14, 15, 13, 16, 18, 17, 18, 19, 17, 20, 22, 21, 22, 23, 21]
                rel material:binding = </root/_materials/Material_2_010>
                normal3f[] normals = [(1, 0, 0), (1, 0, 0), (1, 0, 0), (1, 0, 0), (1, 0, 0), (1, 0, 0), (-1, 0, 0), (-1, 0, 0), (-1, 0, 0), (-1, 0, 0), (-1, 0, 0), (-1, 0, 0), (0, 0, 1), (0, 0, 1), (0, 0, 1), (0, 0, 1), (0, 0, 1), (0, 0, 1), (0, 0, -1), (0, 0, -1), (0, 0, -1), (0, 0, -1), (0, 0, -1), (0, 0, -1), (0, -1, 0), (0, -1, 0), (0, -1, 0), (0, -1, 0), (0, -1, 0), (0, -1, 0), (0, 1, 0), (0, 1, 0), (0, 1, 0), (0, 1, 0), (0, 1, 0), (0, 1, 0)] (
                    interpolation = "faceVarying"
                )
                point3f[] points = [(0.0125, -0.02, 0.31), (0.0125, 0.02, 0.31), (0.0125, -0.02, -0.31), (0.0125, 0.02, -0.31), (-0.0125, 0.02, 0.31), (-0.0125, -0.02, 0.31), (-0.0125, 0.02, -0.31), (-0.0125, -0.02, -0.31), (-0.0125, 0.02, 0.31), (0.0125, 0.02, 0.31), (-0.0125, -0.02, 0.31), (0.0125, -0.02, 0.31), (-0.0125, -0.02, -0.31), (0.0125, -0.02, -0.31), (-0.0125, 0.02, -0.31), (0.0125, 0.02, -0.31), (-0.0125, -0.02, 0.31), (0.0125, -0.02, 0.31), (-0.0125, -0.02, -0.31), (0.0125, -0.02, -0.31), (0.0125, 0.02, 0.31), (-0.0125, 0.02, 0.31), (0.0125, 0.02, -0.31), (-0.0125, 0.02, -0.31)]
                texCoord2f[] primvars:st = [(0, 0), (0, 1), (1, 0), (0, 1), (1, 1), (1, 0), (0, 0), (0, 1), (1, 0), (0, 1), (1, 1), (1, 0), (0, 0), (0, 1), (1, 0), (0, 1), (1, 1), (1, 0), (0, 0), (0, 1), (1, 0), (0, 1), (1, 1), (1, 0), (0, 0), (0, 1), (1, 0), (0, 1), (1, 1), (1, 0), (0, 0), (0, 1), (1, 0), (0, 1), (1, 1), (1, 0)] (
                    interpolation = "faceVarying"
                )
                uniform token subdivisionScheme = "none"
                custom string userProperties:blender:data_name = "Mesh_2.010"
            }
        }

        def Xform "control_drawer_4_1"
        {
            custom string userProperties:blender:object_name = "control_drawer_4_1"
            float3 xformOp:rotateXYZ = (0, -0, 0)
            float3 xformOp:scale = (1, 1, 1)
            double3 xformOp:translate = (1.440000057220459, -0.5199999809265137, 0.6100000143051147)
            uniform token[] xformOpOrder = ["xformOp:translate", "xformOp:rotateXYZ", "xformOp:scale"]

            def Mesh "Mesh_19_002" (
                active = true
                prepend apiSchemas = ["MaterialBindingAPI"]
            )
            {
                uniform bool doubleSided = 0
                float3[] extent = [(-0.21, -0.015, -0.065), (0.21, 0.015, 0.065)]
                int[] faceVertexCounts = [3, 3, 3, 3, 3, 3, 3, 3, 3, 3, 3, 3]
                int[] faceVertexIndices = [0, 2, 1, 2, 3, 1, 4, 6, 5, 6, 7, 5, 8, 10, 9, 10, 11, 9, 12, 14, 13, 14, 15, 13, 16, 18, 17, 18, 19, 17, 20, 22, 21, 22, 23, 21]
                rel material:binding = </root/_materials/Material_19_002>
                normal3f[] normals = [(1, 0, 0), (1, 0, 0), (1, 0, 0), (1, 0, 0), (1, 0, 0), (1, 0, 0), (-1, 0, 0), (-1, 0, 0), (-1, 0, 0), (-1, 0, 0), (-1, 0, 0), (-1, 0, 0), (0, 0, 0.99999994), (0, 0, 0.99999994), (0, 0, 0.99999994), (0, 0, 0.99999994), (0, 0, 0.99999994), (0, 0, 0.99999994), (0, 0, -0.99999994), (0, 0, -0.99999994), (0, 0, -0.99999994), (0, 0, -0.99999994), (0, 0, -0.99999994), (0, 0, -0.99999994), (0, -1, 0), (0, -1, 0), (0, -1, 0), (0, -1, 0), (0, -1, 0), (0, -1, 0), (0, 1, 0), (0, 1, 0), (0, 1, 0), (0, 1, 0), (0, 1, 0), (0, 1, 0)] (
                    interpolation = "faceVarying"
                )
                point3f[] points = [(0.21, -0.015, 0.065), (0.21, 0.015, 0.065), (0.21, -0.015, -0.065), (0.21, 0.015, -0.065), (-0.21, 0.015, 0.065), (-0.21, -0.015, 0.065), (-0.21, 0.015, -0.065), (-0.21, -0.015, -0.065), (-0.21, 0.015, 0.065), (0.21, 0.015, 0.065), (-0.21, -0.015, 0.065), (0.21, -0.015, 0.065), (-0.21, -0.015, -0.065), (0.21, -0.015, -0.065), (-0.21, 0.015, -0.065), (0.21, 0.015, -0.065), (-0.21, -0.015, 0.065), (0.21, -0.015, 0.065), (-0.21, -0.015, -0.065), (0.21, -0.015, -0.065), (0.21, 0.015, 0.065), (-0.21, 0.015, 0.065), (0.21, 0.015, -0.065), (-0.21, 0.015, -0.065)]
                texCoord2f[] primvars:st = [(0, 0), (0, 1), (1, 0), (0, 1), (1, 1), (1, 0), (0, 0), (0, 1), (1, 0), (0, 1), (1, 1), (1, 0), (0, 0), (0, 1), (1, 0), (0, 1), (1, 1), (1, 0), (0, 0), (0, 1), (1, 0), (0, 1), (1, 1), (1, 0), (0, 0), (0, 1), (1, 0), (0, 1), (1, 1), (1, 0), (0, 0), (0, 1), (1, 0), (0, 1), (1, 1), (1, 0)] (
                    interpolation = "faceVarying"
                )
                uniform token subdivisionScheme = "none"
                custom string userProperties:blender:data_name = "Mesh_19.002"
            }
        }

        def Xform "stack_element_0_5"
        {
            custom string userProperties:blender:object_name = "stack_element_0_5"
            float3 xformOp:rotateXYZ = (0, -0, 0)
            float3 xformOp:scale = (1, 1, 1)
            double3 xformOp:translate = (-1.2200000286102295, -0.5299999713897705, 0.6499999761581421)
            uniform token[] xformOpOrder = ["xformOp:translate", "xformOp:rotateXYZ", "xformOp:scale"]

            def Mesh "Mesh_7_009" (
                active = true
                prepend apiSchemas = ["MaterialBindingAPI"]
            )
            {
                uniform bool doubleSided = 0
                float3[] extent = [(-0.0125, -0.02, -0.31), (0.0125, 0.02, 0.31)]
                int[] faceVertexCounts = [3, 3, 3, 3, 3, 3, 3, 3, 3, 3, 3, 3]
                int[] faceVertexIndices = [0, 2, 1, 2, 3, 1, 4, 6, 5, 6, 7, 5, 8, 10, 9, 10, 11, 9, 12, 14, 13, 14, 15, 13, 16, 18, 17, 18, 19, 17, 20, 22, 21, 22, 23, 21]
                rel material:binding = </root/_materials/Material_7_009>
                normal3f[] normals = [(1, 0, 0), (1, 0, 0), (1, 0, 0), (1, 0, 0), (1, 0, 0), (1, 0, 0), (-1, 0, 0), (-1, 0, 0), (-1, 0, 0), (-1, 0, 0), (-1, 0, 0), (-1, 0, 0), (0, 0, 1), (0, 0, 1), (0, 0, 1), (0, 0, 1), (0, 0, 1), (0, 0, 1), (0, 0, -1), (0, 0, -1), (0, 0, -1), (0, 0, -1), (0, 0, -1), (0, 0, -1), (0, -1, 0), (0, -1, 0), (0, -1, 0), (0, -1, 0), (0, -1, 0), (0, -1, 0), (0, 1, 0), (0, 1, 0), (0, 1, 0), (0, 1, 0), (0, 1, 0), (0, 1, 0)] (
                    interpolation = "faceVarying"
                )
                point3f[] points = [(0.0125, -0.02, 0.31), (0.0125, 0.02, 0.31), (0.0125, -0.02, -0.31), (0.0125, 0.02, -0.31), (-0.0125, 0.02, 0.31), (-0.0125, -0.02, 0.31), (-0.0125, 0.02, -0.31), (-0.0125, -0.02, -0.31), (-0.0125, 0.02, 0.31), (0.0125, 0.02, 0.31), (-0.0125, -0.02, 0.31), (0.0125, -0.02, 0.31), (-0.0125, -0.02, -0.31), (0.0125, -0.02, -0.31), (-0.0125, 0.02, -0.31), (0.0125, 0.02, -0.31), (-0.0125, -0.02, 0.31), (0.0125, -0.02, 0.31), (-0.0125, -0.02, -0.31), (0.0125, -0.02, -0.31), (0.0125, 0.02, 0.31), (-0.0125, 0.02, 0.31), (0.0125, 0.02, -0.31), (-0.0125, 0.02, -0.31)]
                texCoord2f[] primvars:st = [(0, 0), (0, 1), (1, 0), (0, 1), (1, 1), (1, 0), (0, 0), (0, 1), (1, 0), (0, 1), (1, 1), (1, 0), (0, 0), (0, 1), (1, 0), (0, 1), (1, 1), (1, 0), (0, 0), (0, 1), (1, 0), (0, 1), (1, 1), (1, 0), (0, 0), (0, 1), (1, 0), (0, 1), (1, 1), (1, 0), (0, 0), (0, 1), (1, 0), (0, 1), (1, 1), (1, 0)] (
                    interpolation = "faceVarying"
                )
                uniform token subdivisionScheme = "none"
                custom string userProperties:blender:data_name = "Mesh_7.009"
            }
        }

        def Xform "stack_element_0_4"
        {
            custom string userProperties:blender:object_name = "stack_element_0_4"
            float3 xformOp:rotateXYZ = (0, -0, 0)
            float3 xformOp:scale = (1, 1, 1)
            double3 xformOp:translate = (-1.309999942779541, -0.5299999713897705, 0.6499999761581421)
            uniform token[] xformOpOrder = ["xformOp:translate", "xformOp:rotateXYZ", "xformOp:scale"]

            def Mesh "Mesh_6_010" (
                active = true
                prepend apiSchemas = ["MaterialBindingAPI"]
            )
            {
                uniform bool doubleSided = 0
                float3[] extent = [(-0.0125, -0.02, -0.31), (0.0125, 0.02, 0.31)]
                int[] faceVertexCounts = [3, 3, 3, 3, 3, 3, 3, 3, 3, 3, 3, 3]
                int[] faceVertexIndices = [0, 2, 1, 2, 3, 1, 4, 6, 5, 6, 7, 5, 8, 10, 9, 10, 11, 9, 12, 14, 13, 14, 15, 13, 16, 18, 17, 18, 19, 17, 20, 22, 21, 22, 23, 21]
                rel material:binding = </root/_materials/Material_6_010>
                normal3f[] normals = [(1, 0, 0), (1, 0, 0), (1, 0, 0), (1, 0, 0), (1, 0, 0), (1, 0, 0), (-1, 0, 0), (-1, 0, 0), (-1, 0, 0), (-1, 0, 0), (-1, 0, 0), (-1, 0, 0), (0, 0, 1), (0, 0, 1), (0, 0, 1), (0, 0, 1), (0, 0, 1), (0, 0, 1), (0, 0, -1), (0, 0, -1), (0, 0, -1), (0, 0, -1), (0, 0, -1), (0, 0, -1), (0, -1, 0), (0, -1, 0), (0, -1, 0), (0, -1, 0), (0, -1, 0), (0, -1, 0), (0, 1, 0), (0, 1, 0), (0, 1, 0), (0, 1, 0), (0, 1, 0), (0, 1, 0)] (
                    interpolation = "faceVarying"
                )
                point3f[] points = [(0.0125, -0.02, 0.31), (0.0125, 0.02, 0.31), (0.0125, -0.02, -0.31), (0.0125, 0.02, -0.31), (-0.0125, 0.02, 0.31), (-0.0125, -0.02, 0.31), (-0.0125, 0.02, -0.31), (-0.0125, -0.02, -0.31), (-0.0125, 0.02, 0.31), (0.0125, 0.02, 0.31), (-0.0125, -0.02, 0.31), (0.0125, -0.02, 0.31), (-0.0125, -0.02, -0.31), (0.0125, -0.02, -0.31), (-0.0125, 0.02, -0.31), (0.0125, 0.02, -0.31), (-0.0125, -0.02, 0.31), (0.0125, -0.02, 0.31), (-0.0125, -0.02, -0.31), (0.0125, -0.02, -0.31), (0.0125, 0.02, 0.31), (-0.0125, 0.02, 0.31), (0.0125, 0.02, -0.31), (-0.0125, 0.02, -0.31)]
                texCoord2f[] primvars:st = [(0, 0), (0, 1), (1, 0), (0, 1), (1, 1), (1, 0), (0, 0), (0, 1), (1, 0), (0, 1), (1, 1), (1, 0), (0, 0), (0, 1), (1, 0), (0, 1), (1, 1), (1, 0), (0, 0), (0, 1), (1, 0), (0, 1), (1, 1), (1, 0), (0, 0), (0, 1), (1, 0), (0, 1), (1, 1), (1, 0), (0, 0), (0, 1), (1, 0), (0, 1), (1, 1), (1, 0)] (
                    interpolation = "faceVarying"
                )
                uniform token subdivisionScheme = "none"
                custom string userProperties:blender:data_name = "Mesh_6.010"
            }
        }

        def Xform "control_drawer_4_4"
        {
            custom string userProperties:blender:object_name = "control_drawer_4_4"
            float3 xformOp:rotateXYZ = (0, -0, 0)
            float3 xformOp:scale = (1, 1, 1)
            double3 xformOp:translate = (1.440000057220459, -0.5199999809265137, 1.2999999523162842)
            uniform token[] xformOpOrder = ["xformOp:translate", "xformOp:rotateXYZ", "xformOp:scale"]

            def Mesh "Mesh_22_002" (
                active = true
                prepend apiSchemas = ["MaterialBindingAPI"]
            )
            {
                uniform bool doubleSided = 0
                float3[] extent = [(-0.21, -0.015, -0.065), (0.21, 0.015, 0.065)]
                int[] faceVertexCounts = [3, 3, 3, 3, 3, 3, 3, 3, 3, 3, 3, 3]
                int[] faceVertexIndices = [0, 2, 1, 2, 3, 1, 4, 6, 5, 6, 7, 5, 8, 10, 9, 10, 11, 9, 12, 14, 13, 14, 15, 13, 16, 18, 17, 18, 19, 17, 20, 22, 21, 22, 23, 21]
                rel material:binding = </root/_materials/Material_22_002>
                normal3f[] normals = [(1, 0, 0), (1, 0, 0), (1, 0, 0), (1, 0, 0), (1, 0, 0), (1, 0, 0), (-1, 0, 0), (-1, 0, 0), (-1, 0, 0), (-1, 0, 0), (-1, 0, 0), (-1, 0, 0), (0, 0, 0.99999994), (0, 0, 0.99999994), (0, 0, 0.99999994), (0, 0, 0.99999994), (0, 0, 0.99999994), (0, 0, 0.99999994), (0, 0, -0.99999994), (0, 0, -0.99999994), (0, 0, -0.99999994), (0, 0, -0.99999994), (0, 0, -0.99999994), (0, 0, -0.99999994), (0, -1, 0), (0, -1, 0), (0, -1, 0), (0, -1, 0), (0, -1, 0), (0, -1, 0), (0, 1, 0), (0, 1, 0), (0, 1, 0), (0, 1, 0), (0, 1, 0), (0, 1, 0)] (
                    interpolation = "faceVarying"
                )
                point3f[] points = [(0.21, -0.015, 0.065), (0.21, 0.015, 0.065), (0.21, -0.015, -0.065), (0.21, 0.015, -0.065), (-0.21, 0.015, 0.065), (-0.21, -0.015, 0.065), (-0.21, 0.015, -0.065), (-0.21, -0.015, -0.065), (-0.21, 0.015, 0.065), (0.21, 0.015, 0.065), (-0.21, -0.015, 0.065), (0.21, -0.015, 0.065), (-0.21, -0.015, -0.065), (0.21, -0.015, -0.065), (-0.21, 0.015, -0.065), (0.21, 0.015, -0.065), (-0.21, -0.015, 0.065), (0.21, -0.015, 0.065), (-0.21, -0.015, -0.065), (0.21, -0.015, -0.065), (0.21, 0.015, 0.065), (-0.21, 0.015, 0.065), (0.21, 0.015, -0.065), (-0.21, 0.015, -0.065)]
                texCoord2f[] primvars:st = [(0, 0), (0, 1), (1, 0), (0, 1), (1, 1), (1, 0), (0, 0), (0, 1), (1, 0), (0, 1), (1, 1), (1, 0), (0, 0), (0, 1), (1, 0), (0, 1), (1, 1), (1, 0), (0, 0), (0, 1), (1, 0), (0, 1), (1, 1), (1, 0), (0, 0), (0, 1), (1, 0), (0, 1), (1, 1), (1, 0), (0, 0), (0, 1), (1, 0), (0, 1), (1, 1), (1, 0)] (
                    interpolation = "faceVarying"
                )
                uniform token subdivisionScheme = "none"
                custom string userProperties:blender:data_name = "Mesh_22.002"
            }
        }

        def Xform "control_drawer_4_0"
        {
            custom string userProperties:blender:object_name = "control_drawer_4_0"
            float3 xformOp:rotateXYZ = (0, -0, 0)
            float3 xformOp:scale = (1, 1, 1)
            double3 xformOp:translate = (1.440000057220459, -0.5199999809265137, 0.3799999952316284)
            uniform token[] xformOpOrder = ["xformOp:translate", "xformOp:rotateXYZ", "xformOp:scale"]

            def Mesh "Mesh_18_004" (
                active = true
                prepend apiSchemas = ["MaterialBindingAPI"]
            )
            {
                uniform bool doubleSided = 0
                float3[] extent = [(-0.21, -0.015, -0.065), (0.21, 0.015, 0.065)]
                int[] faceVertexCounts = [3, 3, 3, 3, 3, 3, 3, 3, 3, 3, 3, 3]
                int[] faceVertexIndices = [0, 2, 1, 2, 3, 1, 4, 6, 5, 6, 7, 5, 8, 10, 9, 10, 11, 9, 12, 14, 13, 14, 15, 13, 16, 18, 17, 18, 19, 17, 20, 22, 21, 22, 23, 21]
                rel material:binding = </root/_materials/Material_18_004>
                normal3f[] normals = [(1, 0, 0), (1, 0, 0), (1, 0, 0), (1, 0, 0), (1, 0, 0), (1, 0, 0), (-1, 0, 0), (-1, 0, 0), (-1, 0, 0), (-1, 0, 0), (-1, 0, 0), (-1, 0, 0), (0, 0, 0.99999994), (0, 0, 0.99999994), (0, 0, 0.99999994), (0, 0, 0.99999994), (0, 0, 0.99999994), (0, 0, 0.99999994), (0, 0, -0.99999994), (0, 0, -0.99999994), (0, 0, -0.99999994), (0, 0, -0.99999994), (0, 0, -0.99999994), (0, 0, -0.99999994), (0, -1, 0), (0, -1, 0), (0, -1, 0), (0, -1, 0), (0, -1, 0), (0, -1, 0), (0, 1, 0), (0, 1, 0), (0, 1, 0), (0, 1, 0), (0, 1, 0), (0, 1, 0)] (
                    interpolation = "faceVarying"
                )
                point3f[] points = [(0.21, -0.015, 0.065), (0.21, 0.015, 0.065), (0.21, -0.015, -0.065), (0.21, 0.015, -0.065), (-0.21, 0.015, 0.065), (-0.21, -0.015, 0.065), (-0.21, 0.015, -0.065), (-0.21, -0.015, -0.065), (-0.21, 0.015, 0.065), (0.21, 0.015, 0.065), (-0.21, -0.015, 0.065), (0.21, -0.015, 0.065), (-0.21, -0.015, -0.065), (0.21, -0.015, -0.065), (-0.21, 0.015, -0.065), (0.21, 0.015, -0.065), (-0.21, -0.015, 0.065), (0.21, -0.015, 0.065), (-0.21, -0.015, -0.065), (0.21, -0.015, -0.065), (0.21, 0.015, 0.065), (-0.21, 0.015, 0.065), (0.21, 0.015, -0.065), (-0.21, 0.015, -0.065)]
                texCoord2f[] primvars:st = [(0, 0), (0, 1), (1, 0), (0, 1), (1, 1), (1, 0), (0, 0), (0, 1), (1, 0), (0, 1), (1, 1), (1, 0), (0, 0), (0, 1), (1, 0), (0, 1), (1, 1), (1, 0), (0, 0), (0, 1), (1, 0), (0, 1), (1, 1), (1, 0), (0, 0), (0, 1), (1, 0), (0, 1), (1, 1), (1, 0), (0, 0), (0, 1), (1, 0), (0, 1), (1, 1), (1, 0)] (
                    interpolation = "faceVarying"
                )
                uniform token subdivisionScheme = "none"
                custom string userProperties:blender:data_name = "Mesh_18.004"
            }
        }

        def Xform "separator_2"
        {
            custom string userProperties:blender:object_name = "separator_2"
            float3 xformOp:rotateXYZ = (0, -0, 0)
            float3 xformOp:scale = (1, 1, 1)
            double3 xformOp:translate = (0, 0, 0.7699999809265137)
            uniform token[] xformOpOrder = ["xformOp:translate", "xformOp:rotateXYZ", "xformOp:scale"]

            def Mesh "Mesh_15_004" (
                active = true
                prepend apiSchemas = ["MaterialBindingAPI"]
            )
            {
                uniform bool doubleSided = 0
                float3[] extent = [(-0.34, -0.34, -0.55), (0.34, 0.34, 0.55)]
                int[] faceVertexCounts = [3, 3, 3, 3, 3, 3, 3, 3, 3, 3, 3, 3, 3, 3, 3, 3, 3, 3, 3, 3, 3, 3, 3, 3, 3, 3, 3, 3, 3, 3, 3, 3, 3, 3, 3, 3, 3, 3, 3, 3, 3, 3, 3, 3, 3, 3, 3, 3, 3, 3, 3, 3, 3, 3, 3, 3, 3, 3, 3, 3, 3, 3, 3, 3, 3, 3, 3, 3, 3, 3, 3, 3, 3, 3, 3, 3, 3, 3, 3, 3, 3, 3, 3, 3, 3, 3, 3, 3, 3, 3, 3, 3, 3, 3, 3, 3]
                int[] faceVertexIndices = [0, 25, 1, 25, 26, 1, 1, 26, 2, 26, 27, 2, 2, 27, 3, 27, 28, 3, 3, 28, 4, 28, 29, 4, 4, 29, 5, 29, 30, 5, 5, 30, 6, 30, 31, 6, 6, 31, 7, 31, 32, 7, 7, 32, 8, 32, 33, 8, 8, 33, 9, 33, 34, 9, 9, 34, 10, 34, 35, 10, 10, 35, 11, 35, 36, 11, 11, 36, 12, 36, 37, 12, 12, 37, 13, 37, 38, 13, 13, 38, 14, 38, 39, 14, 14, 39, 15, 39, 40, 15, 15, 40, 16, 40, 41, 16, 16, 41, 17, 41, 42, 17, 17, 42, 18, 42, 43, 18, 18, 43, 19, 43, 44, 19, 19, 44, 20, 44, 45, 20, 20, 45, 21, 45, 46, 21, 21, 46, 22, 46, 47, 22, 22, 47, 23, 47, 48, 23, 23, 48, 24, 48, 49, 24, 74, 75, 50, 75, 76, 51, 76, 77, 52, 77, 78, 53, 78, 79, 54, 79, 80, 55, 80, 81, 56, 81, 82, 57, 82, 83, 58, 83, 84, 59, 84, 85, 60, 85, 86, 61, 86, 87, 62, 87, 88, 63, 88, 89, 64, 89, 90, 65, 90, 91, 66, 91, 92, 67, 92, 93, 68, 93, 94, 69, 94, 95, 70, 95, 96, 71, 96, 97, 72, 97, 98, 73, 124, 123, 99, 125, 124, 100, 126, 125, 101, 127, 126, 102, 128, 127, 103, 129, 128, 104, 130, 129, 105, 131, 130, 106, 132, 131, 107, 133, 132, 108, 134, 133, 109, 135, 134, 110, 136, 135, 111, 137, 136, 112, 138, 137, 113, 139, 138, 114, 140, 139, 115, 141, 140, 116, 142, 141, 117, 143, 142, 118, 144, 143, 119, 145, 144, 120, 146, 145, 121, 147, 146, 122]
                rel material:binding = </root/_materials/Material_15_004>
                normal3f[] normals = [(0.000028163195, -1, -0.0000062636177), (0.000028148293, -1, 0.0000062340605), (0.25881806, -0.9659261, 0), (0.000028148293, -1, 0.0000062340605), (0.25882, -0.9659256, 0), (0.25881806, -0.9659261, 0), (0.25881806, -0.9659261, 0), (0.25882, -0.9659256, 0), (0.4999991, -0.866026, 0), (0.25882, -0.9659256, 0), (0.50000083, -0.866025, 0), (0.4999991, -0.866026, 0), (0.4999991, -0.866026, 0), (0.50000083, -0.866025, 0), (0.707106, -0.7071076, 0), (0.50000083, -0.866025, 0), (0.7071076, -0.707106, 0), (0.707106, -0.7071076, 0), (0.707106, -0.7071076, 0), (0.7071076, -0.707106, 0), (0.86602485, -0.500001, 0), (0.7071076, -0.707106, 0), (0.86602604, -0.4999988, 0), (0.86602485, -0.500001, 0), (0.86602485, -0.500001, 0), (0.86602604, -0.4999988, 0), (0.9659256, -0.25882018, 0), (0.86602604, -0.4999988, 0), (0.9659261, -0.25881788, 0), (0.9659256, -0.25882018, 0), (0.9659256, -0.25882018, 0), (0.9659261, -0.25881788, 0), (1, -0.000001028577, 0), (0.9659261, -0.25881788, 0), (1, 0.000001028577, 0), (1, -0.000001028577, 0), (1, -0.000001028577, 0), (1, 0.000001028577, 0), (0.9659261, 0.25881788, 0), (1, 0.000001028577, 0), (0.9659256, 0.25882018, 0), (0.9659261, 0.25881788, 0), (0.9659261, 0.25881788, 0), (0.9659256, 0.25882018, 0), (0.86602604, 0.4999988, 0), (0.9659256, 0.25882018, 0), (0.86602485, 0.500001, 0), (0.86602604, 0.4999988, 0), (0.86602604, 0.4999988, 0), (0.86602485, 0.500001, 0), (0.7071076, 0.707106, 0), (0.86602485, 0.500001, 0), (0.707106, 0.7071076, 0), (0.7071076, 0.707106, 0), (0.7071076, 0.707106, 0), (0.707106, 0.7071076, 0), (0.50000083, 0.866025, 0), (0.707106, 0.7071076, 0), (0.4999991, 0.866026, 0), (0.50000083, 0.866025, 0), (0.50000083, 0.866025, 0), (0.4999991, 0.866026, 0), (0.25882, 0.9659256, 0), (0.4999991, 0.866026, 0), (0.25881806, 0.9659261, 0), (0.25882, 0.9659256, 0), (0.25882, 0.9659256, 0), (0.25881806, 0.9659261, 0), (0.0000010285768, 1, 0), (0.25881806, 0.9659261, 0), (-0.0000010285768, 1, 0), (0.0000010285768, 1, 0), (0.0000010285768, 1, 0), (-0.0000010285768, 1, 0), (-0.25881806, 0.9659261, 0), (-0.0000010285768, 1, 0), (-0.25882, 0.9659256, 0), (-0.25881806, 0.9659261, 0), (-0.25881806, 0.9659261, 0), (-0.25882, 0.9659256, 0), (-0.4999991, 0.866026, 0), (-0.25882, 0.9659256, 0), (-0.50000083, 0.866025, 0), (-0.4999991, 0.866026, 0), (-0.4999991, 0.866026, 0), (-0.50000083, 0.866025, 0), (-0.707106, 0.7071076, 0), (-0.50000083, 0.866025, 0), (-0.7071076, 0.707106, 0), (-0.707106, 0.7071076, 0), (-0.707106, 0.7071076, 0), (-0.7071076, 0.707106, 0), (-0.86602485, 0.500001, 0), (-0.7071076, 0.707106, 0), (-0.86602604, 0.4999988, 0), (-0.86602485, 0.500001, 0), (-0.86602485, 0.500001, 0), (-0.86602604, 0.4999988, 0), (-0.9659256, 0.25882018, 0), (-0.86602604, 0.4999988, 0), (-0.9659261, 0.25881788, 0), (-0.9659256, 0.25882018, 0), (-0.9659256, 0.25882018, 0), (-0.9659261, 0.25881788, 0), (-1, 0.000001028577, 0), (-0.9659261, 0.25881788, 0), (-1, -0.000001028577, 0), (-1, 0.000001028577, 0), (-1, 0.000001028577, 0), (-1, -0.000001028577, 0), (-0.9659261, -0.25881788, 0), (-1, -0.000001028577, 0), (-0.9659256, -0.25882018, 0), (-0.9659261, -0.25881788, 0), (-0.9659261, -0.25881788, 0), (-0.9659256, -0.25882018, 0), (-0.86602604, -0.4999988, 0), (-0.9659256, -0.25882018, 0), (-0.86602485, -0.500001, 0), (-0.86602604, -0.4999988, 0), (-0.86602604, -0.4999988, 0), (-0.86602485, -0.500001, 0), (-0.7071076, -0.707106, 0), (-0.86602485, -0.500001, 0), (-0.707106, -0.7071076, 0), (-0.7071076, -0.707106, 0), (-0.7071076, -0.707106, 0), (-0.707106, -0.7071076, 0), (-0.50000083, -0.866025, 0), (-0.707106, -0.7071076, 0), (-0.4999991, -0.866026, 0), (-0.50000083, -0.866025, 0), (-0.50000083, -0.866025, 0), (-0.4999991, -0.866026, 0), (-0.25882, -0.9659256, 0), (-0.4999991, -0.866026, 0), (-0.25881806, -0.9659261, 0), (-0.25882, -0.9659256, 0), (-0.25882, -0.9659256, 0), (-0.25881806, -0.9659261, 0), (-0.000028148293, -1, -0.0000062340605), (-0.25881806, -0.9659261, 0), (-0.000028163195, -1, 0.0000062636177), (-0.000028148293, -1, -0.0000062340605), (0, 0, 1), (0, 0, 1), (0, 0, 1), (0, 0, 1), (0, 0, 1), (0, 0, 1), (0, 0, 1), (0, 0, 1), (0, 0, 1), (0, 0, 1), (0, 0, 1), (0, 0, 1), (0, 0, 1), (0, 0, 1), (0, 0, 1), (-7.654175e-16, 0, 0.99999994), (-7.654175e-16, 0, 0.99999994), (-7.654175e-16, 0, 0.99999994), (0, 0, 0.99999994), (0, 0, 0.99999994), (0, 0, 0.99999994), (0, 0, 1), (0, 0, 1), (0, 0, 1), (0, 0, 0.99999994), (0, 0, 0.99999994), (0, 0, 0.99999994), (0, 0, 1), (0, 0, 1), (0, 0, 1), (0, 0, 1), (0, 0, 1), (0, 0, 1), (0, 0, 1), (0, 0, 1), (0, 0, 1), (0, 0, 1), (0, 0, 1), (0, 0, 1), (0, 0, 1), (0, 0, 1), (0, 0, 1), (0, 0, 1), (0, 0, 1), (0, 0, 1), (0, 0, 1), (0, 0, 1), (0, 0, 1), (0, 0, 1), (0, 0, 1), (0, 0, 1), (2.2962527e-15, 0, 0.99999994), (2.2962527e-15, 0, 0.99999994), (2.2962527e-15, 0, 0.99999994), (0, 0, 0.99999994), (0, 0, 0.99999994), (0, 0, 0.99999994), (0, 0, 1), (0, 0, 1), (0, 0, 1), (0, 0, 0.99999994), (0, 0, 0.99999994), (0, 0, 0.99999994), (0, 0, 1), (0, 0, 1), (0, 0, 1), (0, 0, 1), (0, 0, 1), (0, 0, 1), (0, 0, 1), (0, 0, 1), (0, 0, 1), (0, 0, -1), (0, 0, -1), (0, 0, -1), (0, 0, -1), (0, 0, -1), (0, 0, -1), (0, 0, -1), (0, 0, -1), (0, 0, -1), (0, 0, -0.99999994), (0, 0, -0.99999994), (0, 0, -0.99999994), (0, 0, -1), (0, 0, -1), (0, 0, -1), (0, 0, -0.99999994), (0, 0, -0.99999994), (0, 0, -0.99999994), (7.654175e-16, 0, -0.99999994), (7.654175e-16, 0, -0.99999994), (7.654175e-16, 0, -0.99999994), (0, 0, -1), (0, 0, -1), (0, 0, -1), (0, 0, -1), (0, 0, -1), (0, 0, -1), (0, 0, -1), (0, 0, -1), (0, 0, -1), (0, 0, -1), (0, 0, -1), (0, 0, -1), (0, 0, -1), (0, 0, -1), (0, 0, -1), (0, 0, -1), (0, 0, -1), (0, 0, -1), (0, 0, -1), (0, 0, -1), (0, 0, -1), (0, 0, -1), (0, 0, -1), (0, 0, -1), (0, 0, -0.99999994), (0, 0, -0.99999994), (0, 0, -0.99999994), (0, 0, -1), (0, 0, -1), (0, 0, -1), (0, 0, -0.99999994), (0, 0, -0.99999994), (0, 0, -0.99999994), (-2.2962527e-15, 0, -0.99999994), (-2.2962527e-15, 0, -0.99999994), (-2.2962527e-15, 0, -0.99999994), (0, 0, -1), (0, 0, -1), (0, 0, -1), (0, 0, -1), (0, 0, -1), (0, 0, -1), (0, 0, -1), (0, 0, -1), (0, 0, -1), (0, 0, -1), (0, 0, -1), (0, 0, -1), (0, 0, -1), (0, 0, -1), (0, 0, -1)] (
                    interpolation = "faceVarying"
                )
                point3f[] points = [(0, -0.34, 0.55), (0.08799847, -0.32841477, 0.55), (0.17, -0.29444864, 0.55), (0.2404163, -0.2404163, 0.55), (0.29444864, -0.17, 0.55), (0.32841477, -0.08799847, 0.55), (0.34, -2.0818996e-17, 0.55), (0.32841477, 0.08799847, 0.55), (0.29444864, 0.17, 0.55), (0.2404163, 0.2404163, 0.55), (0.17, 0.29444864, 0.55), (0.08799847, 0.32841477, 0.55), (4.1637992e-17, 0.34, 0.55), (-0.08799847, 0.32841477, 0.55), (-0.17, 0.29444864, 0.55), (-0.2404163, 0.2404163, 0.55), (-0.29444864, 0.17, 0.55), (-0.32841477, 0.08799847, 0.55), (-0.34, 6.245699e-17, 0.55), (-0.32841477, -0.08799847, 0.55), (-0.29444864, -0.17, 0.55), (-0.2404163, -0.2404163, 0.55), (-0.17, -0.29444864, 0.55), (-0.08799847, -0.32841477, 0.55), (-8.3275985e-17, -0.34, 0.55), (0, -0.34, -0.55), (0.08799847, -0.32841477, -0.55), (0.17, -0.29444864, -0.55), (0.2404163, -0.2404163, -0.55), (0.29444864, -0.17, -0.55), (0.32841477, -0.08799847, -0.55), (0.34, -2.0818996e-17, -0.55), (0.32841477, 0.08799847, -0.55), (0.29444864, 0.17, -0.55), (0.2404163, 0.2404163, -0.55), (0.17, 0.29444864, -0.55), (0.08799847, 0.32841477, -0.55), (4.1637992e-17, 0.34, -0.55), (-0.08799847, 0.32841477, -0.55), (-0.17, 0.29444864, -0.55), (-0.2404163, 0.2404163, -0.55), (-0.29444864, 0.17, -0.55), (-0.32841477, 0.08799847, -0.55), (-0.34, 6.245699e-17, -0.55), (-0.32841477, -0.08799847, -0.55), (-0.29444864, -0.17, -0.55), (-0.2404163, -0.2404163, -0.55), (-0.17, -0.29444864, -0.55), (-0.08799847, -0.32841477, -0.55), (-8.3275985e-17, -0.34, -0.55), (0, -0, 0.55), (0, -0, 0.55), (0, -0, 0.55), (0, -0, 0.55), (0, -0, 0.55), (0, -0, 0.55), (0, -0, 0.55), (0, -0, 0.55), (0, -0, 0.55), (0, -0, 0.55), (0, -0, 0.55), (0, -0, 0.55), (0, -0, 0.55), (0, -0, 0.55), (0, -0, 0.55), (0, -0, 0.55), (0, -0, 0.55), (0, -0, 0.55), (0, -0, 0.55), (0, -0, 0.55), (0, -0, 0.55), (0, -0, 0.55), (0, -0, 0.55), (0, -0, 0.55), (0, -0.34, 0.55), (0.08799847, -0.32841477, 0.55), (0.17, -0.29444864, 0.55), (0.2404163, -0.2404163, 0.55), (0.29444864, -0.17, 0.55), (0.32841477, -0.08799847, 0.55), (0.34, -2.0818996e-17, 0.55), (0.32841477, 0.08799847, 0.55), (0.29444864, 0.17, 0.55), (0.2404163, 0.2404163, 0.55), (0.17, 0.29444864, 0.55), (0.08799847, 0.32841477, 0.55), (4.1637992e-17, 0.34, 0.55), (-0.08799847, 0.32841477, 0.55), (-0.17, 0.29444864, 0.55), (-0.2404163, 0.2404163, 0.55), (-0.29444864, 0.17, 0.55), (-0.32841477, 0.08799847, 0.55), (-0.34, 6.245699e-17, 0.55), (-0.32841477, -0.08799847, 0.55), (-0.29444864, -0.17, 0.55), (-0.2404163, -0.2404163, 0.55), (-0.17, -0.29444864, 0.55), (-0.08799847, -0.32841477, 0.55), (-8.3275985e-17, -0.34, 0.55), (0, -0, -0.55), (0, -0, -0.55), (0, -0, -0.55), (0, -0, -0.55), (0, -0, -0.55), (0, -0, -0.55), (0, -0, -0.55), (0, -0, -0.55), (0, -0, -0.55), (0, -0, -0.55), (0, -0, -0.55), (0, -0, -0.55), (0, -0, -0.55), (0, -0, -0.55), (0, -0, -0.55), (0, -0, -0.55), (0, -0, -0.55), (0, -0, -0.55), (0, -0, -0.55), (0, -0, -0.55), (0, -0, -0.55), (0, -0, -0.55), (0, -0, -0.55), (0, -0, -0.55), (0, -0.34, -0.55), (0.08799847, -0.32841477, -0.55), (0.17, -0.29444864, -0.55), (0.2404163, -0.2404163, -0.55), (0.29444864, -0.17, -0.55), (0.32841477, -0.08799847, -0.55), (0.34, -2.0818996e-17, -0.55), (0.32841477, 0.08799847, -0.55), (0.29444864, 0.17, -0.55), (0.2404163, 0.2404163, -0.55), (0.17, 0.29444864, -0.55), (0.08799847, 0.32841477, -0.55), (4.1637992e-17, 0.34, -0.55), (-0.08799847, 0.32841477, -0.55), (-0.17, 0.29444864, -0.55), (-0.2404163, 0.2404163, -0.55), (-0.29444864, 0.17, -0.55), (-0.32841477, 0.08799847, -0.55), (-0.34, 6.245699e-17, -0.55), (-0.32841477, -0.08799847, -0.55), (-0.29444864, -0.17, -0.55), (-0.2404163, -0.2404163, -0.55), (-0.17, -0.29444864, -0.55), (-0.08799847, -0.32841477, -0.55), (-8.3275985e-17, -0.34, -0.55)]
                texCoord2f[] primvars:st = [(0, 0), (0, 1), (0.041666668, 0), (0, 1), (0.041666668, 1), (0.041666668, 0), (0.041666668, 0), (0.041666668, 1), (0.083333336, 0), (0.041666668, 1), (0.083333336, 1), (0.083333336, 0), (0.083333336, 0), (0.083333336, 1), (0.125, 0), (0.083333336, 1), (0.125, 1), (0.125, 0), (0.125, 0), (0.125, 1), (0.16666667, 0), (0.125, 1), (0.16666667, 1), (0.16666667, 0), (0.16666667, 0), (0.16666667, 1), (0.20833333, 0), (0.16666667, 1), (0.20833333, 1), (0.20833333, 0), (0.20833333, 0), (0.20833333, 1), (0.25, 0), (0.20833333, 1), (0.25, 1), (0.25, 0), (0.25, 0), (0.25, 1), (0.29166666, 0), (0.25, 1), (0.29166666, 1), (0.29166666, 0), (0.29166666, 0), (0.29166666, 1), (0.33333334, 0), (0.29166666, 1), (0.33333334, 1), (0.33333334, 0), (0.33333334, 0), (0.33333334, 1), (0.375, 0), (0.33333334, 1), (0.375, 1), (0.375, 0), (0.375, 0), (0.375, 1), (0.41666666, 0), (0.375, 1), (0.41666666, 1), (0.41666666, 0), (0.41666666, 0), (0.41666666, 1), (0.45833334, 0), (0.41666666, 1), (0.45833334, 1), (0.45833334, 0), (0.45833334, 0), (0.45833334, 1), (0.5, 0), (0.45833334, 1), (0.5, 1), (0.5, 0), (0.5, 0), (0.5, 1), (0.5416667, 0), (0.5, 1), (0.5416667, 1), (0.5416667, 0), (0.5416667, 0), (0.5416667, 1), (0.5833333, 0), (0.5416667, 1), (0.5833333, 1), (0.5833333, 0), (0.5833333, 0), (0.5833333, 1), (0.625, 0), (0.5833333, 1), (0.625, 1), (0.625, 0), (0.625, 0), (0.625, 1), (0.6666667, 0), (0.625, 1), (0.6666667, 1), (0.6666667, 0), (0.6666667, 0), (0.6666667, 1), (0.7083333, 0), (0.6666667, 1), (0.7083333, 1), (0.7083333, 0), (0.7083333, 0), (0.7083333, 1), (0.75, 0), (0.7083333, 1), (0.75, 1), (0.75, 0), (0.75, 0), (0.75, 1), (0.7916667, 0), (0.75, 1), (0.7916667, 1), (0.7916667, 0), (0.7916667, 0), (0.7916667, 1), (0.8333333, 0), (0.7916667, 1), (0.8333333, 1), (0.8333333, 0), (0.8333333, 0), (0.8333333, 1), (0.875, 0), (0.8333333, 1), (0.875, 1), (0.875, 0), (0.875, 0), (0.875, 1), (0.9166667, 0), (0.875, 1), (0.9166667, 1), (0.9166667, 0), (0.9166667, 0), (0.9166667, 1), (0.9583333, 0), (0.9166667, 1), (0.9583333, 1), (0.9583333, 0), (0.9583333, 0), (0.9583333, 1), (1, 0), (0.9583333, 1), (1, 1), (1, 0), (1, 0.5), (0.9829629, 0.37059045), (0.5, 0.5), (0.9829629, 0.37059045), (0.9330127, 0.25), (0.5, 0.5), (0.9330127, 0.25), (0.8535534, 0.14644659), (0.5, 0.5), (0.8535534, 0.14644659), (0.75, 0.066987276), (0.5, 0.5), (0.75, 0.066987276), (0.62940955, 0.017037094), (0.5, 0.5), (0.62940955, 0.017037094), (0.5, 0), (0.5, 0.5), (0.5, 0), (0.37059048, 0.017037094), (0.5, 0.5), (0.37059048, 0.017037094), (0.25, 0.066987276), (0.5, 0.5), (0.25, 0.066987276), (0.14644662, 0.14644659), (0.5, 0.5), (0.14644662, 0.14644659), (0.0669873, 0.25), (0.5, 0.5), (0.0669873, 0.25), (0.017037086, 0.37059045), (0.5, 0.5), (0.017037086, 0.37059045), (0, 0.5), (0.5, 0.5), (0, 0.5), (0.017037086, 0.62940955), (0.5, 0.5), (0.017037086, 0.62940955), (0.0669873, 0.75), (0.5, 0.5), (0.0669873, 0.75), (0.14644662, 0.8535534), (0.5, 0.5), (0.14644662, 0.8535534), (0.25, 0.9330127), (0.5, 0.5), (0.25, 0.9330127), (0.37059048, 0.9829629), (0.5, 0.5), (0.37059048, 0.9829629), (0.5, 1), (0.5, 0.5), (0.5, 1), (0.62940955, 0.9829629), (0.5, 0.5), (0.62940955, 0.9829629), (0.75, 0.9330127), (0.5, 0.5), (0.75, 0.9330127), (0.8535534, 0.8535534), (0.5, 0.5), (0.8535534, 0.8535534), (0.9330127, 0.75), (0.5, 0.5), (0.9330127, 0.75), (0.9829629, 0.62940955), (0.5, 0.5), (0.9829629, 0.62940955), (1, 0.5), (0.5, 0.5), (0.9829629, 0.62940955), (1, 0.5), (0.5, 0.5), (0.9330127, 0.75), (0.9829629, 0.62940955), (0.5, 0.5), (0.8535534, 0.8535534), (0.9330127, 0.75), (0.5, 0.5), (0.75, 0.9330127), (0.8535534, 0.8535534), (0.5, 0.5), (0.62940955, 0.9829629), (0.75, 0.9330127), (0.5, 0.5), (0.5, 1), (0.62940955, 0.9829629), (0.5, 0.5), (0.37059048, 0.9829629), (0.5, 1), (0.5, 0.5), (0.25, 0.9330127), (0.37059048, 0.9829629), (0.5, 0.5), (0.14644662, 0.8535534), (0.25, 0.9330127), (0.5, 0.5), (0.0669873, 0.75), (0.14644662, 0.8535534), (0.5, 0.5), (0.017037086, 0.62940955), (0.0669873, 0.75), (0.5, 0.5), (0, 0.5), (0.017037086, 0.62940955), (0.5, 0.5), (0.017037086, 0.37059045), (0, 0.5), (0.5, 0.5), (0.0669873, 0.25), (0.017037086, 0.37059045), (0.5, 0.5), (0.14644662, 0.14644659), (0.0669873, 0.25), (0.5, 0.5), (0.25, 0.066987276), (0.14644662, 0.14644659), (0.5, 0.5), (0.37059048, 0.017037094), (0.25, 0.066987276), (0.5, 0.5), (0.5, 0), (0.37059048, 0.017037094), (0.5, 0.5), (0.62940955, 0.017037094), (0.5, 0), (0.5, 0.5), (0.75, 0.066987276), (0.62940955, 0.017037094), (0.5, 0.5), (0.8535534, 0.14644659), (0.75, 0.066987276), (0.5, 0.5), (0.9330127, 0.25), (0.8535534, 0.14644659), (0.5, 0.5), (0.9829629, 0.37059045), (0.9330127, 0.25), (0.5, 0.5), (1, 0.5), (0.9829629, 0.37059045), (0.5, 0.5)] (
                    interpolation = "faceVarying"
                )
                uniform token subdivisionScheme = "none"
                custom string userProperties:blender:data_name = "Mesh_15.004"
            }
        }

        def Xform "stack_1"
        {
            custom string userProperties:blender:object_name = "stack_1"
            float3 xformOp:rotateXYZ = (0, -0, 0)
            float3 xformOp:scale = (1, 1, 1)
            double3 xformOp:translate = (-0.7200000286102295, 0, 1.1200000047683716)
            uniform token[] xformOpOrder = ["xformOp:translate", "xformOp:rotateXYZ", "xformOp:scale"]

            def Mesh "Mesh_8_007" (
                active = true
                prepend apiSchemas = ["MaterialBindingAPI"]
            )
            {
                uniform bool doubleSided = 0
                float3[] extent = [(-0.08, -0.4, -0.9), (0.08, 0.4, 0.9)]
                int[] faceVertexCounts = [3, 3, 3, 3, 3, 3, 3, 3, 3, 3, 3, 3]
                int[] faceVertexIndices = [0, 2, 1, 2, 3, 1, 4, 6, 5, 6, 7, 5, 8, 10, 9, 10, 11, 9, 12, 14, 13, 14, 15, 13, 16, 18, 17, 18, 19, 17, 20, 22, 21, 22, 23, 21]
                rel material:binding = </root/_materials/Material_8_007>
                normal3f[] normals = [(1, 0, 0), (1, 0, 0), (1, 0, 0), (1, 0, 0), (1, 0, 0), (1, 0, 0), (-1, 0, 0), (-1, 0, 0), (-1, 0, 0), (-1, 0, 0), (-1, 0, 0), (-1, 0, 0), (0, 0, 1), (0, 0, 1), (0, 0, 1), (0, 0, 1), (0, 0, 1), (0, 0, 1), (0, 0, -1), (0, 0, -1), (0, 0, -1), (0, 0, -1), (0, 0, -1), (0, 0, -1), (0, -1, 0), (0, -1, 0), (0, -1, 0), (0, -1, 0), (0, -1, 0), (0, -1, 0), (0, 1, 0), (0, 1, 0), (0, 1, 0), (0, 1, 0), (0, 1, 0), (0, 1, 0)] (
                    interpolation = "faceVarying"
                )
                point3f[] points = [(0.08, -0.4, 0.9), (0.08, 0.4, 0.9), (0.08, -0.4, -0.9), (0.08, 0.4, -0.9), (-0.08, 0.4, 0.9), (-0.08, -0.4, 0.9), (-0.08, 0.4, -0.9), (-0.08, -0.4, -0.9), (-0.08, 0.4, 0.9), (0.08, 0.4, 0.9), (-0.08, -0.4, 0.9), (0.08, -0.4, 0.9), (-0.08, -0.4, -0.9), (0.08, -0.4, -0.9), (-0.08, 0.4, -0.9), (0.08, 0.4, -0.9), (-0.08, -0.4, 0.9), (0.08, -0.4, 0.9), (-0.08, -0.4, -0.9), (0.08, -0.4, -0.9), (0.08, 0.4, 0.9), (-0.08, 0.4, 0.9), (0.08, 0.4, -0.9), (-0.08, 0.4, -0.9)]
                texCoord2f[] primvars:st = [(0, 0), (0, 1), (1, 0), (0, 1), (1, 1), (1, 0), (0, 0), (0, 1), (1, 0), (0, 1), (1, 1), (1, 0), (0, 0), (0, 1), (1, 0), (0, 1), (1, 1), (1, 0), (0, 0), (0, 1), (1, 0), (0, 1), (1, 1), (1, 0), (0, 0), (0, 1), (1, 0), (0, 1), (1, 1), (1, 0), (0, 0), (0, 1), (1, 0), (0, 1), (1, 1), (1, 0)] (
                    interpolation = "faceVarying"
                )
                uniform token subdivisionScheme = "none"
                custom string userProperties:blender:data_name = "Mesh_8.007"
            }
        }

        def Xform "stack_element_1_4"
        {
            custom string userProperties:blender:object_name = "stack_element_1_4"
            float3 xformOp:rotateXYZ = (0, -0, 0)
            float3 xformOp:scale = (1, 1, 1)
            double3 xformOp:translate = (-0.5899999737739563, -0.5299999713897705, 0.6499999761581421)
            uniform token[] xformOpOrder = ["xformOp:translate", "xformOp:rotateXYZ", "xformOp:scale"]

            def Mesh "Mesh_13_005" (
                active = true
                prepend apiSchemas = ["MaterialBindingAPI"]
            )
            {
                uniform bool doubleSided = 0
                float3[] extent = [(-0.0125, -0.02, -0.31), (0.0125, 0.02, 0.31)]
                int[] faceVertexCounts = [3, 3, 3, 3, 3, 3, 3, 3, 3, 3, 3, 3]
                int[] faceVertexIndices = [0, 2, 1, 2, 3, 1, 4, 6, 5, 6, 7, 5, 8, 10, 9, 10, 11, 9, 12, 14, 13, 14, 15, 13, 16, 18, 17, 18, 19, 17, 20, 22, 21, 22, 23, 21]
                rel material:binding = </root/_materials/Material_13_005>
                normal3f[] normals = [(1, 0, 0), (1, 0, 0), (1, 0, 0), (1, 0, 0), (1, 0, 0), (1, 0, 0), (-1, 0, 0), (-1, 0, 0), (-1, 0, 0), (-1, 0, 0), (-1, 0, 0), (-1, 0, 0), (0, 0, 1), (0, 0, 1), (0, 0, 1), (0, 0, 1), (0, 0, 1), (0, 0, 1), (0, 0, -1), (0, 0, -1), (0, 0, -1), (0, 0, -1), (0, 0, -1), (0, 0, -1), (0, -1, 0), (0, -1, 0), (0, -1, 0), (0, -1, 0), (0, -1, 0), (0, -1, 0), (0, 1, 0), (0, 1, 0), (0, 1, 0), (0, 1, 0), (0, 1, 0), (0, 1, 0)] (
                    interpolation = "faceVarying"
                )
                point3f[] points = [(0.0125, -0.02, 0.31), (0.0125, 0.02, 0.31), (0.0125, -0.02, -0.31), (0.0125, 0.02, -0.31), (-0.0125, 0.02, 0.31), (-0.0125, -0.02, 0.31), (-0.0125, 0.02, -0.31), (-0.0125, -0.02, -0.31), (-0.0125, 0.02, 0.31), (0.0125, 0.02, 0.31), (-0.0125, -0.02, 0.31), (0.0125, -0.02, 0.31), (-0.0125, -0.02, -0.31), (0.0125, -0.02, -0.31), (-0.0125, 0.02, -0.31), (0.0125, 0.02, -0.31), (-0.0125, -0.02, 0.31), (0.0125, -0.02, 0.31), (-0.0125, -0.02, -0.31), (0.0125, -0.02, -0.31), (0.0125, 0.02, 0.31), (-0.0125, 0.02, 0.31), (0.0125, 0.02, -0.31), (-0.0125, 0.02, -0.31)]
                texCoord2f[] primvars:st = [(0, 0), (0, 1), (1, 0), (0, 1), (1, 1), (1, 0), (0, 0), (0, 1), (1, 0), (0, 1), (1, 1), (1, 0), (0, 0), (0, 1), (1, 0), (0, 1), (1, 1), (1, 0), (0, 0), (0, 1), (1, 0), (0, 1), (1, 1), (1, 0), (0, 0), (0, 1), (1, 0), (0, 1), (1, 1), (1, 0), (0, 0), (0, 1), (1, 0), (0, 1), (1, 1), (1, 0)] (
                    interpolation = "faceVarying"
                )
                uniform token subdivisionScheme = "none"
                custom string userProperties:blender:data_name = "Mesh_13.005"
            }
        }

        def Xform "control_drawer_4_2"
        {
            custom string userProperties:blender:object_name = "control_drawer_4_2"
            float3 xformOp:rotateXYZ = (0, -0, 0)
            float3 xformOp:scale = (1, 1, 1)
            double3 xformOp:translate = (1.440000057220459, -0.5199999809265137, 0.8399999737739563)
            uniform token[] xformOpOrder = ["xformOp:translate", "xformOp:rotateXYZ", "xformOp:scale"]

            def Mesh "Mesh_20_002" (
                active = true
                prepend apiSchemas = ["MaterialBindingAPI"]
            )
            {
                uniform bool doubleSided = 0
                float3[] extent = [(-0.21, -0.015, -0.065), (0.21, 0.015, 0.065)]
                int[] faceVertexCounts = [3, 3, 3, 3, 3, 3, 3, 3, 3, 3, 3, 3]
                int[] faceVertexIndices = [0, 2, 1, 2, 3, 1, 4, 6, 5, 6, 7, 5, 8, 10, 9, 10, 11, 9, 12, 14, 13, 14, 15, 13, 16, 18, 17, 18, 19, 17, 20, 22, 21, 22, 23, 21]
                rel material:binding = </root/_materials/Material_20_002>
                normal3f[] normals = [(1, 0, 0), (1, 0, 0), (1, 0, 0), (1, 0, 0), (1, 0, 0), (1, 0, 0), (-1, 0, 0), (-1, 0, 0), (-1, 0, 0), (-1, 0, 0), (-1, 0, 0), (-1, 0, 0), (0, 0, 0.99999994), (0, 0, 0.99999994), (0, 0, 0.99999994), (0, 0, 0.99999994), (0, 0, 0.99999994), (0, 0, 0.99999994), (0, 0, -0.99999994), (0, 0, -0.99999994), (0, 0, -0.99999994), (0, 0, -0.99999994), (0, 0, -0.99999994), (0, 0, -0.99999994), (0, -1, 0), (0, -1, 0), (0, -1, 0), (0, -1, 0), (0, -1, 0), (0, -1, 0), (0, 1, 0), (0, 1, 0), (0, 1, 0), (0, 1, 0), (0, 1, 0), (0, 1, 0)] (
                    interpolation = "faceVarying"
                )
                point3f[] points = [(0.21, -0.015, 0.065), (0.21, 0.015, 0.065), (0.21, -0.015, -0.065), (0.21, 0.015, -0.065), (-0.21, 0.015, 0.065), (-0.21, -0.015, 0.065), (-0.21, 0.015, -0.065), (-0.21, -0.015, -0.065), (-0.21, 0.015, 0.065), (0.21, 0.015, 0.065), (-0.21, -0.015, 0.065), (0.21, -0.015, 0.065), (-0.21, -0.015, -0.065), (0.21, -0.015, -0.065), (-0.21, 0.015, -0.065), (0.21, 0.015, -0.065), (-0.21, -0.015, 0.065), (0.21, -0.015, 0.065), (-0.21, -0.015, -0.065), (0.21, -0.015, -0.065), (0.21, 0.015, 0.065), (-0.21, 0.015, 0.065), (0.21, 0.015, -0.065), (-0.21, 0.015, -0.065)]
                texCoord2f[] primvars:st = [(0, 0), (0, 1), (1, 0), (0, 1), (1, 1), (1, 0), (0, 0), (0, 1), (1, 0), (0, 1), (1, 1), (1, 0), (0, 0), (0, 1), (1, 0), (0, 1), (1, 1), (1, 0), (0, 0), (0, 1), (1, 0), (0, 1), (1, 1), (1, 0), (0, 0), (0, 1), (1, 0), (0, 1), (1, 1), (1, 0), (0, 0), (0, 1), (1, 0), (0, 1), (1, 1), (1, 0)] (
                    interpolation = "faceVarying"
                )
                uniform token subdivisionScheme = "none"
                custom string userProperties:blender:data_name = "Mesh_20.002"
            }
        }

        def Xform "stack_element_1_5"
        {
            custom string userProperties:blender:object_name = "stack_element_1_5"
            float3 xformOp:rotateXYZ = (0, -0, 0)
            float3 xformOp:scale = (1, 1, 1)
            double3 xformOp:translate = (-0.5, -0.5299999713897705, 0.6499999761581421)
            uniform token[] xformOpOrder = ["xformOp:translate", "xformOp:rotateXYZ", "xformOp:scale"]

            def Mesh "Mesh_14_004" (
                active = true
                prepend apiSchemas = ["MaterialBindingAPI"]
            )
            {
                uniform bool doubleSided = 0
                float3[] extent = [(-0.0125, -0.02, -0.31), (0.0125, 0.02, 0.31)]
                int[] faceVertexCounts = [3, 3, 3, 3, 3, 3, 3, 3, 3, 3, 3, 3]
                int[] faceVertexIndices = [0, 2, 1, 2, 3, 1, 4, 6, 5, 6, 7, 5, 8, 10, 9, 10, 11, 9, 12, 14, 13, 14, 15, 13, 16, 18, 17, 18, 19, 17, 20, 22, 21, 22, 23, 21]
                rel material:binding = </root/_materials/Material_14_004>
                normal3f[] normals = [(1, 0, 0), (1, 0, 0), (1, 0, 0), (1, 0, 0), (1, 0, 0), (1, 0, 0), (-1, 0, 0), (-1, 0, 0), (-1, 0, 0), (-1, 0, 0), (-1, 0, 0), (-1, 0, 0), (0, 0, 1), (0, 0, 1), (0, 0, 1), (0, 0, 1), (0, 0, 1), (0, 0, 1), (0, 0, -1), (0, 0, -1), (0, 0, -1), (0, 0, -1), (0, 0, -1), (0, 0, -1), (0, -1, 0), (0, -1, 0), (0, -1, 0), (0, -1, 0), (0, -1, 0), (0, -1, 0), (0, 1, 0), (0, 1, 0), (0, 1, 0), (0, 1, 0), (0, 1, 0), (0, 1, 0)] (
                    interpolation = "faceVarying"
                )
                point3f[] points = [(0.0125, -0.02, 0.31), (0.0125, 0.02, 0.31), (0.0125, -0.02, -0.31), (0.0125, 0.02, -0.31), (-0.0125, 0.02, 0.31), (-0.0125, -0.02, 0.31), (-0.0125, 0.02, -0.31), (-0.0125, -0.02, -0.31), (-0.0125, 0.02, 0.31), (0.0125, 0.02, 0.31), (-0.0125, -0.02, 0.31), (0.0125, -0.02, 0.31), (-0.0125, -0.02, -0.31), (0.0125, -0.02, -0.31), (-0.0125, 0.02, -0.31), (0.0125, 0.02, -0.31), (-0.0125, -0.02, 0.31), (0.0125, -0.02, 0.31), (-0.0125, -0.02, -0.31), (0.0125, -0.02, -0.31), (0.0125, 0.02, 0.31), (-0.0125, 0.02, 0.31), (0.0125, 0.02, -0.31), (-0.0125, 0.02, -0.31)]
                texCoord2f[] primvars:st = [(0, 0), (0, 1), (1, 0), (0, 1), (1, 1), (1, 0), (0, 0), (0, 1), (1, 0), (0, 1), (1, 1), (1, 0), (0, 0), (0, 1), (1, 0), (0, 1), (1, 1), (1, 0), (0, 0), (0, 1), (1, 0), (0, 1), (1, 1), (1, 0), (0, 0), (0, 1), (1, 0), (0, 1), (1, 1), (1, 0), (0, 0), (0, 1), (1, 0), (0, 1), (1, 1), (1, 0)] (
                    interpolation = "faceVarying"
                )
                uniform token subdivisionScheme = "none"
                custom string userProperties:blender:data_name = "Mesh_14.004"
            }
        }

        def Xform "separator_3"
        {
            custom string userProperties:blender:object_name = "separator_3"
            float3 xformOp:rotateXYZ = (0, -0, 0)
            float3 xformOp:scale = (1, 1, 1)
            double3 xformOp:translate = (0.7200000286102295, 0, 0.7699999809265137)
            uniform token[] xformOpOrder = ["xformOp:translate", "xformOp:rotateXYZ", "xformOp:scale"]

            def Mesh "Mesh_16_004" (
                active = true
                prepend apiSchemas = ["MaterialBindingAPI"]
            )
            {
                uniform bool doubleSided = 0
                float3[] extent = [(-0.34, -0.34, -0.55), (0.34, 0.34, 0.55)]
                int[] faceVertexCounts = [3, 3, 3, 3, 3, 3, 3, 3, 3, 3, 3, 3, 3, 3, 3, 3, 3, 3, 3, 3, 3, 3, 3, 3, 3, 3, 3, 3, 3, 3, 3, 3, 3, 3, 3, 3, 3, 3, 3, 3, 3, 3, 3, 3, 3, 3, 3, 3, 3, 3, 3, 3, 3, 3, 3, 3, 3, 3, 3, 3, 3, 3, 3, 3, 3, 3, 3, 3, 3, 3, 3, 3, 3, 3, 3, 3, 3, 3, 3, 3, 3, 3, 3, 3, 3, 3, 3, 3, 3, 3, 3, 3, 3, 3, 3, 3]
                int[] faceVertexIndices = [0, 25, 1, 25, 26, 1, 1, 26, 2, 26, 27, 2, 2, 27, 3, 27, 28, 3, 3, 28, 4, 28, 29, 4, 4, 29, 5, 29, 30, 5, 5, 30, 6, 30, 31, 6, 6, 31, 7, 31, 32, 7, 7, 32, 8, 32, 33, 8, 8, 33, 9, 33, 34, 9, 9, 34, 10, 34, 35, 10, 10, 35, 11, 35, 36, 11, 11, 36, 12, 36, 37, 12, 12, 37, 13, 37, 38, 13, 13, 38, 14, 38, 39, 14, 14, 39, 15, 39, 40, 15, 15, 40, 16, 40, 41, 16, 16, 41, 17, 41, 42, 17, 17, 42, 18, 42, 43, 18, 18, 43, 19, 43, 44, 19, 19, 44, 20, 44, 45, 20, 20, 45, 21, 45, 46, 21, 21, 46, 22, 46, 47, 22, 22, 47, 23, 47, 48, 23, 23, 48, 24, 48, 49, 24, 74, 75, 50, 75, 76, 51, 76, 77, 52, 77, 78, 53, 78, 79, 54, 79, 80, 55, 80, 81, 56, 81, 82, 57, 82, 83, 58, 83, 84, 59, 84, 85, 60, 85, 86, 61, 86, 87, 62, 87, 88, 63, 88, 89, 64, 89, 90, 65, 90, 91, 66, 91, 92, 67, 92, 93, 68, 93, 94, 69, 94, 95, 70, 95, 96, 71, 96, 97, 72, 97, 98, 73, 124, 123, 99, 125, 124, 100, 126, 125, 101, 127, 126, 102, 128, 127, 103, 129, 128, 104, 130, 129, 105, 131, 130, 106, 132, 131, 107, 133, 132, 108, 134, 133, 109, 135, 134, 110, 136, 135, 111, 137, 136, 112, 138, 137, 113, 139, 138, 114, 140, 139, 115, 141, 140, 116, 142, 141, 117, 143, 142, 118, 144, 143, 119, 145, 144, 120, 146, 145, 121, 147, 146, 122]
                rel material:binding = </root/_materials/Material_16_004>
                normal3f[] normals = [(0.000028163195, -1, -0.0000062636177), (0.000028148293, -1, 0.0000062340605), (0.25881806, -0.9659261, 0), (0.000028148293, -1, 0.0000062340605), (0.25882, -0.9659256, 0), (0.25881806, -0.9659261, 0), (0.25881806, -0.9659261, 0), (0.25882, -0.9659256, 0), (0.4999991, -0.866026, 0), (0.25882, -0.9659256, 0), (0.50000083, -0.866025, 0), (0.4999991, -0.866026, 0), (0.4999991, -0.866026, 0), (0.50000083, -0.866025, 0), (0.707106, -0.7071076, 0), (0.50000083, -0.866025, 0), (0.7071076, -0.707106, 0), (0.707106, -0.7071076, 0), (0.707106, -0.7071076, 0), (0.7071076, -0.707106, 0), (0.86602485, -0.500001, 0), (0.7071076, -0.707106, 0), (0.86602604, -0.4999988, 0), (0.86602485, -0.500001, 0), (0.86602485, -0.500001, 0), (0.86602604, -0.4999988, 0), (0.9659256, -0.25882018, 0), (0.86602604, -0.4999988, 0), (0.9659261, -0.25881788, 0), (0.9659256, -0.25882018, 0), (0.9659256, -0.25882018, 0), (0.9659261, -0.25881788, 0), (1, -0.000001028577, 0), (0.9659261, -0.25881788, 0), (1, 0.000001028577, 0), (1, -0.000001028577, 0), (1, -0.000001028577, 0), (1, 0.000001028577, 0), (0.9659261, 0.25881788, 0), (1, 0.000001028577, 0), (0.9659256, 0.25882018, 0), (0.9659261, 0.25881788, 0), (0.9659261, 0.25881788, 0), (0.9659256, 0.25882018, 0), (0.86602604, 0.4999988, 0), (0.9659256, 0.25882018, 0), (0.86602485, 0.500001, 0), (0.86602604, 0.4999988, 0), (0.86602604, 0.4999988, 0), (0.86602485, 0.500001, 0), (0.7071076, 0.707106, 0), (0.86602485, 0.500001, 0), (0.707106, 0.7071076, 0), (0.7071076, 0.707106, 0), (0.7071076, 0.707106, 0), (0.707106, 0.7071076, 0), (0.50000083, 0.866025, 0), (0.707106, 0.7071076, 0), (0.4999991, 0.866026, 0), (0.50000083, 0.866025, 0), (0.50000083, 0.866025, 0), (0.4999991, 0.866026, 0), (0.25882, 0.9659256, 0), (0.4999991, 0.866026, 0), (0.25881806, 0.9659261, 0), (0.25882, 0.9659256, 0), (0.25882, 0.9659256, 0), (0.25881806, 0.9659261, 0), (0.0000010285768, 1, 0), (0.25881806, 0.9659261, 0), (-0.0000010285768, 1, 0), (0.0000010285768, 1, 0), (0.0000010285768, 1, 0), (-0.0000010285768, 1, 0), (-0.25881806, 0.9659261, 0), (-0.0000010285768, 1, 0), (-0.25882, 0.9659256, 0), (-0.25881806, 0.9659261, 0), (-0.25881806, 0.9659261, 0), (-0.25882, 0.9659256, 0), (-0.4999991, 0.866026, 0), (-0.25882, 0.9659256, 0), (-0.50000083, 0.866025, 0), (-0.4999991, 0.866026, 0), (-0.4999991, 0.866026, 0), (-0.50000083, 0.866025, 0), (-0.707106, 0.7071076, 0), (-0.50000083, 0.866025, 0), (-0.7071076, 0.707106, 0), (-0.707106, 0.7071076, 0), (-0.707106, 0.7071076, 0), (-0.7071076, 0.707106, 0), (-0.86602485, 0.500001, 0), (-0.7071076, 0.707106, 0), (-0.86602604, 0.4999988, 0), (-0.86602485, 0.500001, 0), (-0.86602485, 0.500001, 0), (-0.86602604, 0.4999988, 0), (-0.9659256, 0.25882018, 0), (-0.86602604, 0.4999988, 0), (-0.9659261, 0.25881788, 0), (-0.9659256, 0.25882018, 0), (-0.9659256, 0.25882018, 0), (-0.9659261, 0.25881788, 0), (-1, 0.000001028577, 0), (-0.9659261, 0.25881788, 0), (-1, -0.000001028577, 0), (-1, 0.000001028577, 0), (-1, 0.000001028577, 0), (-1, -0.000001028577, 0), (-0.9659261, -0.25881788, 0), (-1, -0.000001028577, 0), (-0.9659256, -0.25882018, 0), (-0.9659261, -0.25881788, 0), (-0.9659261, -0.25881788, 0), (-0.9659256, -0.25882018, 0), (-0.86602604, -0.4999988, 0), (-0.9659256, -0.25882018, 0), (-0.86602485, -0.500001, 0), (-0.86602604, -0.4999988, 0), (-0.86602604, -0.4999988, 0), (-0.86602485, -0.500001, 0), (-0.7071076, -0.707106, 0), (-0.86602485, -0.500001, 0), (-0.707106, -0.7071076, 0), (-0.7071076, -0.707106, 0), (-0.7071076, -0.707106, 0), (-0.707106, -0.7071076, 0), (-0.50000083, -0.866025, 0), (-0.707106, -0.7071076, 0), (-0.4999991, -0.866026, 0), (-0.50000083, -0.866025, 0), (-0.50000083, -0.866025, 0), (-0.4999991, -0.866026, 0), (-0.25882, -0.9659256, 0), (-0.4999991, -0.866026, 0), (-0.25881806, -0.9659261, 0), (-0.25882, -0.9659256, 0), (-0.25882, -0.9659256, 0), (-0.25881806, -0.9659261, 0), (-0.000028148293, -1, -0.0000062340605), (-0.25881806, -0.9659261, 0), (-0.000028163195, -1, 0.0000062636177), (-0.000028148293, -1, -0.0000062340605), (0, 0, 1), (0, 0, 1), (0, 0, 1), (0, 0, 1), (0, 0, 1), (0, 0, 1), (0, 0, 1), (0, 0, 1), (0, 0, 1), (0, 0, 1), (0, 0, 1), (0, 0, 1), (0, 0, 1), (0, 0, 1), (0, 0, 1), (-7.654175e-16, 0, 0.99999994), (-7.654175e-16, 0, 0.99999994), (-7.654175e-16, 0, 0.99999994), (0, 0, 0.99999994), (0, 0, 0.99999994), (0, 0, 0.99999994), (0, 0, 1), (0, 0, 1), (0, 0, 1), (0, 0, 0.99999994), (0, 0, 0.99999994), (0, 0, 0.99999994), (0, 0, 1), (0, 0, 1), (0, 0, 1), (0, 0, 1), (0, 0, 1), (0, 0, 1), (0, 0, 1), (0, 0, 1), (0, 0, 1), (0, 0, 1), (0, 0, 1), (0, 0, 1), (0, 0, 1), (0, 0, 1), (0, 0, 1), (0, 0, 1), (0, 0, 1), (0, 0, 1), (0, 0, 1), (0, 0, 1), (0, 0, 1), (0, 0, 1), (0, 0, 1), (0, 0, 1), (2.2962527e-15, 0, 0.99999994), (2.2962527e-15, 0, 0.99999994), (2.2962527e-15, 0, 0.99999994), (0, 0, 0.99999994), (0, 0, 0.99999994), (0, 0, 0.99999994), (0, 0, 1), (0, 0, 1), (0, 0, 1), (0, 0, 0.99999994), (0, 0, 0.99999994), (0, 0, 0.99999994), (0, 0, 1), (0, 0, 1), (0, 0, 1), (0, 0, 1), (0, 0, 1), (0, 0, 1), (0, 0, 1), (0, 0, 1), (0, 0, 1), (0, 0, -1), (0, 0, -1), (0, 0, -1), (0, 0, -1), (0, 0, -1), (0, 0, -1), (0, 0, -1), (0, 0, -1), (0, 0, -1), (0, 0, -0.99999994), (0, 0, -0.99999994), (0, 0, -0.99999994), (0, 0, -1), (0, 0, -1), (0, 0, -1), (0, 0, -0.99999994), (0, 0, -0.99999994), (0, 0, -0.99999994), (7.654175e-16, 0, -0.99999994), (7.654175e-16, 0, -0.99999994), (7.654175e-16, 0, -0.99999994), (0, 0, -1), (0, 0, -1), (0, 0, -1), (0, 0, -1), (0, 0, -1), (0, 0, -1), (0, 0, -1), (0, 0, -1), (0, 0, -1), (0, 0, -1), (0, 0, -1), (0, 0, -1), (0, 0, -1), (0, 0, -1), (0, 0, -1), (0, 0, -1), (0, 0, -1), (0, 0, -1), (0, 0, -1), (0, 0, -1), (0, 0, -1), (0, 0, -1), (0, 0, -1), (0, 0, -1), (0, 0, -0.99999994), (0, 0, -0.99999994), (0, 0, -0.99999994), (0, 0, -1), (0, 0, -1), (0, 0, -1), (0, 0, -0.99999994), (0, 0, -0.99999994), (0, 0, -0.99999994), (-2.2962527e-15, 0, -0.99999994), (-2.2962527e-15, 0, -0.99999994), (-2.2962527e-15, 0, -0.99999994), (0, 0, -1), (0, 0, -1), (0, 0, -1), (0, 0, -1), (0, 0, -1), (0, 0, -1), (0, 0, -1), (0, 0, -1), (0, 0, -1), (0, 0, -1), (0, 0, -1), (0, 0, -1), (0, 0, -1), (0, 0, -1), (0, 0, -1)] (
                    interpolation = "faceVarying"
                )
                point3f[] points = [(0, -0.34, 0.55), (0.08799847, -0.32841477, 0.55), (0.17, -0.29444864, 0.55), (0.2404163, -0.2404163, 0.55), (0.29444864, -0.17, 0.55), (0.32841477, -0.08799847, 0.55), (0.34, -2.0818996e-17, 0.55), (0.32841477, 0.08799847, 0.55), (0.29444864, 0.17, 0.55), (0.2404163, 0.2404163, 0.55), (0.17, 0.29444864, 0.55), (0.08799847, 0.32841477, 0.55), (4.1637992e-17, 0.34, 0.55), (-0.08799847, 0.32841477, 0.55), (-0.17, 0.29444864, 0.55), (-0.2404163, 0.2404163, 0.55), (-0.29444864, 0.17, 0.55), (-0.32841477, 0.08799847, 0.55), (-0.34, 6.245699e-17, 0.55), (-0.32841477, -0.08799847, 0.55), (-0.29444864, -0.17, 0.55), (-0.2404163, -0.2404163, 0.55), (-0.17, -0.29444864, 0.55), (-0.08799847, -0.32841477, 0.55), (-8.3275985e-17, -0.34, 0.55), (0, -0.34, -0.55), (0.08799847, -0.32841477, -0.55), (0.17, -0.29444864, -0.55), (0.2404163, -0.2404163, -0.55), (0.29444864, -0.17, -0.55), (0.32841477, -0.08799847, -0.55), (0.34, -2.0818996e-17, -0.55), (0.32841477, 0.08799847, -0.55), (0.29444864, 0.17, -0.55), (0.2404163, 0.2404163, -0.55), (0.17, 0.29444864, -0.55), (0.08799847, 0.32841477, -0.55), (4.1637992e-17, 0.34, -0.55), (-0.08799847, 0.32841477, -0.55), (-0.17, 0.29444864, -0.55), (-0.2404163, 0.2404163, -0.55), (-0.29444864, 0.17, -0.55), (-0.32841477, 0.08799847, -0.55), (-0.34, 6.245699e-17, -0.55), (-0.32841477, -0.08799847, -0.55), (-0.29444864, -0.17, -0.55), (-0.2404163, -0.2404163, -0.55), (-0.17, -0.29444864, -0.55), (-0.08799847, -0.32841477, -0.55), (-8.3275985e-17, -0.34, -0.55), (0, -0, 0.55), (0, -0, 0.55), (0, -0, 0.55), (0, -0, 0.55), (0, -0, 0.55), (0, -0, 0.55), (0, -0, 0.55), (0, -0, 0.55), (0, -0, 0.55), (0, -0, 0.55), (0, -0, 0.55), (0, -0, 0.55), (0, -0, 0.55), (0, -0, 0.55), (0, -0, 0.55), (0, -0, 0.55), (0, -0, 0.55), (0, -0, 0.55), (0, -0, 0.55), (0, -0, 0.55), (0, -0, 0.55), (0, -0, 0.55), (0, -0, 0.55), (0, -0, 0.55), (0, -0.34, 0.55), (0.08799847, -0.32841477, 0.55), (0.17, -0.29444864, 0.55), (0.2404163, -0.2404163, 0.55), (0.29444864, -0.17, 0.55), (0.32841477, -0.08799847, 0.55), (0.34, -2.0818996e-17, 0.55), (0.32841477, 0.08799847, 0.55), (0.29444864, 0.17, 0.55), (0.2404163, 0.2404163, 0.55), (0.17, 0.29444864, 0.55), (0.08799847, 0.32841477, 0.55), (4.1637992e-17, 0.34, 0.55), (-0.08799847, 0.32841477, 0.55), (-0.17, 0.29444864, 0.55), (-0.2404163, 0.2404163, 0.55), (-0.29444864, 0.17, 0.55), (-0.32841477, 0.08799847, 0.55), (-0.34, 6.245699e-17, 0.55), (-0.32841477, -0.08799847, 0.55), (-0.29444864, -0.17, 0.55), (-0.2404163, -0.2404163, 0.55), (-0.17, -0.29444864, 0.55), (-0.08799847, -0.32841477, 0.55), (-8.3275985e-17, -0.34, 0.55), (0, -0, -0.55), (0, -0, -0.55), (0, -0, -0.55), (0, -0, -0.55), (0, -0, -0.55), (0, -0, -0.55), (0, -0, -0.55), (0, -0, -0.55), (0, -0, -0.55), (0, -0, -0.55), (0, -0, -0.55), (0, -0, -0.55), (0, -0, -0.55), (0, -0, -0.55), (0, -0, -0.55), (0, -0, -0.55), (0, -0, -0.55), (0, -0, -0.55), (0, -0, -0.55), (0, -0, -0.55), (0, -0, -0.55), (0, -0, -0.55), (0, -0, -0.55), (0, -0, -0.55), (0, -0.34, -0.55), (0.08799847, -0.32841477, -0.55), (0.17, -0.29444864, -0.55), (0.2404163, -0.2404163, -0.55), (0.29444864, -0.17, -0.55), (0.32841477, -0.08799847, -0.55), (0.34, -2.0818996e-17, -0.55), (0.32841477, 0.08799847, -0.55), (0.29444864, 0.17, -0.55), (0.2404163, 0.2404163, -0.55), (0.17, 0.29444864, -0.55), (0.08799847, 0.32841477, -0.55), (4.1637992e-17, 0.34, -0.55), (-0.08799847, 0.32841477, -0.55), (-0.17, 0.29444864, -0.55), (-0.2404163, 0.2404163, -0.55), (-0.29444864, 0.17, -0.55), (-0.32841477, 0.08799847, -0.55), (-0.34, 6.245699e-17, -0.55), (-0.32841477, -0.08799847, -0.55), (-0.29444864, -0.17, -0.55), (-0.2404163, -0.2404163, -0.55), (-0.17, -0.29444864, -0.55), (-0.08799847, -0.32841477, -0.55), (-8.3275985e-17, -0.34, -0.55)]
                texCoord2f[] primvars:st = [(0, 0), (0, 1), (0.041666668, 0), (0, 1), (0.041666668, 1), (0.041666668, 0), (0.041666668, 0), (0.041666668, 1), (0.083333336, 0), (0.041666668, 1), (0.083333336, 1), (0.083333336, 0), (0.083333336, 0), (0.083333336, 1), (0.125, 0), (0.083333336, 1), (0.125, 1), (0.125, 0), (0.125, 0), (0.125, 1), (0.16666667, 0), (0.125, 1), (0.16666667, 1), (0.16666667, 0), (0.16666667, 0), (0.16666667, 1), (0.20833333, 0), (0.16666667, 1), (0.20833333, 1), (0.20833333, 0), (0.20833333, 0), (0.20833333, 1), (0.25, 0), (0.20833333, 1), (0.25, 1), (0.25, 0), (0.25, 0), (0.25, 1), (0.29166666, 0), (0.25, 1), (0.29166666, 1), (0.29166666, 0), (0.29166666, 0), (0.29166666, 1), (0.33333334, 0), (0.29166666, 1), (0.33333334, 1), (0.33333334, 0), (0.33333334, 0), (0.33333334, 1), (0.375, 0), (0.33333334, 1), (0.375, 1), (0.375, 0), (0.375, 0), (0.375, 1), (0.41666666, 0), (0.375, 1), (0.41666666, 1), (0.41666666, 0), (0.41666666, 0), (0.41666666, 1), (0.45833334, 0), (0.41666666, 1), (0.45833334, 1), (0.45833334, 0), (0.45833334, 0), (0.45833334, 1), (0.5, 0), (0.45833334, 1), (0.5, 1), (0.5, 0), (0.5, 0), (0.5, 1), (0.5416667, 0), (0.5, 1), (0.5416667, 1), (0.5416667, 0), (0.5416667, 0), (0.5416667, 1), (0.5833333, 0), (0.5416667, 1), (0.5833333, 1), (0.5833333, 0), (0.5833333, 0), (0.5833333, 1), (0.625, 0), (0.5833333, 1), (0.625, 1), (0.625, 0), (0.625, 0), (0.625, 1), (0.6666667, 0), (0.625, 1), (0.6666667, 1), (0.6666667, 0), (0.6666667, 0), (0.6666667, 1), (0.7083333, 0), (0.6666667, 1), (0.7083333, 1), (0.7083333, 0), (0.7083333, 0), (0.7083333, 1), (0.75, 0), (0.7083333, 1), (0.75, 1), (0.75, 0), (0.75, 0), (0.75, 1), (0.7916667, 0), (0.75, 1), (0.7916667, 1), (0.7916667, 0), (0.7916667, 0), (0.7916667, 1), (0.8333333, 0), (0.7916667, 1), (0.8333333, 1), (0.8333333, 0), (0.8333333, 0), (0.8333333, 1), (0.875, 0), (0.8333333, 1), (0.875, 1), (0.875, 0), (0.875, 0), (0.875, 1), (0.9166667, 0), (0.875, 1), (0.9166667, 1), (0.9166667, 0), (0.9166667, 0), (0.9166667, 1), (0.9583333, 0), (0.9166667, 1), (0.9583333, 1), (0.9583333, 0), (0.9583333, 0), (0.9583333, 1), (1, 0), (0.9583333, 1), (1, 1), (1, 0), (1, 0.5), (0.9829629, 0.37059045), (0.5, 0.5), (0.9829629, 0.37059045), (0.9330127, 0.25), (0.5, 0.5), (0.9330127, 0.25), (0.8535534, 0.14644659), (0.5, 0.5), (0.8535534, 0.14644659), (0.75, 0.066987276), (0.5, 0.5), (0.75, 0.066987276), (0.62940955, 0.017037094), (0.5, 0.5), (0.62940955, 0.017037094), (0.5, 0), (0.5, 0.5), (0.5, 0), (0.37059048, 0.017037094), (0.5, 0.5), (0.37059048, 0.017037094), (0.25, 0.066987276), (0.5, 0.5), (0.25, 0.066987276), (0.14644662, 0.14644659), (0.5, 0.5), (0.14644662, 0.14644659), (0.0669873, 0.25), (0.5, 0.5), (0.0669873, 0.25), (0.017037086, 0.37059045), (0.5, 0.5), (0.017037086, 0.37059045), (0, 0.5), (0.5, 0.5), (0, 0.5), (0.017037086, 0.62940955), (0.5, 0.5), (0.017037086, 0.62940955), (0.0669873, 0.75), (0.5, 0.5), (0.0669873, 0.75), (0.14644662, 0.8535534), (0.5, 0.5), (0.14644662, 0.8535534), (0.25, 0.9330127), (0.5, 0.5), (0.25, 0.9330127), (0.37059048, 0.9829629), (0.5, 0.5), (0.37059048, 0.9829629), (0.5, 1), (0.5, 0.5), (0.5, 1), (0.62940955, 0.9829629), (0.5, 0.5), (0.62940955, 0.9829629), (0.75, 0.9330127), (0.5, 0.5), (0.75, 0.9330127), (0.8535534, 0.8535534), (0.5, 0.5), (0.8535534, 0.8535534), (0.9330127, 0.75), (0.5, 0.5), (0.9330127, 0.75), (0.9829629, 0.62940955), (0.5, 0.5), (0.9829629, 0.62940955), (1, 0.5), (0.5, 0.5), (0.9829629, 0.62940955), (1, 0.5), (0.5, 0.5), (0.9330127, 0.75), (0.9829629, 0.62940955), (0.5, 0.5), (0.8535534, 0.8535534), (0.9330127, 0.75), (0.5, 0.5), (0.75, 0.9330127), (0.8535534, 0.8535534), (0.5, 0.5), (0.62940955, 0.9829629), (0.75, 0.9330127), (0.5, 0.5), (0.5, 1), (0.62940955, 0.9829629), (0.5, 0.5), (0.37059048, 0.9829629), (0.5, 1), (0.5, 0.5), (0.25, 0.9330127), (0.37059048, 0.9829629), (0.5, 0.5), (0.14644662, 0.8535534), (0.25, 0.9330127), (0.5, 0.5), (0.0669873, 0.75), (0.14644662, 0.8535534), (0.5, 0.5), (0.017037086, 0.62940955), (0.0669873, 0.75), (0.5, 0.5), (0, 0.5), (0.017037086, 0.62940955), (0.5, 0.5), (0.017037086, 0.37059045), (0, 0.5), (0.5, 0.5), (0.0669873, 0.25), (0.017037086, 0.37059045), (0.5, 0.5), (0.14644662, 0.14644659), (0.0669873, 0.25), (0.5, 0.5), (0.25, 0.066987276), (0.14644662, 0.14644659), (0.5, 0.5), (0.37059048, 0.017037094), (0.25, 0.066987276), (0.5, 0.5), (0.5, 0), (0.37059048, 0.017037094), (0.5, 0.5), (0.62940955, 0.017037094), (0.5, 0), (0.5, 0.5), (0.75, 0.066987276), (0.62940955, 0.017037094), (0.5, 0.5), (0.8535534, 0.14644659), (0.75, 0.066987276), (0.5, 0.5), (0.9330127, 0.25), (0.8535534, 0.14644659), (0.5, 0.5), (0.9829629, 0.37059045), (0.9330127, 0.25), (0.5, 0.5), (1, 0.5), (0.9829629, 0.37059045), (0.5, 0.5)] (
                    interpolation = "faceVarying"
                )
                uniform token subdivisionScheme = "none"
                custom string userProperties:blender:data_name = "Mesh_16.004"
            }
        }

        def Xform "control_drawer_4_3"
        {
            custom string userProperties:blender:object_name = "control_drawer_4_3"
            float3 xformOp:rotateXYZ = (0, -0, 0)
            float3 xformOp:scale = (1, 1, 1)
            double3 xformOp:translate = (1.440000057220459, -0.5199999809265137, 1.0700000524520874)
            uniform token[] xformOpOrder = ["xformOp:translate", "xformOp:rotateXYZ", "xformOp:scale"]

            def Mesh "Mesh_21_002" (
                active = true
                prepend apiSchemas = ["MaterialBindingAPI"]
            )
            {
                uniform bool doubleSided = 0
                float3[] extent = [(-0.21, -0.015, -0.065), (0.21, 0.015, 0.065)]
                int[] faceVertexCounts = [3, 3, 3, 3, 3, 3, 3, 3, 3, 3, 3, 3]
                int[] faceVertexIndices = [0, 2, 1, 2, 3, 1, 4, 6, 5, 6, 7, 5, 8, 10, 9, 10, 11, 9, 12, 14, 13, 14, 15, 13, 16, 18, 17, 18, 19, 17, 20, 22, 21, 22, 23, 21]
                rel material:binding = </root/_materials/Material_21_002>
                normal3f[] normals = [(1, 0, 0), (1, 0, 0), (1, 0, 0), (1, 0, 0), (1, 0, 0), (1, 0, 0), (-1, 0, 0), (-1, 0, 0), (-1, 0, 0), (-1, 0, 0), (-1, 0, 0), (-1, 0, 0), (0, 0, 0.99999994), (0, 0, 0.99999994), (0, 0, 0.99999994), (0, 0, 0.99999994), (0, 0, 0.99999994), (0, 0, 0.99999994), (0, 0, -0.99999994), (0, 0, -0.99999994), (0, 0, -0.99999994), (0, 0, -0.99999994), (0, 0, -0.99999994), (0, 0, -0.99999994), (0, -1, 0), (0, -1, 0), (0, -1, 0), (0, -1, 0), (0, -1, 0), (0, -1, 0), (0, 1, 0), (0, 1, 0), (0, 1, 0), (0, 1, 0), (0, 1, 0), (0, 1, 0)] (
                    interpolation = "faceVarying"
                )
                point3f[] points = [(0.21, -0.015, 0.065), (0.21, 0.015, 0.065), (0.21, -0.015, -0.065), (0.21, 0.015, -0.065), (-0.21, 0.015, 0.065), (-0.21, -0.015, 0.065), (-0.21, 0.015, -0.065), (-0.21, -0.015, -0.065), (-0.21, 0.015, 0.065), (0.21, 0.015, 0.065), (-0.21, -0.015, 0.065), (0.21, -0.015, 0.065), (-0.21, -0.015, -0.065), (0.21, -0.015, -0.065), (-0.21, 0.015, -0.065), (0.21, 0.015, -0.065), (-0.21, -0.015, 0.065), (0.21, -0.015, 0.065), (-0.21, -0.015, -0.065), (0.21, -0.015, -0.065), (0.21, 0.015, 0.065), (-0.21, 0.015, 0.065), (0.21, 0.015, -0.065), (-0.21, 0.015, -0.065)]
                texCoord2f[] primvars:st = [(0, 0), (0, 1), (1, 0), (0, 1), (1, 1), (1, 0), (0, 0), (0, 1), (1, 0), (0, 1), (1, 1), (1, 0), (0, 0), (0, 1), (1, 0), (0, 1), (1, 1), (1, 0), (0, 0), (0, 1), (1, 0), (0, 1), (1, 1), (1, 0), (0, 0), (0, 1), (1, 0), (0, 1), (1, 1), (1, 0), (0, 0), (0, 1), (1, 0), (0, 1), (1, 1), (1, 0)] (
                    interpolation = "faceVarying"
                )
                uniform token subdivisionScheme = "none"
                custom string userProperties:blender:data_name = "Mesh_21.002"
            }
        }

        def Xform "stack_element_1_0"
        {
            custom string userProperties:blender:object_name = "stack_element_1_0"
            float3 xformOp:rotateXYZ = (0, -0, 0)
            float3 xformOp:scale = (1, 1, 1)
            double3 xformOp:translate = (-0.949999988079071, -0.5299999713897705, 0.6499999761581421)
            uniform token[] xformOpOrder = ["xformOp:translate", "xformOp:rotateXYZ", "xformOp:scale"]

            def Mesh "Mesh_9_007" (
                active = true
                prepend apiSchemas = ["MaterialBindingAPI"]
            )
            {
                uniform bool doubleSided = 0
                float3[] extent = [(-0.0125, -0.02, -0.31), (0.0125, 0.02, 0.31)]
                int[] faceVertexCounts = [3, 3, 3, 3, 3, 3, 3, 3, 3, 3, 3, 3]
                int[] faceVertexIndices = [0, 2, 1, 2, 3, 1, 4, 6, 5, 6, 7, 5, 8, 10, 9, 10, 11, 9, 12, 14, 13, 14, 15, 13, 16, 18, 17, 18, 19, 17, 20, 22, 21, 22, 23, 21]
                rel material:binding = </root/_materials/Material_9_007>
                normal3f[] normals = [(1, 0, 0), (1, 0, 0), (1, 0, 0), (1, 0, 0), (1, 0, 0), (1, 0, 0), (-1, 0, 0), (-1, 0, 0), (-1, 0, 0), (-1, 0, 0), (-1, 0, 0), (-1, 0, 0), (0, 0, 1), (0, 0, 1), (0, 0, 1), (0, 0, 1), (0, 0, 1), (0, 0, 1), (0, 0, -1), (0, 0, -1), (0, 0, -1), (0, 0, -1), (0, 0, -1), (0, 0, -1), (0, -1, 0), (0, -1, 0), (0, -1, 0), (0, -1, 0), (0, -1, 0), (0, -1, 0), (0, 1, 0), (0, 1, 0), (0, 1, 0), (0, 1, 0), (0, 1, 0), (0, 1, 0)] (
                    interpolation = "faceVarying"
                )
                point3f[] points = [(0.0125, -0.02, 0.31), (0.0125, 0.02, 0.31), (0.0125, -0.02, -0.31), (0.0125, 0.02, -0.31), (-0.0125, 0.02, 0.31), (-0.0125, -0.02, 0.31), (-0.0125, 0.02, -0.31), (-0.0125, -0.02, -0.31), (-0.0125, 0.02, 0.31), (0.0125, 0.02, 0.31), (-0.0125, -0.02, 0.31), (0.0125, -0.02, 0.31), (-0.0125, -0.02, -0.31), (0.0125, -0.02, -0.31), (-0.0125, 0.02, -0.31), (0.0125, 0.02, -0.31), (-0.0125, -0.02, 0.31), (0.0125, -0.02, 0.31), (-0.0125, -0.02, -0.31), (0.0125, -0.02, -0.31), (0.0125, 0.02, 0.31), (-0.0125, 0.02, 0.31), (0.0125, 0.02, -0.31), (-0.0125, 0.02, -0.31)]
                texCoord2f[] primvars:st = [(0, 0), (0, 1), (1, 0), (0, 1), (1, 1), (1, 0), (0, 0), (0, 1), (1, 0), (0, 1), (1, 1), (1, 0), (0, 0), (0, 1), (1, 0), (0, 1), (1, 1), (1, 0), (0, 0), (0, 1), (1, 0), (0, 1), (1, 1), (1, 0), (0, 0), (0, 1), (1, 0), (0, 1), (1, 1), (1, 0), (0, 0), (0, 1), (1, 0), (0, 1), (1, 1), (1, 0)] (
                    interpolation = "faceVarying"
                )
                uniform token subdivisionScheme = "none"
                custom string userProperties:blender:data_name = "Mesh_9.007"
            }
        }

        def Xform "display"
        {
            custom string userProperties:blender:object_name = "display"
            float3 xformOp:rotateXYZ = (0, -0, 0)
            float3 xformOp:scale = (1, 1, 1)
            double3 xformOp:translate = (1.600000023841858, -0.9549999833106995, 1)
            uniform token[] xformOpOrder = ["xformOp:translate", "xformOp:rotateXYZ", "xformOp:scale"]

            def Mesh "Mesh_24_002" (
                active = true
                prepend apiSchemas = ["MaterialBindingAPI"]
            )
            {
                uniform bool doubleSided = 0
                float3[] extent = [(-0.13, -0.01, -0.1), (0.13, 0.01, 0.1)]
                int[] faceVertexCounts = [3, 3, 3, 3, 3, 3, 3, 3, 3, 3, 3, 3]
                int[] faceVertexIndices = [0, 2, 1, 2, 3, 1, 4, 6, 5, 6, 7, 5, 8, 10, 9, 10, 11, 9, 12, 14, 13, 14, 15, 13, 16, 18, 17, 18, 19, 17, 20, 22, 21, 22, 23, 21]
                rel material:binding = </root/_materials/Material_24_002>
                normal3f[] normals = [(1, 0, 0), (1, 0, 0), (1, 0, 0), (1, 0, 0), (1, 0, 0), (1, 0, 0), (-1, 0, 0), (-1, 0, 0), (-1, 0, 0), (-1, 0, 0), (-1, 0, 0), (-1, 0, 0), (0, 0, 1), (0, 0, 1), (0, 0, 1), (0, 0, 1), (0, 0, 1), (0, 0, 1), (0, 0, -1), (0, 0, -1), (0, 0, -1), (0, 0, -1), (0, 0, -1), (0, 0, -1), (0, -1, 0), (0, -1, 0), (0, -1, 0), (0, -1, 0), (0, -1, 0), (0, -1, 0), (0, 1, 0), (0, 1, 0), (0, 1, 0), (0, 1, 0), (0, 1, 0), (0, 1, 0)] (
                    interpolation = "faceVarying"
                )
                point3f[] points = [(0.13, -0.01, 0.1), (0.13, 0.01, 0.1), (0.13, -0.01, -0.1), (0.13, 0.01, -0.1), (-0.13, 0.01, 0.1), (-0.13, -0.01, 0.1), (-0.13, 0.01, -0.1), (-0.13, -0.01, -0.1), (-0.13, 0.01, 0.1), (0.13, 0.01, 0.1), (-0.13, -0.01, 0.1), (0.13, -0.01, 0.1), (-0.13, -0.01, -0.1), (0.13, -0.01, -0.1), (-0.13, 0.01, -0.1), (0.13, 0.01, -0.1), (-0.13, -0.01, 0.1), (0.13, -0.01, 0.1), (-0.13, -0.01, -0.1), (0.13, -0.01, -0.1), (0.13, 0.01, 0.1), (-0.13, 0.01, 0.1), (0.13, 0.01, -0.1), (-0.13, 0.01, -0.1)]
                texCoord2f[] primvars:st = [(0, 0), (0, 1), (1, 0), (0, 1), (1, 1), (1, 0), (0, 0), (0, 1), (1, 0), (0, 1), (1, 1), (1, 0), (0, 0), (0, 1), (1, 0), (0, 1), (1, 1), (1, 0), (0, 0), (0, 1), (1, 0), (0, 1), (1, 1), (1, 0), (0, 0), (0, 1), (1, 0), (0, 1), (1, 1), (1, 0), (0, 0), (0, 1), (1, 0), (0, 1), (1, 1), (1, 0)] (
                    interpolation = "faceVarying"
                )
                uniform token subdivisionScheme = "none"
                custom string userProperties:blender:data_name = "Mesh_24.002"
            }
        }

        def Xform "stack_0"
        {
            custom string userProperties:blender:object_name = "stack_0"
            float3 xformOp:rotateXYZ = (0, -0, 0)
            float3 xformOp:scale = (1, 1, 1)
            double3 xformOp:translate = (-1.440000057220459, 0, 1.1200000047683716)
            uniform token[] xformOpOrder = ["xformOp:translate", "xformOp:rotateXYZ", "xformOp:scale"]

            def Mesh "Mesh_1_010" (
                active = true
                prepend apiSchemas = ["MaterialBindingAPI"]
            )
            {
                uniform bool doubleSided = 0
                float3[] extent = [(-0.08, -0.4, -0.9), (0.08, 0.4, 0.9)]
                int[] faceVertexCounts = [3, 3, 3, 3, 3, 3, 3, 3, 3, 3, 3, 3]
                int[] faceVertexIndices = [0, 2, 1, 2, 3, 1, 4, 6, 5, 6, 7, 5, 8, 10, 9, 10, 11, 9, 12, 14, 13, 14, 15, 13, 16, 18, 17, 18, 19, 17, 20, 22, 21, 22, 23, 21]
                rel material:binding = </root/_materials/Material_1_010>
                normal3f[] normals = [(1, 0, 0), (1, 0, 0), (1, 0, 0), (1, 0, 0), (1, 0, 0), (1, 0, 0), (-1, 0, 0), (-1, 0, 0), (-1, 0, 0), (-1, 0, 0), (-1, 0, 0), (-1, 0, 0), (0, 0, 1), (0, 0, 1), (0, 0, 1), (0, 0, 1), (0, 0, 1), (0, 0, 1), (0, 0, -1), (0, 0, -1), (0, 0, -1), (0, 0, -1), (0, 0, -1), (0, 0, -1), (0, -1, 0), (0, -1, 0), (0, -1, 0), (0, -1, 0), (0, -1, 0), (0, -1, 0), (0, 1, 0), (0, 1, 0), (0, 1, 0), (0, 1, 0), (0, 1, 0), (0, 1, 0)] (
                    interpolation = "faceVarying"
                )
                point3f[] points = [(0.08, -0.4, 0.9), (0.08, 0.4, 0.9), (0.08, -0.4, -0.9), (0.08, 0.4, -0.9), (-0.08, 0.4, 0.9), (-0.08, -0.4, 0.9), (-0.08, 0.4, -0.9), (-0.08, -0.4, -0.9), (-0.08, 0.4, 0.9), (0.08, 0.4, 0.9), (-0.08, -0.4, 0.9), (0.08, -0.4, 0.9), (-0.08, -0.4, -0.9), (0.08, -0.4, -0.9), (-0.08, 0.4, -0.9), (0.08, 0.4, -0.9), (-0.08, -0.4, 0.9), (0.08, -0.4, 0.9), (-0.08, -0.4, -0.9), (0.08, -0.4, -0.9), (0.08, 0.4, 0.9), (-0.08, 0.4, 0.9), (0.08, 0.4, -0.9), (-0.08, 0.4, -0.9)]
                texCoord2f[] primvars:st = [(0, 0), (0, 1), (1, 0), (0, 1), (1, 1), (1, 0), (0, 0), (0, 1), (1, 0), (0, 1), (1, 1), (1, 0), (0, 0), (0, 1), (1, 0), (0, 1), (1, 1), (1, 0), (0, 0), (0, 1), (1, 0), (0, 1), (1, 1), (1, 0), (0, 0), (0, 1), (1, 0), (0, 1), (1, 1), (1, 0), (0, 0), (0, 1), (1, 0), (0, 1), (1, 1), (1, 0)] (
                    interpolation = "faceVarying"
                )
                uniform token subdivisionScheme = "none"
                custom string userProperties:blender:data_name = "Mesh_1.010"
            }
        }

        def Xform "operator_console"
        {
            custom string userProperties:blender:object_name = "operator_console"
            float3 xformOp:rotateXYZ = (0, -0, 0)
            float3 xformOp:scale = (1, 1, 1)
            double3 xformOp:translate = (1.600000023841858, -0.8199999928474426, 0.8999999761581421)
            uniform token[] xformOpOrder = ["xformOp:translate", "xformOp:rotateXYZ", "xformOp:scale"]

            def Mesh "Mesh_23_002" (
                active = true
                prepend apiSchemas = ["MaterialBindingAPI"]
            )
            {
                uniform bool doubleSided = 0
                float3[] extent = [(-0.175, -0.125, -0.3), (0.175, 0.125, 0.3)]
                int[] faceVertexCounts = [3, 3, 3, 3, 3, 3, 3, 3, 3, 3, 3, 3]
                int[] faceVertexIndices = [0, 2, 1, 2, 3, 1, 4, 6, 5, 6, 7, 5, 8, 10, 9, 10, 11, 9, 12, 14, 13, 14, 15, 13, 16, 18, 17, 18, 19, 17, 20, 22, 21, 22, 23, 21]
                rel material:binding = </root/_materials/Material_23_002>
                normal3f[] normals = [(1, 0, 0), (1, 0, 0), (1, 0, 0), (1, 0, 0), (1, 0, 0), (1, 0, 0), (-1, 0, 0), (-1, 0, 0), (-1, 0, 0), (-1, 0, 0), (-1, 0, 0), (-1, 0, 0), (0, 0, 1), (0, 0, 1), (0, 0, 1), (0, 0, 1), (0, 0, 1), (0, 0, 1), (0, 0, -1), (0, 0, -1), (0, 0, -1), (0, 0, -1), (0, 0, -1), (0, 0, -1), (0, -1, 0), (0, -1, 0), (0, -1, 0), (0, -1, 0), (0, -1, 0), (0, -1, 0), (0, 1, 0), (0, 1, 0), (0, 1, 0), (0, 1, 0), (0, 1, 0), (0, 1, 0)] (
                    interpolation = "faceVarying"
                )
                point3f[] points = [(0.175, -0.125, 0.3), (0.175, 0.125, 0.3), (0.175, -0.125, -0.3), (0.175, 0.125, -0.3), (-0.175, 0.125, 0.3), (-0.175, -0.125, 0.3), (-0.175, 0.125, -0.3), (-0.175, -0.125, -0.3), (-0.175, 0.125, 0.3), (0.175, 0.125, 0.3), (-0.175, -0.125, 0.3), (0.175, -0.125, 0.3), (-0.175, -0.125, -0.3), (0.175, -0.125, -0.3), (-0.175, 0.125, -0.3), (0.175, 0.125, -0.3), (-0.175, -0.125, 0.3), (0.175, -0.125, 0.3), (-0.175, -0.125, -0.3), (0.175, -0.125, -0.3), (0.175, 0.125, 0.3), (-0.175, 0.125, 0.3), (0.175, 0.125, -0.3), (-0.175, 0.125, -0.3)]
                texCoord2f[] primvars:st = [(0, 0), (0, 1), (1, 0), (0, 1), (1, 1), (1, 0), (0, 0), (0, 1), (1, 0), (0, 1), (1, 1), (1, 0), (0, 0), (0, 1), (1, 0), (0, 1), (1, 1), (1, 0), (0, 0), (0, 1), (1, 0), (0, 1), (1, 1), (1, 0), (0, 0), (0, 1), (1, 0), (0, 1), (1, 1), (1, 0), (0, 0), (0, 1), (1, 0), (0, 1), (1, 1), (1, 0)] (
                    interpolation = "faceVarying"
                )
                uniform token subdivisionScheme = "none"
                custom string userProperties:blender:data_name = "Mesh_23.002"
            }
        }

        def Xform "stack_element_0_1"
        {
            custom string userProperties:blender:object_name = "stack_element_0_1"
            float3 xformOp:rotateXYZ = (0, -0, 0)
            float3 xformOp:scale = (1, 1, 1)
            double3 xformOp:translate = (-1.5800000429153442, -0.5299999713897705, 0.6499999761581421)
            uniform token[] xformOpOrder = ["xformOp:translate", "xformOp:rotateXYZ", "xformOp:scale"]

            def Mesh "Mesh_3_010" (
                active = true
                prepend apiSchemas = ["MaterialBindingAPI"]
            )
            {
                uniform bool doubleSided = 0
                float3[] extent = [(-0.0125, -0.02, -0.31), (0.0125, 0.02, 0.31)]
                int[] faceVertexCounts = [3, 3, 3, 3, 3, 3, 3, 3, 3, 3, 3, 3]
                int[] faceVertexIndices = [0, 2, 1, 2, 3, 1, 4, 6, 5, 6, 7, 5, 8, 10, 9, 10, 11, 9, 12, 14, 13, 14, 15, 13, 16, 18, 17, 18, 19, 17, 20, 22, 21, 22, 23, 21]
                rel material:binding = </root/_materials/Material_3_010>
                normal3f[] normals = [(1, 0, 0), (1, 0, 0), (1, 0, 0), (1, 0, 0), (1, 0, 0), (1, 0, 0), (-1, 0, 0), (-1, 0, 0), (-1, 0, 0), (-1, 0, 0), (-1, 0, 0), (-1, 0, 0), (0, 0, 1), (0, 0, 1), (0, 0, 1), (0, 0, 1), (0, 0, 1), (0, 0, 1), (0, 0, -1), (0, 0, -1), (0, 0, -1), (0, 0, -1), (0, 0, -1), (0, 0, -1), (0, -1, 0), (0, -1, 0), (0, -1, 0), (0, -1, 0), (0, -1, 0), (0, -1, 0), (0, 1, 0), (0, 1, 0), (0, 1, 0), (0, 1, 0), (0, 1, 0), (0, 1, 0)] (
                    interpolation = "faceVarying"
                )
                point3f[] points = [(0.0125, -0.02, 0.31), (0.0125, 0.02, 0.31), (0.0125, -0.02, -0.31), (0.0125, 0.02, -0.31), (-0.0125, 0.02, 0.31), (-0.0125, -0.02, 0.31), (-0.0125, 0.02, -0.31), (-0.0125, -0.02, -0.31), (-0.0125, 0.02, 0.31), (0.0125, 0.02, 0.31), (-0.0125, -0.02, 0.31), (0.0125, -0.02, 0.31), (-0.0125, -0.02, -0.31), (0.0125, -0.02, -0.31), (-0.0125, 0.02, -0.31), (0.0125, 0.02, -0.31), (-0.0125, -0.02, 0.31), (0.0125, -0.02, 0.31), (-0.0125, -0.02, -0.31), (0.0125, -0.02, -0.31), (0.0125, 0.02, 0.31), (-0.0125, 0.02, 0.31), (0.0125, 0.02, -0.31), (-0.0125, 0.02, -0.31)]
                texCoord2f[] primvars:st = [(0, 0), (0, 1), (1, 0), (0, 1), (1, 1), (1, 0), (0, 0), (0, 1), (1, 0), (0, 1), (1, 1), (1, 0), (0, 0), (0, 1), (1, 0), (0, 1), (1, 1), (1, 0), (0, 0), (0, 1), (1, 0), (0, 1), (1, 1), (1, 0), (0, 0), (0, 1), (1, 0), (0, 1), (1, 1), (1, 0), (0, 0), (0, 1), (1, 0), (0, 1), (1, 1), (1, 0)] (
                    interpolation = "faceVarying"
                )
                uniform token subdivisionScheme = "none"
                custom string userProperties:blender:data_name = "Mesh_3.010"
            }
        }

        def Xform "stack_element_1_2"
        {
            custom string userProperties:blender:object_name = "stack_element_1_2"
            float3 xformOp:rotateXYZ = (0, -0, 0)
            float3 xformOp:scale = (1, 1, 1)
            double3 xformOp:translate = (-0.7699999809265137, -0.5299999713897705, 0.6499999761581421)
            uniform token[] xformOpOrder = ["xformOp:translate", "xformOp:rotateXYZ", "xformOp:scale"]

            def Mesh "Mesh_11_007" (
                active = true
                prepend apiSchemas = ["MaterialBindingAPI"]
            )
            {
                uniform bool doubleSided = 0
                float3[] extent = [(-0.0125, -0.02, -0.31), (0.0125, 0.02, 0.31)]
                int[] faceVertexCounts = [3, 3, 3, 3, 3, 3, 3, 3, 3, 3, 3, 3]
                int[] faceVertexIndices = [0, 2, 1, 2, 3, 1, 4, 6, 5, 6, 7, 5, 8, 10, 9, 10, 11, 9, 12, 14, 13, 14, 15, 13, 16, 18, 17, 18, 19, 17, 20, 22, 21, 22, 23, 21]
                rel material:binding = </root/_materials/Material_11_007>
                normal3f[] normals = [(1, 0, 0), (1, 0, 0), (1, 0, 0), (1, 0, 0), (1, 0, 0), (1, 0, 0), (-1, 0, 0), (-1, 0, 0), (-1, 0, 0), (-1, 0, 0), (-1, 0, 0), (-1, 0, 0), (0, 0, 1), (0, 0, 1), (0, 0, 1), (0, 0, 1), (0, 0, 1), (0, 0, 1), (0, 0, -1), (0, 0, -1), (0, 0, -1), (0, 0, -1), (0, 0, -1), (0, 0, -1), (0, -1, 0), (0, -1, 0), (0, -1, 0), (0, -1, 0), (0, -1, 0), (0, -1, 0), (0, 1, 0), (0, 1, 0), (0, 1, 0), (0, 1, 0), (0, 1, 0), (0, 1, 0)] (
                    interpolation = "faceVarying"
                )
                point3f[] points = [(0.0125, -0.02, 0.31), (0.0125, 0.02, 0.31), (0.0125, -0.02, -0.31), (0.0125, 0.02, -0.31), (-0.0125, 0.02, 0.31), (-0.0125, -0.02, 0.31), (-0.0125, 0.02, -0.31), (-0.0125, -0.02, -0.31), (-0.0125, 0.02, 0.31), (0.0125, 0.02, 0.31), (-0.0125, -0.02, 0.31), (0.0125, -0.02, 0.31), (-0.0125, -0.02, -0.31), (0.0125, -0.02, -0.31), (-0.0125, 0.02, -0.31), (0.0125, 0.02, -0.31), (-0.0125, -0.02, 0.31), (0.0125, -0.02, 0.31), (-0.0125, -0.02, -0.31), (0.0125, -0.02, -0.31), (0.0125, 0.02, 0.31), (-0.0125, 0.02, 0.31), (0.0125, 0.02, -0.31), (-0.0125, 0.02, -0.31)]
                texCoord2f[] primvars:st = [(0, 0), (0, 1), (1, 0), (0, 1), (1, 1), (1, 0), (0, 0), (0, 1), (1, 0), (0, 1), (1, 1), (1, 0), (0, 0), (0, 1), (1, 0), (0, 1), (1, 1), (1, 0), (0, 0), (0, 1), (1, 0), (0, 1), (1, 1), (1, 0), (0, 0), (0, 1), (1, 0), (0, 1), (1, 1), (1, 0), (0, 0), (0, 1), (1, 0), (0, 1), (1, 1), (1, 0)] (
                    interpolation = "faceVarying"
                )
                uniform token subdivisionScheme = "none"
                custom string userProperties:blender:data_name = "Mesh_11.007"
            }
        }

        def Xform "stack_element_0_2"
        {
            custom string userProperties:blender:object_name = "stack_element_0_2"
            float3 xformOp:rotateXYZ = (0, -0, 0)
            float3 xformOp:scale = (1, 1, 1)
            double3 xformOp:translate = (-1.4900000095367432, -0.5299999713897705, 0.6499999761581421)
            uniform token[] xformOpOrder = ["xformOp:translate", "xformOp:rotateXYZ", "xformOp:scale"]

            def Mesh "Mesh_4_010" (
                active = true
                prepend apiSchemas = ["MaterialBindingAPI"]
            )
            {
                uniform bool doubleSided = 0
                float3[] extent = [(-0.0125, -0.02, -0.31), (0.0125, 0.02, 0.31)]
                int[] faceVertexCounts = [3, 3, 3, 3, 3, 3, 3, 3, 3, 3, 3, 3]
                int[] faceVertexIndices = [0, 2, 1, 2, 3, 1, 4, 6, 5, 6, 7, 5, 8, 10, 9, 10, 11, 9, 12, 14, 13, 14, 15, 13, 16, 18, 17, 18, 19, 17, 20, 22, 21, 22, 23, 21]
                rel material:binding = </root/_materials/Material_4_010>
                normal3f[] normals = [(1, 0, 0), (1, 0, 0), (1, 0, 0), (1, 0, 0), (1, 0, 0), (1, 0, 0), (-1, 0, 0), (-1, 0, 0), (-1, 0, 0), (-1, 0, 0), (-1, 0, 0), (-1, 0, 0), (0, 0, 1), (0, 0, 1), (0, 0, 1), (0, 0, 1), (0, 0, 1), (0, 0, 1), (0, 0, -1), (0, 0, -1), (0, 0, -1), (0, 0, -1), (0, 0, -1), (0, 0, -1), (0, -1, 0), (0, -1, 0), (0, -1, 0), (0, -1, 0), (0, -1, 0), (0, -1, 0), (0, 1, 0), (0, 1, 0), (0, 1, 0), (0, 1, 0), (0, 1, 0), (0, 1, 0)] (
                    interpolation = "faceVarying"
                )
                point3f[] points = [(0.0125, -0.02, 0.31), (0.0125, 0.02, 0.31), (0.0125, -0.02, -0.31), (0.0125, 0.02, -0.31), (-0.0125, 0.02, 0.31), (-0.0125, -0.02, 0.31), (-0.0125, 0.02, -0.31), (-0.0125, -0.02, -0.31), (-0.0125, 0.02, 0.31), (0.0125, 0.02, 0.31), (-0.0125, -0.02, 0.31), (0.0125, -0.02, 0.31), (-0.0125, -0.02, -0.31), (0.0125, -0.02, -0.31), (-0.0125, 0.02, -0.31), (0.0125, 0.02, -0.31), (-0.0125, -0.02, 0.31), (0.0125, -0.02, 0.31), (-0.0125, -0.02, -0.31), (0.0125, -0.02, -0.31), (0.0125, 0.02, 0.31), (-0.0125, 0.02, 0.31), (0.0125, 0.02, -0.31), (-0.0125, 0.02, -0.31)]
                texCoord2f[] primvars:st = [(0, 0), (0, 1), (1, 0), (0, 1), (1, 1), (1, 0), (0, 0), (0, 1), (1, 0), (0, 1), (1, 1), (1, 0), (0, 0), (0, 1), (1, 0), (0, 1), (1, 1), (1, 0), (0, 0), (0, 1), (1, 0), (0, 1), (1, 1), (1, 0), (0, 0), (0, 1), (1, 0), (0, 1), (1, 1), (1, 0), (0, 0), (0, 1), (1, 0), (0, 1), (1, 1), (1, 0)] (
                    interpolation = "faceVarying"
                )
                uniform token subdivisionScheme = "none"
                custom string userProperties:blender:data_name = "Mesh_4.010"
            }
        }

        def Xform "control_4"
        {
            custom string userProperties:blender:object_name = "control_4"
            float3 xformOp:rotateXYZ = (0, -0, 0)
            float3 xformOp:scale = (1, 1, 1.8)
            double3 xformOp:translate = (1.440000057220459, 0, 0.9399999976158142)
            uniform token[] xformOpOrder = ["xformOp:translate", "xformOp:rotateXYZ", "xformOp:scale"]

            def Mesh "Mesh_17_004" (
                active = true
                prepend apiSchemas = ["MaterialBindingAPI"]
            )
            {
                uniform bool doubleSided = 0
                float3[] extent = [(-0.265, -0.5, -0.4), (0.265, 0.5, 0.4)]
                int[] faceVertexCounts = [3, 3, 3, 3, 3, 3, 3, 3, 3, 3, 3, 3]
                int[] faceVertexIndices = [0, 2, 1, 2, 3, 1, 4, 6, 5, 6, 7, 5, 8, 10, 9, 10, 11, 9, 12, 14, 13, 14, 15, 13, 16, 18, 17, 18, 19, 17, 20, 22, 21, 22, 23, 21]
                rel material:binding = </root/_materials/Material_17_004>
                normal3f[] normals = [(1, 0, 0), (1, 0, 0), (1, 0, 0), (1, 0, 0), (1, 0, 0), (1, 0, 0), (-1, 0, 0), (-1, 0, 0), (-1, 0, 0), (-1, 0, 0), (-1, 0, 0), (-1, 0, 0), (0, 0, 1), (0, 0, 1), (0, 0, 1), (0, 0, 1), (0, 0, 1), (0, 0, 1), (0, 0, -1), (0, 0, -1), (0, 0, -1), (0, 0, -1), (0, 0, -1), (0, 0, -1), (0, -1, 0), (0, -1, 0), (0, -1, 0), (0, -1, 0), (0, -1, 0), (0, -1, 0), (0, 1, 0), (0, 1, 0), (0, 1, 0), (0, 1, 0), (0, 1, 0), (0, 1, 0)] (
                    interpolation = "faceVarying"
                )
                point3f[] points = [(0.265, -0.5, 0.4), (0.265, 0.5, 0.4), (0.265, -0.5, -0.4), (0.265, 0.5, -0.4), (-0.265, 0.5, 0.4), (-0.265, -0.5, 0.4), (-0.265, 0.5, -0.4), (-0.265, -0.5, -0.4), (-0.265, 0.5, 0.4), (0.265, 0.5, 0.4), (-0.265, -0.5, 0.4), (0.265, -0.5, 0.4), (-0.265, -0.5, -0.4), (0.265, -0.5, -0.4), (-0.265, 0.5, -0.4), (0.265, 0.5, -0.4), (-0.265, -0.5, 0.4), (0.265, -0.5, 0.4), (-0.265, -0.5, -0.4), (0.265, -0.5, -0.4), (0.265, 0.5, 0.4), (-0.265, 0.5, 0.4), (0.265, 0.5, -0.4), (-0.265, 0.5, -0.4)]
                texCoord2f[] primvars:st = [(0, 0), (0, 1), (1, 0), (0, 1), (1, 1), (1, 0), (0, 0), (0, 1), (1, 0), (0, 1), (1, 1), (1, 0), (0, 0), (0, 1), (1, 0), (0, 1), (1, 1), (1, 0), (0, 0), (0, 1), (1, 0), (0, 1), (1, 1), (1, 0), (0, 0), (0, 1), (1, 0), (0, 1), (1, 1), (1, 0), (0, 0), (0, 1), (1, 0), (0, 1), (1, 1), (1, 0)] (
                    interpolation = "faceVarying"
                )
                uniform token subdivisionScheme = "none"
                custom string userProperties:blender:data_name = "Mesh_17.004"
            }
        }

        def Xform "support_base"
        {
            custom string userProperties:blender:object_name = "support_base"
            float3 xformOp:rotateXYZ = (0, -0, 0)
            float3 xformOp:scale = (1, 1, 1)
            double3 xformOp:translate = (0, 0, 0.10999999940395355)
            uniform token[] xformOpOrder = ["xformOp:translate", "xformOp:rotateXYZ", "xformOp:scale"]

            def Mesh "Mesh_0_010" (
                active = true
                prepend apiSchemas = ["MaterialBindingAPI"]
            )
            {
                uniform bool doubleSided = 0
                float3[] extent = [(-1.8, -0.8, -0.11), (1.8, 0.8, 0.11)]
                int[] faceVertexCounts = [3, 3, 3, 3, 3, 3, 3, 3, 3, 3, 3, 3]
                int[] faceVertexIndices = [0, 2, 1, 2, 3, 1, 4, 6, 5, 6, 7, 5, 8, 10, 9, 10, 11, 9, 12, 14, 13, 14, 15, 13, 16, 18, 17, 18, 19, 17, 20, 22, 21, 22, 23, 21]
                rel material:binding = </root/_materials/Material_0_010>
                normal3f[] normals = [(0.99999994, 0, 0), (0.99999994, 0, 0), (0.99999994, 0, 0), (0.99999994, 0, 0), (0.99999994, 0, 0), (0.99999994, 0, 0), (-0.99999994, 0, 0), (-0.99999994, 0, 0), (-0.99999994, 0, 0), (-0.99999994, 0, 0), (-0.99999994, 0, 0), (-0.99999994, 0, 0), (0, 0, 1), (0, 0, 1), (0, 0, 1), (0, 0, 1), (0, 0, 1), (0, 0, 1), (0, 0, -1), (0, 0, -1), (0, 0, -1), (0, 0, -1), (0, 0, -1), (0, 0, -1), (0, -1, 0), (0, -1, 0), (0, -1, 0), (0, -1, 0), (0, -1, 0), (0, -1, 0), (0, 1, 0), (0, 1, 0), (0, 1, 0), (0, 1, 0), (0, 1, 0), (0, 1, 0)] (
                    interpolation = "faceVarying"
                )
                point3f[] points = [(1.8, -0.8, 0.11), (1.8, 0.8, 0.11), (1.8, -0.8, -0.11), (1.8, 0.8, -0.11), (-1.8, 0.8, 0.11), (-1.8, -0.8, 0.11), (-1.8, 0.8, -0.11), (-1.8, -0.8, -0.11), (-1.8, 0.8, 0.11), (1.8, 0.8, 0.11), (-1.8, -0.8, 0.11), (1.8, -0.8, 0.11), (-1.8, -0.8, -0.11), (1.8, -0.8, -0.11), (-1.8, 0.8, -0.11), (1.8, 0.8, -0.11), (-1.8, -0.8, 0.11), (1.8, -0.8, 0.11), (-1.8, -0.8, -0.11), (1.8, -0.8, -0.11), (1.8, 0.8, 0.11), (-1.8, 0.8, 0.11), (1.8, 0.8, -0.11), (-1.8, 0.8, -0.11)]
                texCoord2f[] primvars:st = [(0, 0), (0, 1), (1, 0), (0, 1), (1, 1), (1, 0), (0, 0), (0, 1), (1, 0), (0, 1), (1, 1), (1, 0), (0, 0), (0, 1), (1, 0), (0, 1), (1, 1), (1, 0), (0, 0), (0, 1), (1, 0), (0, 1), (1, 1), (1, 0), (0, 0), (0, 1), (1, 0), (0, 1), (1, 1), (1, 0), (0, 0), (0, 1), (1, 0), (0, 1), (1, 1), (1, 0)] (
                    interpolation = "faceVarying"
                )
                uniform token subdivisionScheme = "none"
                custom string userProperties:blender:data_name = "Mesh_0.010"
            }
        }

        def Xform "stack_element_1_1"
        {
            custom string userProperties:blender:object_name = "stack_element_1_1"
            float3 xformOp:rotateXYZ = (0, -0, 0)
            float3 xformOp:scale = (1, 1, 1)
            double3 xformOp:translate = (-0.8600000143051147, -0.5299999713897705, 0.6499999761581421)
            uniform token[] xformOpOrder = ["xformOp:translate", "xformOp:rotateXYZ", "xformOp:scale"]

            def Mesh "Mesh_10_007" (
                active = true
                prepend apiSchemas = ["MaterialBindingAPI"]
            )
            {
                uniform bool doubleSided = 0
                float3[] extent = [(-0.0125, -0.02, -0.31), (0.0125, 0.02, 0.31)]
                int[] faceVertexCounts = [3, 3, 3, 3, 3, 3, 3, 3, 3, 3, 3, 3]
                int[] faceVertexIndices = [0, 2, 1, 2, 3, 1, 4, 6, 5, 6, 7, 5, 8, 10, 9, 10, 11, 9, 12, 14, 13, 14, 15, 13, 16, 18, 17, 18, 19, 17, 20, 22, 21, 22, 23, 21]
                rel material:binding = </root/_materials/Material_10_007>
                normal3f[] normals = [(1, 0, 0), (1, 0, 0), (1, 0, 0), (1, 0, 0), (1, 0, 0), (1, 0, 0), (-1, 0, 0), (-1, 0, 0), (-1, 0, 0), (-1, 0, 0), (-1, 0, 0), (-1, 0, 0), (0, 0, 1), (0, 0, 1), (0, 0, 1), (0, 0, 1), (0, 0, 1), (0, 0, 1), (0, 0, -1), (0, 0, -1), (0, 0, -1), (0, 0, -1), (0, 0, -1), (0, 0, -1), (0, -1, 0), (0, -1, 0), (0, -1, 0), (0, -1, 0), (0, -1, 0), (0, -1, 0), (0, 1, 0), (0, 1, 0), (0, 1, 0), (0, 1, 0), (0, 1, 0), (0, 1, 0)] (
                    interpolation = "faceVarying"
                )
                point3f[] points = [(0.0125, -0.02, 0.31), (0.0125, 0.02, 0.31), (0.0125, -0.02, -0.31), (0.0125, 0.02, -0.31), (-0.0125, 0.02, 0.31), (-0.0125, -0.02, 0.31), (-0.0125, 0.02, -0.31), (-0.0125, -0.02, -0.31), (-0.0125, 0.02, 0.31), (0.0125, 0.02, 0.31), (-0.0125, -0.02, 0.31), (0.0125, -0.02, 0.31), (-0.0125, -0.02, -0.31), (0.0125, -0.02, -0.31), (-0.0125, 0.02, -0.31), (0.0125, 0.02, -0.31), (-0.0125, -0.02, 0.31), (0.0125, -0.02, 0.31), (-0.0125, -0.02, -0.31), (0.0125, -0.02, -0.31), (0.0125, 0.02, 0.31), (-0.0125, 0.02, 0.31), (0.0125, 0.02, -0.31), (-0.0125, 0.02, -0.31)]
                texCoord2f[] primvars:st = [(0, 0), (0, 1), (1, 0), (0, 1), (1, 1), (1, 0), (0, 0), (0, 1), (1, 0), (0, 1), (1, 1), (1, 0), (0, 0), (0, 1), (1, 0), (0, 1), (1, 1), (1, 0), (0, 0), (0, 1), (1, 0), (0, 1), (1, 1), (1, 0), (0, 0), (0, 1), (1, 0), (0, 1), (1, 1), (1, 0), (0, 0), (0, 1), (1, 0), (0, 1), (1, 1), (1, 0)] (
                    interpolation = "faceVarying"
                )
                uniform token subdivisionScheme = "none"
                custom string userProperties:blender:data_name = "Mesh_10.007"
            }
        }

        def Xform "stack_element_0_3"
        {
            custom string userProperties:blender:object_name = "stack_element_0_3"
            float3 xformOp:rotateXYZ = (0, -0, 0)
            float3 xformOp:scale = (1, 1, 1)
            double3 xformOp:translate = (-1.399999976158142, -0.5299999713897705, 0.6499999761581421)
            uniform token[] xformOpOrder = ["xformOp:translate", "xformOp:rotateXYZ", "xformOp:scale"]

            def Mesh "Mesh_5_010" (
                active = true
                prepend apiSchemas = ["MaterialBindingAPI"]
            )
            {
                uniform bool doubleSided = 0
                float3[] extent = [(-0.0125, -0.02, -0.31), (0.0125, 0.02, 0.31)]
                int[] faceVertexCounts = [3, 3, 3, 3, 3, 3, 3, 3, 3, 3, 3, 3]
                int[] faceVertexIndices = [0, 2, 1, 2, 3, 1, 4, 6, 5, 6, 7, 5, 8, 10, 9, 10, 11, 9, 12, 14, 13, 14, 15, 13, 16, 18, 17, 18, 19, 17, 20, 22, 21, 22, 23, 21]
                rel material:binding = </root/_materials/Material_5_010>
                normal3f[] normals = [(1, 0, 0), (1, 0, 0), (1, 0, 0), (1, 0, 0), (1, 0, 0), (1, 0, 0), (-1, 0, 0), (-1, 0, 0), (-1, 0, 0), (-1, 0, 0), (-1, 0, 0), (-1, 0, 0), (0, 0, 1), (0, 0, 1), (0, 0, 1), (0, 0, 1), (0, 0, 1), (0, 0, 1), (0, 0, -1), (0, 0, -1), (0, 0, -1), (0, 0, -1), (0, 0, -1), (0, 0, -1), (0, -1, 0), (0, -1, 0), (0, -1, 0), (0, -1, 0), (0, -1, 0), (0, -1, 0), (0, 1, 0), (0, 1, 0), (0, 1, 0), (0, 1, 0), (0, 1, 0), (0, 1, 0)] (
                    interpolation = "faceVarying"
                )
                point3f[] points = [(0.0125, -0.02, 0.31), (0.0125, 0.02, 0.31), (0.0125, -0.02, -0.31), (0.0125, 0.02, -0.31), (-0.0125, 0.02, 0.31), (-0.0125, -0.02, 0.31), (-0.0125, 0.02, -0.31), (-0.0125, -0.02, -0.31), (-0.0125, 0.02, 0.31), (0.0125, 0.02, 0.31), (-0.0125, -0.02, 0.31), (0.0125, -0.02, 0.31), (-0.0125, -0.02, -0.31), (0.0125, -0.02, -0.31), (-0.0125, 0.02, -0.31), (0.0125, 0.02, -0.31), (-0.0125, -0.02, 0.31), (0.0125, -0.02, 0.31), (-0.0125, -0.02, -0.31), (0.0125, -0.02, -0.31), (0.0125, 0.02, 0.31), (-0.0125, 0.02, 0.31), (0.0125, 0.02, -0.31), (-0.0125, 0.02, -0.31)]
                texCoord2f[] primvars:st = [(0, 0), (0, 1), (1, 0), (0, 1), (1, 1), (1, 0), (0, 0), (0, 1), (1, 0), (0, 1), (1, 1), (1, 0), (0, 0), (0, 1), (1, 0), (0, 1), (1, 1), (1, 0), (0, 0), (0, 1), (1, 0), (0, 1), (1, 1), (1, 0), (0, 0), (0, 1), (1, 0), (0, 1), (1, 1), (1, 0), (0, 0), (0, 1), (1, 0), (0, 1), (1, 1), (1, 0)] (
                    interpolation = "faceVarying"
                )
                uniform token subdivisionScheme = "none"
                custom string userProperties:blender:data_name = "Mesh_5.010"
            }
        }

        def Xform "stack_element_1_3"
        {
            custom string userProperties:blender:object_name = "stack_element_1_3"
            float3 xformOp:rotateXYZ = (0, -0, 0)
            float3 xformOp:scale = (1, 1, 1)
            double3 xformOp:translate = (-0.6800000071525574, -0.5299999713897705, 0.6499999761581421)
            uniform token[] xformOpOrder = ["xformOp:translate", "xformOp:rotateXYZ", "xformOp:scale"]

            def Mesh "Mesh_12_006" (
                active = true
                prepend apiSchemas = ["MaterialBindingAPI"]
            )
            {
                uniform bool doubleSided = 0
                float3[] extent = [(-0.0125, -0.02, -0.31), (0.0125, 0.02, 0.31)]
                int[] faceVertexCounts = [3, 3, 3, 3, 3, 3, 3, 3, 3, 3, 3, 3]
                int[] faceVertexIndices = [0, 2, 1, 2, 3, 1, 4, 6, 5, 6, 7, 5, 8, 10, 9, 10, 11, 9, 12, 14, 13, 14, 15, 13, 16, 18, 17, 18, 19, 17, 20, 22, 21, 22, 23, 21]
                rel material:binding = </root/_materials/Material_12_006>
                normal3f[] normals = [(1, 0, 0), (1, 0, 0), (1, 0, 0), (1, 0, 0), (1, 0, 0), (1, 0, 0), (-1, 0, 0), (-1, 0, 0), (-1, 0, 0), (-1, 0, 0), (-1, 0, 0), (-1, 0, 0), (0, 0, 1), (0, 0, 1), (0, 0, 1), (0, 0, 1), (0, 0, 1), (0, 0, 1), (0, 0, -1), (0, 0, -1), (0, 0, -1), (0, 0, -1), (0, 0, -1), (0, 0, -1), (0, -1, 0), (0, -1, 0), (0, -1, 0), (0, -1, 0), (0, -1, 0), (0, -1, 0), (0, 1, 0), (0, 1, 0), (0, 1, 0), (0, 1, 0), (0, 1, 0), (0, 1, 0)] (
                    interpolation = "faceVarying"
                )
                point3f[] points = [(0.0125, -0.02, 0.31), (0.0125, 0.02, 0.31), (0.0125, -0.02, -0.31), (0.0125, 0.02, -0.31), (-0.0125, 0.02, 0.31), (-0.0125, -0.02, 0.31), (-0.0125, 0.02, -0.31), (-0.0125, -0.02, -0.31), (-0.0125, 0.02, 0.31), (0.0125, 0.02, 0.31), (-0.0125, -0.02, 0.31), (0.0125, -0.02, 0.31), (-0.0125, -0.02, -0.31), (0.0125, -0.02, -0.31), (-0.0125, 0.02, -0.31), (0.0125, 0.02, -0.31), (-0.0125, -0.02, 0.31), (0.0125, -0.02, 0.31), (-0.0125, -0.02, -0.31), (0.0125, -0.02, -0.31), (0.0125, 0.02, 0.31), (-0.0125, 0.02, 0.31), (0.0125, 0.02, -0.31), (-0.0125, 0.02, -0.31)]
                texCoord2f[] primvars:st = [(0, 0), (0, 1), (1, 0), (0, 1), (1, 1), (1, 0), (0, 0), (0, 1), (1, 0), (0, 1), (1, 1), (1, 0), (0, 0), (0, 1), (1, 0), (0, 1), (1, 1), (1, 0), (0, 0), (0, 1), (1, 0), (0, 1), (1, 1), (1, 0), (0, 0), (0, 1), (1, 0), (0, 1), (1, 1), (1, 0), (0, 0), (0, 1), (1, 0), (0, 1), (1, 1), (1, 0)] (
                    interpolation = "faceVarying"
                )
                uniform token subdivisionScheme = "none"
                custom string userProperties:blender:data_name = "Mesh_12.006"
            }
        }
    }

    def Scope "_materials"
    {
        def Material "Material_2_010"
        {
            token outputs:surface.connect = </root/_materials/Material_2_010/Principled_BSDF.outputs:surface>
            custom string userProperties:blender:data_name = "Material_2.010"

            def Shader "Principled_BSDF"
            {
                uniform token info:id = "UsdPreviewSurface"
                float inputs:clearcoat = 0
                float inputs:clearcoatRoughness = 0.03
                color3f inputs:diffuseColor = (0.29613826, 0.3662526, 0.47932017)
                float inputs:ior = 1.5
                float inputs:metallic = 0.25
                float inputs:opacity = 1
                float inputs:roughness = 0.55
                float inputs:specular = 0.5
                token outputs:surface
            }
        }

        def Material "Material_19_002"
        {
            token outputs:surface.connect = </root/_materials/Material_19_002/Principled_BSDF.outputs:surface>
            custom string userProperties:blender:data_name = "Material_19.002"

            def Shader "Principled_BSDF"
            {
                uniform token info:id = "UsdPreviewSurface"
                float inputs:clearcoat = 0
                float inputs:clearcoatRoughness = 0.03
                color3f inputs:diffuseColor = (0.033104766, 0.052860647, 0.09084171)
                float inputs:ior = 1.5
                float inputs:metallic = 0.25
                float inputs:opacity = 1
                float inputs:roughness = 0.55
                float inputs:specular = 0.5
                token outputs:surface
            }
        }

        def Material "Material_7_009"
        {
            token outputs:surface.connect = </root/_materials/Material_7_009/Principled_BSDF.outputs:surface>
            custom string userProperties:blender:data_name = "Material_7.009"

            def Shader "Principled_BSDF"
            {
                uniform token info:id = "UsdPreviewSurface"
                float inputs:clearcoat = 0
                float inputs:clearcoatRoughness = 0.03
                color3f inputs:diffuseColor = (0.29613826, 0.3662526, 0.47932017)
                float inputs:ior = 1.5
                float inputs:metallic = 0.25
                float inputs:opacity = 1
                float inputs:roughness = 0.55
                float inputs:specular = 0.5
                token outputs:surface
            }
        }

        def Material "Material_6_010"
        {
            token outputs:surface.connect = </root/_materials/Material_6_010/Principled_BSDF.outputs:surface>
            custom string userProperties:blender:data_name = "Material_6.010"

            def Shader "Principled_BSDF"
            {
                uniform token info:id = "UsdPreviewSurface"
                float inputs:clearcoat = 0
                float inputs:clearcoatRoughness = 0.03
                color3f inputs:diffuseColor = (0.29613826, 0.3662526, 0.47932017)
                float inputs:ior = 1.5
                float inputs:metallic = 0.25
                float inputs:opacity = 1
                float inputs:roughness = 0.55
                float inputs:specular = 0.5
                token outputs:surface
            }
        }

        def Material "Material_22_002"
        {
            token outputs:surface.connect = </root/_materials/Material_22_002/Principled_BSDF.outputs:surface>
            custom string userProperties:blender:data_name = "Material_22.002"

            def Shader "Principled_BSDF"
            {
                uniform token info:id = "UsdPreviewSurface"
                float inputs:clearcoat = 0
                float inputs:clearcoatRoughness = 0.03
                color3f inputs:diffuseColor = (0.29613826, 0.3662526, 0.47932017)
                float inputs:ior = 1.5
                float inputs:metallic = 0.25
                float inputs:opacity = 1
                float inputs:roughness = 0.55
                float inputs:specular = 0.5
                token outputs:surface
            }
        }

        def Material "Material_18_004"
        {
            token outputs:surface.connect = </root/_materials/Material_18_004/Principled_BSDF.outputs:surface>
            custom string userProperties:blender:data_name = "Material_18.004"

            def Shader "Principled_BSDF"
            {
                uniform token info:id = "UsdPreviewSurface"
                float inputs:clearcoat = 0
                float inputs:clearcoatRoughness = 0.03
                color3f inputs:diffuseColor = (0.29613826, 0.3662526, 0.47932017)
                float inputs:ior = 1.5
                float inputs:metallic = 0.25
                float inputs:opacity = 1
                float inputs:roughness = 0.55
                float inputs:specular = 0.5
                token outputs:surface
            }
        }

        def Material "Material_15_004"
        {
            token outputs:surface.connect = </root/_materials/Material_15_004/Principled_BSDF.outputs:surface>
            custom string userProperties:blender:data_name = "Material_15.004"

            def Shader "Principled_BSDF"
            {
                uniform token info:id = "UsdPreviewSurface"
                float inputs:clearcoat = 0
                float inputs:clearcoatRoughness = 0.03
                color3f inputs:diffuseColor = (0.29613826, 0.3662526, 0.47932017)
                float inputs:ior = 1.5
                float inputs:metallic = 0.25
                float inputs:opacity = 1
                float inputs:roughness = 0.55
                float inputs:specular = 0.5
                token outputs:surface
            }
        }

        def Material "Material_8_007"
        {
            token outputs:surface.connect = </root/_materials/Material_8_007/Principled_BSDF.outputs:surface>
            custom string userProperties:blender:data_name = "Material_8.007"

            def Shader "Principled_BSDF"
            {
                uniform token info:id = "UsdPreviewSurface"
                float inputs:clearcoat = 0
                float inputs:clearcoatRoughness = 0.03
                color3f inputs:diffuseColor = (0.004391442, 0.1746474, 0.27889428)
                float inputs:ior = 1.5
                float inputs:metallic = 0.25
                float inputs:opacity = 1
                float inputs:roughness = 0.55
                float inputs:specular = 0.5
                token outputs:surface
            }
        }

        def Material "Material_13_005"
        {
            token outputs:surface.connect = </root/_materials/Material_13_005/Principled_BSDF.outputs:surface>
            custom string userProperties:blender:data_name = "Material_13.005"

            def Shader "Principled_BSDF"
            {
                uniform token info:id = "UsdPreviewSurface"
                float inputs:clearcoat = 0
                float inputs:clearcoatRoughness = 0.03
                color3f inputs:diffuseColor = (0.29613826, 0.3662526, 0.47932017)
                float inputs:ior = 1.5
                float inputs:metallic = 0.25
                float inputs:opacity = 1
                float inputs:roughness = 0.55
                float inputs:specular = 0.5
                token outputs:surface
            }
        }

        def Material "Material_20_002"
        {
            token outputs:surface.connect = </root/_materials/Material_20_002/Principled_BSDF.outputs:surface>
            custom string userProperties:blender:data_name = "Material_20.002"

            def Shader "Principled_BSDF"
            {
                uniform token info:id = "UsdPreviewSurface"
                float inputs:clearcoat = 0
                float inputs:clearcoatRoughness = 0.03
                color3f inputs:diffuseColor = (0.29613826, 0.3662526, 0.47932017)
                float inputs:ior = 1.5
                float inputs:metallic = 0.25
                float inputs:opacity = 1
                float inputs:roughness = 0.55
                float inputs:specular = 0.5
                token outputs:surface
            }
        }

        def Material "Material_14_004"
        {
            token outputs:surface.connect = </root/_materials/Material_14_004/Principled_BSDF.outputs:surface>
            custom string userProperties:blender:data_name = "Material_14.004"

            def Shader "Principled_BSDF"
            {
                uniform token info:id = "UsdPreviewSurface"
                float inputs:clearcoat = 0
                float inputs:clearcoatRoughness = 0.03
                color3f inputs:diffuseColor = (0.29613826, 0.3662526, 0.47932017)
                float inputs:ior = 1.5
                float inputs:metallic = 0.25
                float inputs:opacity = 1
                float inputs:roughness = 0.55
                float inputs:specular = 0.5
                token outputs:surface
            }
        }

        def Material "Material_16_004"
        {
            token outputs:surface.connect = </root/_materials/Material_16_004/Principled_BSDF.outputs:surface>
            custom string userProperties:blender:data_name = "Material_16.004"

            def Shader "Principled_BSDF"
            {
                uniform token info:id = "UsdPreviewSurface"
                float inputs:clearcoat = 0
                float inputs:clearcoatRoughness = 0.03
                color3f inputs:diffuseColor = (0.29613826, 0.3662526, 0.47932017)
                float inputs:ior = 1.5
                float inputs:metallic = 0.25
                float inputs:opacity = 1
                float inputs:roughness = 0.55
                float inputs:specular = 0.5
                token outputs:surface
            }
        }

        def Material "Material_21_002"
        {
            token outputs:surface.connect = </root/_materials/Material_21_002/Principled_BSDF.outputs:surface>
            custom string userProperties:blender:data_name = "Material_21.002"

            def Shader "Principled_BSDF"
            {
                uniform token info:id = "UsdPreviewSurface"
                float inputs:clearcoat = 0
                float inputs:clearcoatRoughness = 0.03
                color3f inputs:diffuseColor = (0.033104766, 0.052860647, 0.09084171)
                float inputs:ior = 1.5
                float inputs:metallic = 0.25
                float inputs:opacity = 1
                float inputs:roughness = 0.55
                float inputs:specular = 0.5
                token outputs:surface
            }
        }

        def Material "Material_9_007"
        {
            token outputs:surface.connect = </root/_materials/Material_9_007/Principled_BSDF.outputs:surface>
            custom string userProperties:blender:data_name = "Material_9.007"

            def Shader "Principled_BSDF"
            {
                uniform token info:id = "UsdPreviewSurface"
                float inputs:clearcoat = 0
                float inputs:clearcoatRoughness = 0.03
                color3f inputs:diffuseColor = (0.29613826, 0.3662526, 0.47932017)
                float inputs:ior = 1.5
                float inputs:metallic = 0.25
                float inputs:opacity = 1
                float inputs:roughness = 0.55
                float inputs:specular = 0.5
                token outputs:surface
            }
        }

        def Material "Material_24_002"
        {
            token outputs:surface.connect = </root/_materials/Material_24_002/Principled_BSDF.outputs:surface>
            custom string userProperties:blender:data_name = "Material_24.002"

            def Shader "Principled_BSDF"
            {
                uniform token info:id = "UsdPreviewSurface"
                float inputs:clearcoat = 0
                float inputs:clearcoatRoughness = 0.03
                color3f inputs:diffuseColor = (0.039546236, 0.50888133, 0.9386857)
                float inputs:ior = 1.5
                float inputs:metallic = 0.25
                float inputs:opacity = 1
                float inputs:roughness = 0.55
                float inputs:specular = 0.5
                token outputs:surface
            }
        }

        def Material "Material_1_010"
        {
            token outputs:surface.connect = </root/_materials/Material_1_010/Principled_BSDF.outputs:surface>
            custom string userProperties:blender:data_name = "Material_1.010"

            def Shader "Principled_BSDF"
            {
                uniform token info:id = "UsdPreviewSurface"
                float inputs:clearcoat = 0
                float inputs:clearcoatRoughness = 0.03
                color3f inputs:diffuseColor = (0.004391442, 0.1746474, 0.27889428)
                float inputs:ior = 1.5
                float inputs:metallic = 0.25
                float inputs:opacity = 1
                float inputs:roughness = 0.55
                float inputs:specular = 0.5
                token outputs:surface
            }
        }

        def Material "Material_23_002"
        {
            token outputs:surface.connect = </root/_materials/Material_23_002/Principled_BSDF.outputs:surface>
            custom string userProperties:blender:data_name = "Material_23.002"

            def Shader "Principled_BSDF"
            {
                uniform token info:id = "UsdPreviewSurface"
                float inputs:clearcoat = 0
                float inputs:clearcoatRoughness = 0.03
                color3f inputs:diffuseColor = (0.0129830325, 0.022173885, 0.04373503)
                float inputs:ior = 1.5
                float inputs:metallic = 0.25
                float inputs:opacity = 1
                float inputs:roughness = 0.55
                float inputs:specular = 0.5
                token outputs:surface
            }
        }

        def Material "Material_3_010"
        {
            token outputs:surface.connect = </root/_materials/Material_3_010/Principled_BSDF.outputs:surface>
            custom string userProperties:blender:data_name = "Material_3.010"

            def Shader "Principled_BSDF"
            {
                uniform token info:id = "UsdPreviewSurface"
                float inputs:clearcoat = 0
                float inputs:clearcoatRoughness = 0.03
                color3f inputs:diffuseColor = (0.29613826, 0.3662526, 0.47932017)
                float inputs:ior = 1.5
                float inputs:metallic = 0.25
                float inputs:opacity = 1
                float inputs:roughness = 0.55
                float inputs:specular = 0.5
                token outputs:surface
            }
        }

        def Material "Material_11_007"
        {
            token outputs:surface.connect = </root/_materials/Material_11_007/Principled_BSDF.outputs:surface>
            custom string userProperties:blender:data_name = "Material_11.007"

            def Shader "Principled_BSDF"
            {
                uniform token info:id = "UsdPreviewSurface"
                float inputs:clearcoat = 0
                float inputs:clearcoatRoughness = 0.03
                color3f inputs:diffuseColor = (0.29613826, 0.3662526, 0.47932017)
                float inputs:ior = 1.5
                float inputs:metallic = 0.25
                float inputs:opacity = 1
                float inputs:roughness = 0.55
                float inputs:specular = 0.5
                token outputs:surface
            }
        }

        def Material "Material_4_010"
        {
            token outputs:surface.connect = </root/_materials/Material_4_010/Principled_BSDF.outputs:surface>
            custom string userProperties:blender:data_name = "Material_4.010"

            def Shader "Principled_BSDF"
            {
                uniform token info:id = "UsdPreviewSurface"
                float inputs:clearcoat = 0
                float inputs:clearcoatRoughness = 0.03
                color3f inputs:diffuseColor = (0.29613826, 0.3662526, 0.47932017)
                float inputs:ior = 1.5
                float inputs:metallic = 0.25
                float inputs:opacity = 1
                float inputs:roughness = 0.55
                float inputs:specular = 0.5
                token outputs:surface
            }
        }

        def Material "Material_17_004"
        {
            token outputs:surface.connect = </root/_materials/Material_17_004/Principled_BSDF.outputs:surface>
            custom string userProperties:blender:data_name = "Material_17.004"

            def Shader "Principled_BSDF"
            {
                uniform token info:id = "UsdPreviewSurface"
                float inputs:clearcoat = 0
                float inputs:clearcoatRoughness = 0.03
                color3f inputs:diffuseColor = (0.004391442, 0.1746474, 0.27889428)
                float inputs:ior = 1.5
                float inputs:metallic = 0.25
                float inputs:opacity = 1
                float inputs:roughness = 0.55
                float inputs:specular = 0.5
                token outputs:surface
            }
        }

        def Material "Material_0_010"
        {
            token outputs:surface.connect = </root/_materials/Material_0_010/Principled_BSDF.outputs:surface>
            custom string userProperties:blender:data_name = "Material_0.010"

            def Shader "Principled_BSDF"
            {
                uniform token info:id = "UsdPreviewSurface"
                float inputs:clearcoat = 0
                float inputs:clearcoatRoughness = 0.03
                color3f inputs:diffuseColor = (0.033104766, 0.052860647, 0.09084171)
                float inputs:ior = 1.5
                float inputs:metallic = 0.25
                float inputs:opacity = 1
                float inputs:roughness = 0.55
                float inputs:specular = 0.5
                token outputs:surface
            }
        }

        def Material "Material_10_007"
        {
            token outputs:surface.connect = </root/_materials/Material_10_007/Principled_BSDF.outputs:surface>
            custom string userProperties:blender:data_name = "Material_10.007"

            def Shader "Principled_BSDF"
            {
                uniform token info:id = "UsdPreviewSurface"
                float inputs:clearcoat = 0
                float inputs:clearcoatRoughness = 0.03
                color3f inputs:diffuseColor = (0.29613826, 0.3662526, 0.47932017)
                float inputs:ior = 1.5
                float inputs:metallic = 0.25
                float inputs:opacity = 1
                float inputs:roughness = 0.55
                float inputs:specular = 0.5
                token outputs:surface
            }
        }

        def Material "Material_5_010"
        {
            token outputs:surface.connect = </root/_materials/Material_5_010/Principled_BSDF.outputs:surface>
            custom string userProperties:blender:data_name = "Material_5.010"

            def Shader "Principled_BSDF"
            {
                uniform token info:id = "UsdPreviewSurface"
                float inputs:clearcoat = 0
                float inputs:clearcoatRoughness = 0.03
                color3f inputs:diffuseColor = (0.29613826, 0.3662526, 0.47932017)
                float inputs:ior = 1.5
                float inputs:metallic = 0.25
                float inputs:opacity = 1
                float inputs:roughness = 0.55
                float inputs:specular = 0.5
                token outputs:surface
            }
        }

        def Material "Material_12_006"
        {
            token outputs:surface.connect = </root/_materials/Material_12_006/Principled_BSDF.outputs:surface>
            custom string userProperties:blender:data_name = "Material_12.006"

            def Shader "Principled_BSDF"
            {
                uniform token info:id = "UsdPreviewSurface"
                float inputs:clearcoat = 0
                float inputs:clearcoatRoughness = 0.03
                color3f inputs:diffuseColor = (0.29613826, 0.3662526, 0.47932017)
                float inputs:ior = 1.5
                float inputs:metallic = 0.25
                float inputs:opacity = 1
                float inputs:roughness = 0.55
                float inputs:specular = 0.5
                token outputs:surface
            }
        }
    }

    def DomeLight "env_light"
    {
        float inputs:intensity = 1
        asset inputs:texture:file = @./textures/color_121212.hdr@
        float3 xformOp:rotateXYZ = (90, -0, 90)
        uniform token[] xformOpOrder = ["xformOp:rotateXYZ"]
    }
}

