#usda 1.0
(
    defaultPrim = "root"
    doc = "Blender v4.5.0"
    metersPerUnit = 1
    upAxis = "Z"
)

def Xform "root" (
    customData = {
        dictionary Blender = {
            bool generated = 1
        }
    }
)
{
    def Xform "A473"
    {
        custom string userProperties:assetId = "A473"
        custom bool userProperties:authoritativeSource = 0
        custom string userProperties:blender:object_name = "A473"
        custom string userProperties:coordinateSystem = "RIGHT_HANDED_Y_UP"
        custom string userProperties:dimensionalAccuracy = "CONCEPTUAL"
        custom string userProperties:forwardDirection = "+Z"
        custom string userProperties:generatedFrom = "Catalog identity and individually authored assembly recipe"
        custom bool userProperties:motionCandidate = 1
        custom string userProperties:originPolicy = "floor centre; instance XZ unchanged"
        custom bool userProperties:physicalPortVerified = 0
        custom string userProperties:representationClass = "CUSTOM_GENERATED_CONCEPTUAL"
        custom string userProperties:unit = "m"

        def Xform "bowl_rim_0__0_48"
        {
            custom string userProperties:blender:object_name = "bowl_rim_0_-0.48"
            float3 xformOp:rotateXYZ = (0, -0, 0)
            float3 xformOp:scale = (1, 1, 1)
            double3 xformOp:translate = (-1.0800000429153442, 0.47999998927116394, 0.5)
            uniform token[] xformOpOrder = ["xformOp:translate", "xformOp:rotateXYZ", "xformOp:scale"]

            def Mesh "Mesh_2_014" (
                active = true
                prepend apiSchemas = ["MaterialBindingAPI"]
            )
            {
                uniform bool doubleSided = 0
                float3[] extent = [(-0.3, -0.02, -0.16), (0.3, 0.02, 0.16)]
                int[] faceVertexCounts = [3, 3, 3, 3, 3, 3, 3, 3, 3, 3, 3, 3]
                int[] faceVertexIndices = [0, 2, 1, 2, 3, 1, 4, 6, 5, 6, 7, 5, 8, 10, 9, 10, 11, 9, 12, 14, 13, 14, 15, 13, 16, 18, 17, 18, 19, 17, 20, 22, 21, 22, 23, 21]
                rel material:binding = </root/_materials/Material_2_014>
                normal3f[] normals = [(1, 0, 0), (1, 0, 0), (1, 0, 0), (1, 0, 0), (1, 0, 0), (1, 0, 0), (-1, 0, 0), (-1, 0, 0), (-1, 0, 0), (-1, 0, 0), (-1, 0, 0), (-1, 0, 0), (0, 0, 1), (0, 0, 1), (0, 0, 1), (0, 0, 1), (0, 0, 1), (0, 0, 1), (0, 0, -1), (0, 0, -1), (0, 0, -1), (0, 0, -1), (0, 0, -1), (0, 0, -1), (0, -1, 0), (0, -1, 0), (0, -1, 0), (0, -1, 0), (0, -1, 0), (0, -1, 0), (0, 1, 0), (0, 1, 0), (0, 1, 0), (0, 1, 0), (0, 1, 0), (0, 1, 0)] (
                    interpolation = "faceVarying"
                )
                point3f[] points = [(0.3, -0.02, 0.16), (0.3, 0.02, 0.16), (0.3, -0.02, -0.16), (0.3, 0.02, -0.16), (-0.3, 0.02, 0.16), (-0.3, -0.02, 0.16), (-0.3, 0.02, -0.16), (-0.3, -0.02, -0.16), (-0.3, 0.02, 0.16), (0.3, 0.02, 0.16), (-0.3, -0.02, 0.16), (0.3, -0.02, 0.16), (-0.3, -0.02, -0.16), (0.3, -0.02, -0.16), (-0.3, 0.02, -0.16), (0.3, 0.02, -0.16), (-0.3, -0.02, 0.16), (0.3, -0.02, 0.16), (-0.3, -0.02, -0.16), (0.3, -0.02, -0.16), (0.3, 0.02, 0.16), (-0.3, 0.02, 0.16), (0.3, 0.02, -0.16), (-0.3, 0.02, -0.16)]
                texCoord2f[] primvars:st = [(0, 0), (0, 1), (1, 0), (0, 1), (1, 1), (1, 0), (0, 0), (0, 1), (1, 0), (0, 1), (1, 1), (1, 0), (0, 0), (0, 1), (1, 0), (0, 1), (1, 1), (1, 0), (0, 0), (0, 1), (1, 0), (0, 1), (1, 1), (1, 0), (0, 0), (0, 1), (1, 0), (0, 1), (1, 1), (1, 0), (0, 0), (0, 1), (1, 0), (0, 1), (1, 1), (1, 0)] (
                    interpolation = "faceVarying"
                )
                uniform token subdivisionScheme = "none"
                custom string userProperties:blender:data_name = "Mesh_2.014"
            }
        }

        def Xform "bowl_end_0_0_28"
        {
            custom string userProperties:blender:object_name = "bowl_end_0_0.28"
            float3 xformOp:rotateXYZ = (0, -0, 0)
            float3 xformOp:scale = (1, 1, 1)
            double3 xformOp:translate = (-0.800000011920929, 0, 0.5)
            uniform token[] xformOpOrder = ["xformOp:translate", "xformOp:rotateXYZ", "xformOp:scale"]

            def Mesh "Mesh_5_014" (
                active = true
                prepend apiSchemas = ["MaterialBindingAPI"]
            )
            {
                uniform bool doubleSided = 0
                float3[] extent = [(-0.02, -0.475, -0.16), (0.02, 0.475, 0.16)]
                int[] faceVertexCounts = [3, 3, 3, 3, 3, 3, 3, 3, 3, 3, 3, 3]
                int[] faceVertexIndices = [0, 2, 1, 2, 3, 1, 4, 6, 5, 6, 7, 5, 8, 10, 9, 10, 11, 9, 12, 14, 13, 14, 15, 13, 16, 18, 17, 18, 19, 17, 20, 22, 21, 22, 23, 21]
                rel material:binding = </root/_materials/Material_5_014>
                normal3f[] normals = [(1, 0, 0), (1, 0, 0), (1, 0, 0), (1, 0, 0), (1, 0, 0), (1, 0, 0), (-1, 0, 0), (-1, 0, 0), (-1, 0, 0), (-1, 0, 0), (-1, 0, 0), (-1, 0, 0), (0, 0, 1), (0, 0, 1), (0, 0, 1), (0, 0, 1), (0, 0, 1), (0, 0, 1), (0, 0, -1), (0, 0, -1), (0, 0, -1), (0, 0, -1), (0, 0, -1), (0, 0, -1), (0, -1, 0), (0, -1, 0), (0, -1, 0), (0, -1, 0), (0, -1, 0), (0, -1, 0), (0, 1, 0), (0, 1, 0), (0, 1, 0), (0, 1, 0), (0, 1, 0), (0, 1, 0)] (
                    interpolation = "faceVarying"
                )
                point3f[] points = [(0.02, -0.475, 0.16), (0.02, 0.475, 0.16), (0.02, -0.475, -0.16), (0.02, 0.475, -0.16), (-0.02, 0.475, 0.16), (-0.02, -0.475, 0.16), (-0.02, 0.475, -0.16), (-0.02, -0.475, -0.16), (-0.02, 0.475, 0.16), (0.02, 0.475, 0.16), (-0.02, -0.475, 0.16), (0.02, -0.475, 0.16), (-0.02, -0.475, -0.16), (0.02, -0.475, -0.16), (-0.02, 0.475, -0.16), (0.02, 0.475, -0.16), (-0.02, -0.475, 0.16), (0.02, -0.475, 0.16), (-0.02, -0.475, -0.16), (0.02, -0.475, -0.16), (0.02, 0.475, 0.16), (-0.02, 0.475, 0.16), (0.02, 0.475, -0.16), (-0.02, 0.475, -0.16)]
                texCoord2f[] primvars:st = [(0, 0), (0, 1), (1, 0), (0, 1), (1, 1), (1, 0), (0, 0), (0, 1), (1, 0), (0, 1), (1, 1), (1, 0), (0, 0), (0, 1), (1, 0), (0, 1), (1, 1), (1, 0), (0, 0), (0, 1), (1, 0), (0, 1), (1, 1), (1, 0), (0, 0), (0, 1), (1, 0), (0, 1), (1, 1), (1, 0), (0, 0), (0, 1), (1, 0), (0, 1), (1, 1), (1, 0)] (
                    interpolation = "faceVarying"
                )
                uniform token subdivisionScheme = "none"
                custom string userProperties:blender:data_name = "Mesh_5.014"
            }
        }

        def Xform "operator_console"
        {
            custom string userProperties:blender:object_name = "operator_console"
            float3 xformOp:rotateXYZ = (0, -0, 0)
            float3 xformOp:scale = (1, 1, 1)
            double3 xformOp:translate = (1.2400000095367432, -0.8199999928474426, 0.8999999761581421)
            uniform token[] xformOpOrder = ["xformOp:translate", "xformOp:rotateXYZ", "xformOp:scale"]

            def Mesh "Mesh_15_006" (
                active = true
                prepend apiSchemas = ["MaterialBindingAPI"]
            )
            {
                uniform bool doubleSided = 0
                float3[] extent = [(-0.175, -0.125, -0.3), (0.175, 0.125, 0.3)]
                int[] faceVertexCounts = [3, 3, 3, 3, 3, 3, 3, 3, 3, 3, 3, 3]
                int[] faceVertexIndices = [0, 2, 1, 2, 3, 1, 4, 6, 5, 6, 7, 5, 8, 10, 9, 10, 11, 9, 12, 14, 13, 14, 15, 13, 16, 18, 17, 18, 19, 17, 20, 22, 21, 22, 23, 21]
                rel material:binding = </root/_materials/Material_15_006>
                normal3f[] normals = [(1, 0, 0), (1, 0, 0), (1, 0, 0), (1, 0, 0), (1, 0, 0), (1, 0, 0), (-1, 0, 0), (-1, 0, 0), (-1, 0, 0), (-1, 0, 0), (-1, 0, 0), (-1, 0, 0), (0, 0, 1), (0, 0, 1), (0, 0, 1), (0, 0, 1), (0, 0, 1), (0, 0, 1), (0, 0, -1), (0, 0, -1), (0, 0, -1), (0, 0, -1), (0, 0, -1), (0, 0, -1), (0, -1, 0), (0, -1, 0), (0, -1, 0), (0, -1, 0), (0, -1, 0), (0, -1, 0), (0, 1, 0), (0, 1, 0), (0, 1, 0), (0, 1, 0), (0, 1, 0), (0, 1, 0)] (
                    interpolation = "faceVarying"
                )
                point3f[] points = [(0.175, -0.125, 0.3), (0.175, 0.125, 0.3), (0.175, -0.125, -0.3), (0.175, 0.125, -0.3), (-0.175, 0.125, 0.3), (-0.175, -0.125, 0.3), (-0.175, 0.125, -0.3), (-0.175, -0.125, -0.3), (-0.175, 0.125, 0.3), (0.175, 0.125, 0.3), (-0.175, -0.125, 0.3), (0.175, -0.125, 0.3), (-0.175, -0.125, -0.3), (0.175, -0.125, -0.3), (-0.175, 0.125, -0.3), (0.175, 0.125, -0.3), (-0.175, -0.125, 0.3), (0.175, -0.125, 0.3), (-0.175, -0.125, -0.3), (0.175, -0.125, -0.3), (0.175, 0.125, 0.3), (-0.175, 0.125, 0.3), (0.175, 0.125, -0.3), (-0.175, 0.125, -0.3)]
                texCoord2f[] primvars:st = [(0, 0), (0, 1), (1, 0), (0, 1), (1, 1), (1, 0), (0, 0), (0, 1), (1, 0), (0, 1), (1, 1), (1, 0), (0, 0), (0, 1), (1, 0), (0, 1), (1, 1), (1, 0), (0, 0), (0, 1), (1, 0), (0, 1), (1, 1), (1, 0), (0, 0), (0, 1), (1, 0), (0, 1), (1, 1), (1, 0), (0, 0), (0, 1), (1, 0), (0, 1), (1, 1), (1, 0)] (
                    interpolation = "faceVarying"
                )
                uniform token subdivisionScheme = "none"
                custom string userProperties:blender:data_name = "Mesh_15.006"
            }
        }

        def Xform "display"
        {
            custom string userProperties:blender:object_name = "display"
            float3 xformOp:rotateXYZ = (0, -0, 0)
            float3 xformOp:scale = (1, 1, 1)
            double3 xformOp:translate = (1.2400000095367432, -0.9549999833106995, 1)
            uniform token[] xformOpOrder = ["xformOp:translate", "xformOp:rotateXYZ", "xformOp:scale"]

            def Mesh "Mesh_16_006" (
                active = true
                prepend apiSchemas = ["MaterialBindingAPI"]
            )
            {
                uniform bool doubleSided = 0
                float3[] extent = [(-0.13, -0.01, -0.1), (0.13, 0.01, 0.1)]
                int[] faceVertexCounts = [3, 3, 3, 3, 3, 3, 3, 3, 3, 3, 3, 3]
                int[] faceVertexIndices = [0, 2, 1, 2, 3, 1, 4, 6, 5, 6, 7, 5, 8, 10, 9, 10, 11, 9, 12, 14, 13, 14, 15, 13, 16, 18, 17, 18, 19, 17, 20, 22, 21, 22, 23, 21]
                rel material:binding = </root/_materials/Material_16_006>
                normal3f[] normals = [(1, 0, 0), (1, 0, 0), (1, 0, 0), (1, 0, 0), (1, 0, 0), (1, 0, 0), (-1, 0, 0), (-1, 0, 0), (-1, 0, 0), (-1, 0, 0), (-1, 0, 0), (-1, 0, 0), (0, 0, 1), (0, 0, 1), (0, 0, 1), (0, 0, 1), (0, 0, 1), (0, 0, 1), (0, 0, -1), (0, 0, -1), (0, 0, -1), (0, 0, -1), (0, 0, -1), (0, 0, -1), (0, -1, 0), (0, -1, 0), (0, -1, 0), (0, -1, 0), (0, -1, 0), (0, -1, 0), (0, 1, 0), (0, 1, 0), (0, 1, 0), (0, 1, 0), (0, 1, 0), (0, 1, 0)] (
                    interpolation = "faceVarying"
                )
                point3f[] points = [(0.13, -0.01, 0.1), (0.13, 0.01, 0.1), (0.13, -0.01, -0.1), (0.13, 0.01, -0.1), (-0.13, 0.01, 0.1), (-0.13, -0.01, 0.1), (-0.13, 0.01, -0.1), (-0.13, -0.01, -0.1), (-0.13, 0.01, 0.1), (0.13, 0.01, 0.1), (-0.13, -0.01, 0.1), (0.13, -0.01, 0.1), (-0.13, -0.01, -0.1), (0.13, -0.01, -0.1), (-0.13, 0.01, -0.1), (0.13, 0.01, -0.1), (-0.13, -0.01, 0.1), (0.13, -0.01, 0.1), (-0.13, -0.01, -0.1), (0.13, -0.01, -0.1), (0.13, 0.01, 0.1), (-0.13, 0.01, 0.1), (0.13, 0.01, -0.1), (-0.13, 0.01, -0.1)]
                texCoord2f[] primvars:st = [(0, 0), (0, 1), (1, 0), (0, 1), (1, 1), (1, 0), (0, 0), (0, 1), (1, 0), (0, 1), (1, 1), (1, 0), (0, 0), (0, 1), (1, 0), (0, 1), (1, 1), (1, 0), (0, 0), (0, 1), (1, 0), (0, 1), (1, 1), (1, 0), (0, 0), (0, 1), (1, 0), (0, 1), (1, 1), (1, 0), (0, 0), (0, 1), (1, 0), (0, 1), (1, 1), (1, 0)] (
                    interpolation = "faceVarying"
                )
                uniform token subdivisionScheme = "none"
                custom string userProperties:blender:data_name = "Mesh_16.006"
            }
        }

        def Xform "lid_handwheel_2"
        {
            custom string userProperties:blender:object_name = "lid_handwheel_2"
            float3 xformOp:rotateXYZ = (0, -0, 90.00001)
            float3 xformOp:scale = (1.0000001, 1.0000001, 1)
            double3 xformOp:translate = (0.4399999976158142, 0, 0.8700000047683716)
            uniform token[] xformOpOrder = ["xformOp:translate", "xformOp:rotateXYZ", "xformOp:scale"]

            def Mesh "Mesh_8_010" (
                active = true
                prepend apiSchemas = ["MaterialBindingAPI"]
            )
            {
                uniform bool doubleSided = 0
                float3[] extent = [(-0.23, -0.03, -0.23), (0.23, 0.03, 0.23)]
                int[] faceVertexCounts = [3, 3, 3, 3, 3, 3, 3, 3, 3, 3, 3, 3, 3, 3, 3, 3, 3, 3, 3, 3, 3, 3, 3, 3, 3, 3, 3, 3, 3, 3, 3, 3, 3, 3, 3, 3, 3, 3, 3, 3, 3, 3, 3, 3, 3, 3, 3, 3, 3, 3, 3, 3, 3, 3, 3, 3, 3, 3, 3, 3, 3, 3, 3, 3, 3, 3, 3, 3, 3, 3, 3, 3, 3, 3, 3, 3, 3, 3, 3, 3, 3, 3, 3, 3, 3, 3, 3, 3, 3, 3, 3, 3, 3, 3, 3, 3, 3, 3, 3, 3, 3, 3, 3, 3, 3, 3, 3, 3, 3, 3, 3, 3, 3, 3, 3, 3, 3, 3, 3, 3, 3, 3, 3, 3, 3, 3, 3, 3, 3, 3, 3, 3, 3, 3, 3, 3, 3, 3, 3, 3, 3, 3, 3, 3, 3, 3, 3, 3, 3, 3, 3, 3, 3, 3, 3, 3, 3, 3, 3, 3, 3, 3, 3, 3, 3, 3, 3, 3, 3, 3, 3, 3, 3, 3, 3, 3, 3, 3, 3, 3, 3, 3, 3, 3, 3, 3, 3, 3, 3, 3, 3, 3, 3, 3, 3, 3, 3, 3, 3, 3, 3, 3, 3, 3, 3, 3, 3, 3, 3, 3, 3, 3, 3, 3, 3, 3, 3, 3, 3, 3, 3, 3, 3, 3, 3, 3, 3, 3, 3, 3, 3, 3, 3, 3, 3, 3, 3, 3, 3, 3, 3, 3, 3, 3, 3, 3, 3, 3, 3, 3, 3, 3, 3, 3, 3, 3, 3, 3, 3, 3, 3, 3, 3, 3, 3, 3, 3, 3, 3, 3, 3, 3, 3, 3, 3, 3, 3, 3, 3, 3, 3, 3, 3, 3, 3, 3, 3, 3, 3, 3, 3, 3, 3, 3, 3, 3, 3, 3, 3, 3, 3, 3, 3, 3, 3, 3, 3, 3, 3, 3, 3, 3, 3, 3, 3, 3, 3, 3, 3, 3, 3, 3, 3, 3, 3, 3, 3, 3, 3, 3, 3, 3, 3, 3, 3, 3, 3, 3, 3, 3, 3, 3, 3, 3, 3, 3, 3, 3, 3, 3, 3, 3, 3, 3, 3, 3, 3, 3, 3, 3, 3, 3, 3, 3, 3, 3, 3, 3, 3, 3, 3, 3, 3, 3, 3, 3, 3, 3, 3, 3, 3, 3, 3, 3]
                int[] faceVertexIndices = [25, 0, 26, 0, 1, 26, 26, 1, 27, 1, 2, 27, 27, 2, 28, 2, 3, 28, 28, 3, 29, 3, 4, 29, 29, 4, 30, 4, 5, 30, 30, 5, 31, 5, 6, 31, 31, 6, 32, 6, 7, 32, 32, 7, 33, 7, 8, 33, 33, 8, 34, 8, 9, 34, 34, 9, 35, 9, 10, 35, 35, 10, 36, 10, 11, 36, 36, 11, 37, 11, 12, 37, 37, 12, 38, 12, 13, 38, 38, 13, 39, 13, 14, 39, 39, 14, 40, 14, 15, 40, 40, 15, 41, 15, 16, 41, 41, 16, 42, 16, 17, 42, 42, 17, 43, 17, 18, 43, 43, 18, 44, 18, 19, 44, 44, 19, 45, 19, 20, 45, 45, 20, 46, 20, 21, 46, 46, 21, 47, 21, 22, 47, 47, 22, 48, 22, 23, 48, 48, 23, 49, 23, 24, 49, 50, 25, 51, 25, 26, 51, 51, 26, 52, 26, 27, 52, 52, 27, 53, 27, 28, 53, 53, 28, 54, 28, 29, 54, 54, 29, 55, 29, 30, 55, 55, 30, 56, 30, 31, 56, 56, 31, 57, 31, 32, 57, 57, 32, 58, 32, 33, 58, 58, 33, 59, 33, 34, 59, 59, 34, 60, 34, 35, 60, 60, 35, 61, 35, 36, 61, 61, 36, 62, 36, 37, 62, 62, 37, 63, 37, 38, 63, 63, 38, 64, 38, 39, 64, 64, 39, 65, 39, 40, 65, 65, 40, 66, 40, 41, 66, 66, 41, 67, 41, 42, 67, 67, 42, 68, 42, 43, 68, 68, 43, 69, 43, 44, 69, 69, 44, 70, 44, 45, 70, 70, 45, 71, 45, 46, 71, 71, 46, 72, 46, 47, 72, 72, 47, 73, 47, 48, 73, 73, 48, 74, 48, 49, 74, 75, 50, 76, 50, 51, 76, 76, 51, 77, 51, 52, 77, 77, 52, 78, 52, 53, 78, 78, 53, 79, 53, 54, 79, 79, 54, 80, 54, 55, 80, 80, 55, 81, 55, 56, 81, 81, 56, 82, 56, 57, 82, 82, 57, 83, 57, 58, 83, 83, 58, 84, 58, 59, 84, 84, 59, 85, 59, 60, 85, 85, 60, 86, 60, 61, 86, 86, 61, 87, 61, 62, 87, 87, 62, 88, 62, 63, 88, 88, 63, 89, 63, 64, 89, 89, 64, 90, 64, 65, 90, 90, 65, 91, 65, 66, 91, 91, 66, 92, 66, 67, 92, 92, 67, 93, 67, 68, 93, 93, 68, 94, 68, 69, 94, 94, 69, 95, 69, 70, 95, 95, 70, 96, 70, 71, 96, 96, 71, 97, 71, 72, 97, 97, 72, 98, 72, 73, 98, 98, 73, 99, 73, 74, 99, 100, 75, 101, 75, 76, 101, 101, 76, 102, 76, 77, 102, 102, 77, 103, 77, 78, 103, 103, 78, 104, 78, 79, 104, 104, 79, 105, 79, 80, 105, 105, 80, 106, 80, 81, 106, 106, 81, 107, 81, 82, 107, 107, 82, 108, 82, 83, 108, 108, 83, 109, 83, 84, 109, 109, 84, 110, 84, 85, 110, 110, 85, 111, 85, 86, 111, 111, 86, 112, 86, 87, 112, 112, 87, 113, 87, 88, 113, 113, 88, 114, 88, 89, 114, 114, 89, 115, 89, 90, 115, 115, 90, 116, 90, 91, 116, 116, 91, 117, 91, 92, 117, 117, 92, 118, 92, 93, 118, 118, 93, 119, 93, 94, 119, 119, 94, 120, 94, 95, 120, 120, 95, 121, 95, 96, 121, 121, 96, 122, 96, 97, 122, 122, 97, 123, 97, 98, 123, 123, 98, 124, 98, 99, 124, 125, 100, 126, 100, 101, 126, 126, 101, 127, 101, 102, 127, 127, 102, 128, 102, 103, 128, 128, 103, 129, 103, 104, 129, 129, 104, 130, 104, 105, 130, 130, 105, 131, 105, 106, 131, 131, 106, 132, 106, 107, 132, 132, 107, 133, 107, 108, 133, 133, 108, 134, 108, 109, 134, 134, 109, 135, 109, 110, 135, 135, 110, 136, 110, 111, 136, 136, 111, 137, 111, 112, 137, 137, 112, 138, 112, 113, 138, 138, 113, 139, 113, 114, 139, 139, 114, 140, 114, 115, 140, 140, 115, 141, 115, 116, 141, 141, 116, 142, 116, 117, 142, 142, 117, 143, 117, 118, 143, 143, 118, 144, 118, 119, 144, 144, 119, 145, 119, 120, 145, 145, 120, 146, 120, 121, 146, 146, 121, 147, 121, 122, 147, 147, 122, 148, 122, 123, 148, 148, 123, 149, 123, 124, 149, 150, 125, 151, 125, 126, 151, 151, 126, 152, 126, 127, 152, 152, 127, 153, 127, 128, 153, 153, 128, 154, 128, 129, 154, 154, 129, 155, 129, 130, 155, 155, 130, 156, 130, 131, 156, 156, 131, 157, 131, 132, 157, 157, 132, 158, 132, 133, 158, 158, 133, 159, 133, 134, 159, 159, 134, 160, 134, 135, 160, 160, 135, 161, 135, 136, 161, 161, 136, 162, 136, 137, 162, 162, 137, 163, 137, 138, 163, 163, 138, 164, 138, 139, 164, 164, 139, 165, 139, 140, 165, 165, 140, 166, 140, 141, 166, 166, 141, 167, 141, 142, 167, 167, 142, 168, 142, 143, 168, 168, 143, 169, 143, 144, 169, 169, 144, 170, 144, 145, 170, 170, 145, 171, 145, 146, 171, 171, 146, 172, 146, 147, 172, 172, 147, 173, 147, 148, 173, 173, 148, 174, 148, 149, 174, 175, 150, 176, 150, 151, 176, 176, 151, 177, 151, 152, 177, 177, 152, 178, 152, 153, 178, 178, 153, 179, 153, 154, 179, 179, 154, 180, 154, 155, 180, 180, 155, 181, 155, 156, 181, 181, 156, 182, 156, 157, 182, 182, 157, 183, 157, 158, 183, 183, 158, 184, 158, 159, 184, 184, 159, 185, 159, 160, 185, 185, 160, 186, 160, 161, 186, 186, 161, 187, 161, 162, 187, 187, 162, 188, 162, 163, 188, 188, 163, 189, 163, 164, 189, 189, 164, 190, 164, 165, 190, 190, 165, 191, 165, 166, 191, 191, 166, 192, 166, 167, 192, 192, 167, 193, 167, 168, 193, 193, 168, 194, 168, 169, 194, 194, 169, 195, 169, 170, 195, 195, 170, 196, 170, 171, 196, 196, 171, 197, 171, 172, 197, 197, 172, 198, 172, 173, 198, 198, 173, 199, 173, 174, 199, 200, 175, 201, 175, 176, 201, 201, 176, 202, 176, 177, 202, 202, 177, 203, 177, 178, 203, 203, 178, 204, 178, 179, 204, 204, 179, 205, 179, 180, 205, 205, 180, 206, 180, 181, 206, 206, 181, 207, 181, 182, 207, 207, 182, 208, 182, 183, 208, 208, 183, 209, 183, 184, 209, 209, 184, 210, 184, 185, 210, 210, 185, 211, 185, 186, 211, 211, 186, 212, 186, 187, 212, 212, 187, 213, 187, 188, 213, 213, 188, 214, 188, 189, 214, 214, 189, 215, 189, 190, 215, 215, 190, 216, 190, 191, 216, 216, 191, 217, 191, 192, 217, 217, 192, 218, 192, 193, 218, 218, 193, 219, 193, 194, 219, 219, 194, 220, 194, 195, 220, 220, 195, 221, 195, 196, 221, 221, 196, 222, 196, 197, 222, 222, 197, 223, 197, 198, 223, 223, 198, 224, 198, 199, 224]
                rel material:binding = </root/_materials/Material_8_010>
                normal3f[] normals = [(0.7071119, -0.7071017, 0.000048346817), (1, -0.000027775764, 0.000020168722), (0.68302125, -0.7070971, 0.18301806), (1, -0.000027775764, 0.000020168722), (0.9659208, -0.000055879354, 0.2588377), (0.68302125, -0.7070971, 0.18301806), (0.68302125, -0.7070971, 0.18301806), (0.9659208, -0.000055879354, 0.2588377), (0.6123794, -0.7070971, 0.35356078), (0.9659208, -0.000055879354, 0.2588377), (0.8660158, -0.000056117773, 0.50001675), (0.6123794, -0.7070971, 0.35356078), (0.6123794, -0.7070971, 0.35356078), (0.8660158, -0.000056117773, 0.50001675), (0.5000049, -0.7070969, 0.50000906), (0.8660158, -0.000056117773, 0.50001675), (0.70709294, -0.000055491924, 0.70712066), (0.5000049, -0.7070969, 0.50000906), (0.5000049, -0.7070969, 0.50000906), (0.70709294, -0.000055491924, 0.70712066), (0.3535592, -0.70709705, 0.6123803), (0.70709294, -0.000055491924, 0.70712066), (0.499983, -0.000055789948, 0.8660352), (0.3535592, -0.70709705, 0.6123803), (0.3535592, -0.70709705, 0.6123803), (0.499983, -0.000055789948, 0.8660352), (0.1830123, -0.7070972, 0.6830228), (0.499983, -0.000055789948, 0.8660352), (0.25880045, -0.00005605817, 0.96593076), (0.1830123, -0.7070972, 0.6830228), (0.1830123, -0.7070972, 0.6830228), (0.25880045, -0.00005605817, 0.96593076), (-0.0000029595103, -0.70709693, 0.7071166), (0.25880045, -0.00005605817, 0.96593076), (-0.000019310042, -0.00005558133, 1), (-0.0000029595103, -0.70709693, 0.7071166), (-0.0000029595103, -0.70709693, 0.7071166), (-0.000019310042, -0.00005558133, 1), (-0.18301417, -0.7070971, 0.6830223), (-0.000019310042, -0.00005558133, 1), (-0.2588379, -0.000055998564, 0.9659207), (-0.18301417, -0.7070971, 0.6830223), (-0.18301417, -0.7070971, 0.6830223), (-0.2588379, -0.000055998564, 0.9659207), (-0.35356092, -0.70709693, 0.61237943), (-0.2588379, -0.000055998564, 0.9659207), (-0.5000166, -0.000055462122, 0.8660158), (-0.35356092, -0.70709693, 0.61237943), (-0.35356092, -0.70709693, 0.61237943), (-0.5000166, -0.000055462122, 0.8660158), (-0.5000061, -0.7070971, 0.5000076), (-0.5000166, -0.000055462122, 0.8660158), (-0.70712054, -0.00005567074, 0.707093), (-0.5000061, -0.7070971, 0.5000076), (-0.5000061, -0.7070971, 0.5000076), (-0.70712054, -0.00005567074, 0.707093), (-0.6123823, -0.7070971, 0.35355562), (-0.70712054, -0.00005567074, 0.707093), (-0.866035, -0.000056028366, 0.49998334), (-0.6123823, -0.7070971, 0.35355562), (-0.6123823, -0.7070971, 0.35355562), (-0.866035, -0.000056028366, 0.49998334), (-0.6830228, -0.7070971, 0.18301232), (-0.866035, -0.000056028366, 0.49998334), (-0.9659309, -0.000056147575, 0.25880024), (-0.6830228, -0.7070971, 0.18301232), (-0.6830228, -0.7070971, 0.18301232), (-0.9659309, -0.000056147575, 0.25880024), (-0.7071164, -0.7070972, -0.0000030430965), (-0.9659309, -0.000056147575, 0.25880024), (-0.99999994, -0.00005593896, -0.00001954846), (-0.7071164, -0.7070972, -0.0000030430965), (-0.7071164, -0.7070972, -0.0000030430965), (-0.99999994, -0.00005593896, -0.00001954846), (-0.68302125, -0.7070971, -0.18301806), (-0.99999994, -0.00005593896, -0.00001954846), (-0.9659208, -0.000055879354, -0.2588377), (-0.68302125, -0.7070971, -0.18301806), (-0.68302125, -0.7070971, -0.18301806), (-0.9659208, -0.000055879354, -0.2588377), (-0.6123794, -0.7070971, -0.35356078), (-0.9659208, -0.000055879354, -0.2588377), (-0.8660158, -0.000056117773, -0.50001675), (-0.6123794, -0.7070971, -0.35356078), (-0.6123794, -0.7070971, -0.35356078), (-0.8660158, -0.000056117773, -0.50001675), (-0.5000049, -0.7070969, -0.50000906), (-0.8660158, -0.000056117773, -0.50001675), (-0.70709294, -0.000055491924, -0.70712066), (-0.5000049, -0.7070969, -0.50000906), (-0.5000049, -0.7070969, -0.50000906), (-0.70709294, -0.000055491924, -0.70712066), (-0.3535592, -0.70709705, -0.6123803), (-0.70709294, -0.000055491924, -0.70712066), (-0.499983, -0.000055789948, -0.8660352), (-0.3535592, -0.70709705, -0.6123803), (-0.3535592, -0.70709705, -0.6123803), (-0.499983, -0.000055789948, -0.8660352), (-0.1830123, -0.7070972, -0.6830228), (-0.499983, -0.000055789948, -0.8660352), (-0.25880045, -0.00005605817, -0.96593076), (-0.1830123, -0.7070972, -0.6830228), (-0.1830123, -0.7070972, -0.6830228), (-0.25880045, -0.00005605817, -0.96593076), (0.0000029595103, -0.70709693, -0.7071166), (-0.25880045, -0.00005605817, -0.96593076), (0.000019310042, -0.00005558133, -1), (0.0000029595103, -0.70709693, -0.7071166), (0.0000029595103, -0.70709693, -0.7071166), (0.000019310042, -0.00005558133, -1), (0.18301417, -0.7070971, -0.6830223), (0.000019310042, -0.00005558133, -1), (0.2588379, -0.000055998564, -0.9659207), (0.18301417, -0.7070971, -0.6830223), (0.18301417, -0.7070971, -0.6830223), (0.2588379, -0.000055998564, -0.9659207), (0.35356092, -0.70709693, -0.61237943), (0.2588379, -0.000055998564, -0.9659207), (0.5000166, -0.000055462122, -0.8660158), (0.35356092, -0.70709693, -0.61237943), (0.35356092, -0.70709693, -0.61237943), (0.5000166, -0.000055462122, -0.8660158), (0.5000061, -0.7070971, -0.5000076), (0.5000166, -0.000055462122, -0.8660158), (0.70712054, -0.00005567074, -0.707093), (0.5000061, -0.7070971, -0.5000076), (0.5000061, -0.7070971, -0.5000076), (0.70712054, -0.00005567074, -0.707093), (0.6123823, -0.7070971, -0.35355562), (0.70712054, -0.00005567074, -0.707093), (0.866035, -0.000056028366, -0.49998334), (0.6123823, -0.7070971, -0.35355562), (0.6123823, -0.7070971, -0.35355562), (0.866035, -0.000056028366, -0.49998334), (0.6830228, -0.7070971, -0.18301232), (0.866035, -0.000056028366, -0.49998334), (0.9659309, -0.000056147575, -0.25880024), (0.6830228, -0.7070971, -0.18301232), (0.6830228, -0.7070971, -0.18301232), (0.9659309, -0.000056147575, -0.25880024), (0.7071101, -0.70710343, -0.00003453344), (0.9659309, -0.000056147575, -0.25880024), (1, -0.000032410957, -0.0000050365925), (0.7071101, -0.70710343, -0.00003453344), (0.000032244374, -1, 0.000006540213), (0.7071119, -0.7071017, 0.000048346817), (0.00002207607, -1, 0.000003898982), (0.7071119, -0.7071017, 0.000048346817), (0.68302125, -0.7070971, 0.18301806), (0.00002207607, -1, 0.000003898982), (0.00002207607, -1, 0.000003898982), (0.68302125, -0.7070971, 0.18301806), (0.000020492822, -0.99999994, 0.000009620562), (0.68302125, -0.7070971, 0.18301806), (0.6123794, -0.7070971, 0.35356078), (0.000020492822, -0.99999994, 0.000009620562), (0.000020492822, -0.99999994, 0.000009620562), (0.6123794, -0.7070971, 0.35356078), (0.000013185665, -0.99999994, 0.000018974766), (0.6123794, -0.7070971, 0.35356078), (0.5000049, -0.7070969, 0.50000906), (0.000013185665, -0.99999994, 0.000018974766), (0.000013185665, -0.99999994, 0.000018974766), (0.5000049, -0.7070969, 0.50000906), (0.000012904406, -1, 0.000018492341), (0.5000049, -0.7070969, 0.50000906), (0.3535592, -0.70709705, 0.6123803), (0.000012904406, -1, 0.000018492341), (0.000012904406, -1, 0.000018492341), (0.3535592, -0.70709705, 0.6123803), (0.0000018728897, -0.99999994, 0.000022890046), (0.3535592, -0.70709705, 0.6123803), (0.1830123, -0.7070972, 0.6830228), (0.0000018728897, -0.99999994, 0.000022890046), (0.0000018728897, -0.99999994, 0.000022890046), (0.1830123, -0.7070972, 0.6830228), (0.000001953449, -1, 0.00002258271), (0.1830123, -0.7070972, 0.6830228), (-0.0000029595103, -0.70709693, 0.7071166), (0.000001953449, -1, 0.00002258271), (0.000001953449, -1, 0.00002258271), (-0.0000029595103, -0.70709693, 0.7071166), (-0.000009783078, -0.9999999, 0.00002077967), (-0.0000029595103, -0.70709693, 0.7071166), (-0.18301417, -0.7070971, 0.6830223), (-0.000009783078, -0.9999999, 0.00002077967), (-0.000009783078, -0.9999999, 0.00002077967), (-0.18301417, -0.7070971, 0.6830223), (-0.000009616837, -1, 0.00002049841), (-0.18301417, -0.7070971, 0.6830223), (-0.35356092, -0.70709693, 0.61237943), (-0.000009616837, -1, 0.00002049841), (-0.000009616837, -1, 0.00002049841), (-0.35356092, -0.70709693, 0.61237943), (-0.000014645979, -1, 0.000017398968), (-0.35356092, -0.70709693, 0.61237943), (-0.5000061, -0.7070971, 0.5000076), (-0.000014645979, -1, 0.000017398968), (-0.000014645979, -1, 0.000017398968), (-0.5000061, -0.7070971, 0.5000076), (-0.000021567568, -0.99999994, 0.000007705763), (-0.5000061, -0.7070971, 0.5000076), (-0.6123823, -0.7070971, 0.35355562), (-0.000021567568, -0.99999994, 0.000007705763), (-0.000021567568, -0.99999994, 0.000007705763), (-0.6123823, -0.7070971, 0.35355562), (-0.000021269545, -1, 0.000007701106), (-0.6123823, -0.7070971, 0.35355562), (-0.6830228, -0.7070971, 0.18301232), (-0.000021269545, -1, 0.000007701106), (-0.000021269545, -1, 0.000007701106), (-0.6830228, -0.7070971, 0.18301232), (-0.000022612512, -1, 0.0000019608997), (-0.6830228, -0.7070971, 0.18301232), (-0.7071164, -0.7070972, -0.0000030430965), (-0.000022612512, -1, 0.0000019608997), (-0.000022612512, -1, 0.0000019608997), (-0.7071164, -0.7070972, -0.0000030430965), (-0.00002207607, -1, -0.000003898982), (-0.7071164, -0.7070972, -0.0000030430965), (-0.68302125, -0.7070971, -0.18301806), (-0.00002207607, -1, -0.000003898982), (-0.00002207607, -1, -0.000003898982), (-0.68302125, -0.7070971, -0.18301806), (-0.000020492822, -0.99999994, -0.000009620562), (-0.68302125, -0.7070971, -0.18301806), (-0.6123794, -0.7070971, -0.35356078), (-0.000020492822, -0.99999994, -0.000009620562), (-0.000020492822, -0.99999994, -0.000009620562), (-0.6123794, -0.7070971, -0.35356078), (-0.000013185665, -0.99999994, -0.000018974766), (-0.6123794, -0.7070971, -0.35356078), (-0.5000049, -0.7070969, -0.50000906), (-0.000013185665, -0.99999994, -0.000018974766), (-0.000013185665, -0.99999994, -0.000018974766), (-0.5000049, -0.7070969, -0.50000906), (-0.000012904406, -1, -0.000018492341), (-0.5000049, -0.7070969, -0.50000906), (-0.3535592, -0.70709705, -0.6123803), (-0.000012904406, -1, -0.000018492341), (-0.000012904406, -1, -0.000018492341), (-0.3535592, -0.70709705, -0.6123803), (-0.0000018728897, -0.99999994, -0.000022890046), (-0.3535592, -0.70709705, -0.6123803), (-0.1830123, -0.7070972, -0.6830228), (-0.0000018728897, -0.99999994, -0.000022890046), (-0.0000018728897, -0.99999994, -0.000022890046), (-0.1830123, -0.7070972, -0.6830228), (-0.000001953449, -1, -0.00002258271), (-0.1830123, -0.7070972, -0.6830228), (0.0000029595103, -0.70709693, -0.7071166), (-0.000001953449, -1, -0.00002258271), (-0.000001953449, -1, -0.00002258271), (0.0000029595103, -0.70709693, -0.7071166), (0.000009783078, -0.9999999, -0.00002077967), (0.0000029595103, -0.70709693, -0.7071166), (0.18301417, -0.7070971, -0.6830223), (0.000009783078, -0.9999999, -0.00002077967), (0.000009783078, -0.9999999, -0.00002077967), (0.18301417, -0.7070971, -0.6830223), (0.000009616837, -1, -0.00002049841), (0.18301417, -0.7070971, -0.6830223), (0.35356092, -0.70709693, -0.61237943), (0.000009616837, -1, -0.00002049841), (0.000009616837, -1, -0.00002049841), (0.35356092, -0.70709693, -0.61237943), (0.000014645979, -1, -0.000017398968), (0.35356092, -0.70709693, -0.61237943), (0.5000061, -0.7070971, -0.5000076), (0.000014645979, -1, -0.000017398968), (0.000014645979, -1, -0.000017398968), (0.5000061, -0.7070971, -0.5000076), (0.000021567568, -0.99999994, -0.000007705763), (0.5000061, -0.7070971, -0.5000076), (0.6123823, -0.7070971, -0.35355562), (0.000021567568, -0.99999994, -0.000007705763), (0.000021567568, -0.99999994, -0.000007705763), (0.6123823, -0.7070971, -0.35355562), (0.000021269545, -1, -0.000007701106), (0.6123823, -0.7070971, -0.35355562), (0.6830228, -0.7070971, -0.18301232), (0.000021269545, -1, -0.000007701106), (0.000021269545, -1, -0.000007701106), (0.6830228, -0.7070971, -0.18301232), (0.000023176039, -1, -0.000005632639), (0.6830228, -0.7070971, -0.18301232), (0.7071101, -0.70710343, -0.00003453344), (0.000023176039, -1, -0.000005632639), (-0.7071023, -0.7071113, -0.0000230968), (0.000032244374, -1, 0.000006540213), (-0.68299156, -0.7071294, -0.1830038), (0.000032244374, -1, 0.000006540213), (0.00002207607, -1, 0.000003898982), (-0.68299156, -0.7071294, -0.1830038), (-0.68299156, -0.7071294, -0.1830038), (0.00002207607, -1, 0.000003898982), (-0.61238617, -0.7070927, -0.35355774), (0.00002207607, -1, 0.000003898982), (0.000020492822, -0.99999994, 0.000009620562), (-0.61238617, -0.7070927, -0.35355774), (-0.61238617, -0.7070927, -0.35355774), (0.000020492822, -0.99999994, 0.000009620562), (-0.4999861, -0.7071296, -0.4999816), (0.000020492822, -0.99999994, 0.000009620562), (0.000013185665, -0.99999994, 0.000018974766), (-0.4999861, -0.7071296, -0.4999816), (-0.4999861, -0.7071296, -0.4999816), (0.000013185665, -0.99999994, 0.000018974766), (-0.3535631, -0.7070927, -0.61238307), (0.000013185665, -0.99999994, 0.000018974766), (0.000012904406, -1, 0.000018492341), (-0.3535631, -0.7070927, -0.61238307), (-0.3535631, -0.7070927, -0.61238307), (0.000012904406, -1, 0.000018492341), (-0.1830192, -0.7070929, -0.6830253), (0.000012904406, -1, 0.000018492341), (0.0000018728897, -0.99999994, 0.000022890046), (-0.1830192, -0.7070929, -0.6830253), (-0.1830192, -0.7070929, -0.6830253), (0.0000018728897, -0.99999994, 0.000022890046), (-0.0000031129457, -0.70709276, -0.70712084), (0.0000018728897, -0.99999994, 0.000022890046), (0.000001953449, -1, 0.00002258271), (-0.0000031129457, -0.70709276, -0.70712084), (-0.0000031129457, -0.70709276, -0.70712084), (0.000001953449, -1, 0.00002258271), (0.18301335, -0.7070929, -0.68302697), (0.000001953449, -1, 0.00002258271), (-0.000009783078, -0.9999999, 0.00002077967), (0.18301335, -0.7070929, -0.68302697), (0.18301335, -0.7070929, -0.68302697), (-0.000009783078, -0.9999999, 0.00002077967), (0.35353944, -0.7071294, -0.6123544), (-0.000009783078, -0.9999999, 0.00002077967), (-0.000009616837, -1, 0.00002049841), (0.35353944, -0.7071294, -0.6123544), (0.35353944, -0.7071294, -0.6123544), (-0.000009616837, -1, 0.00002049841), (0.50000745, -0.707093, -0.50001204), (-0.000009616837, -1, 0.00002049841), (-0.000014645979, -1, 0.000017398968), (0.50000745, -0.707093, -0.50001204), (0.50000745, -0.707093, -0.50001204), (-0.000014645979, -1, 0.000017398968), (0.612383, -0.7070928, -0.353563), (-0.000014645979, -1, 0.000017398968), (-0.000021567568, -0.99999994, 0.000007705763), (0.612383, -0.7070928, -0.353563), (0.612383, -0.7070928, -0.353563), (-0.000021567568, -0.99999994, 0.000007705763), (0.6830254, -0.7070927, -0.18301943), (-0.000021567568, -0.99999994, 0.000007705763), (-0.000021269545, -1, 0.000007701106), (0.6830254, -0.7070927, -0.18301943), (0.6830254, -0.7070927, -0.18301943), (-0.000021269545, -1, 0.000007701106), (0.7071209, -0.70709264, -0.0000030978117), (-0.000021269545, -1, 0.000007701106), (-0.000022612512, -1, 0.0000019608997), (0.7071209, -0.70709264, -0.0000030978117), (0.7071209, -0.70709264, -0.0000030978117), (-0.000022612512, -1, 0.0000019608997), (0.68299156, -0.7071294, 0.1830038), (-0.000022612512, -1, 0.0000019608997), (-0.00002207607, -1, -0.000003898982), (0.68299156, -0.7071294, 0.1830038), (0.68299156, -0.7071294, 0.1830038), (-0.00002207607, -1, -0.000003898982), (0.61238617, -0.7070927, 0.35355774), (-0.00002207607, -1, -0.000003898982), (-0.000020492822, -0.99999994, -0.000009620562), (0.61238617, -0.7070927, 0.35355774), (0.61238617, -0.7070927, 0.35355774), (-0.000020492822, -0.99999994, -0.000009620562), (0.4999861, -0.7071296, 0.4999816), (-0.000020492822, -0.99999994, -0.000009620562), (-0.000013185665, -0.99999994, -0.000018974766), (0.4999861, -0.7071296, 0.4999816), (0.4999861, -0.7071296, 0.4999816), (-0.000013185665, -0.99999994, -0.000018974766), (0.3535631, -0.7070927, 0.61238307), (-0.000013185665, -0.99999994, -0.000018974766), (-0.000012904406, -1, -0.000018492341), (0.3535631, -0.7070927, 0.61238307), (0.3535631, -0.7070927, 0.61238307), (-0.000012904406, -1, -0.000018492341), (0.1830192, -0.7070929, 0.6830253), (-0.000012904406, -1, -0.000018492341), (-0.0000018728897, -0.99999994, -0.000022890046), (0.1830192, -0.7070929, 0.6830253), (0.1830192, -0.7070929, 0.6830253), (-0.0000018728897, -0.99999994, -0.000022890046), (0.0000031129457, -0.70709276, 0.70712084), (-0.0000018728897, -0.99999994, -0.000022890046), (-0.000001953449, -1, -0.00002258271), (0.0000031129457, -0.70709276, 0.70712084), (0.0000031129457, -0.70709276, 0.70712084), (-0.000001953449, -1, -0.00002258271), (-0.18301335, -0.7070929, 0.68302697), (-0.000001953449, -1, -0.00002258271), (0.000009783078, -0.9999999, -0.00002077967), (-0.18301335, -0.7070929, 0.68302697), (-0.18301335, -0.7070929, 0.68302697), (0.000009783078, -0.9999999, -0.00002077967), (-0.35353944, -0.7071294, 0.6123544), (0.000009783078, -0.9999999, -0.00002077967), (0.000009616837, -1, -0.00002049841), (-0.35353944, -0.7071294, 0.6123544), (-0.35353944, -0.7071294, 0.6123544), (0.000009616837, -1, -0.00002049841), (-0.50000745, -0.707093, 0.50001204), (0.000009616837, -1, -0.00002049841), (0.000014645979, -1, -0.000017398968), (-0.50000745, -0.707093, 0.50001204), (-0.50000745, -0.707093, 0.50001204), (0.000014645979, -1, -0.000017398968), (-0.612383, -0.7070928, 0.353563), (0.000014645979, -1, -0.000017398968), (0.000021567568, -0.99999994, -0.000007705763), (-0.612383, -0.7070928, 0.353563), (-0.612383, -0.7070928, 0.353563), (0.000021567568, -0.99999994, -0.000007705763), (-0.6830254, -0.7070927, 0.18301943), (0.000021567568, -0.99999994, -0.000007705763), (0.000021269545, -1, -0.000007701106), (-0.6830254, -0.7070927, 0.18301943), (-0.6830254, -0.7070927, 0.18301943), (0.000021269545, -1, -0.000007701106), (-0.7070997, -0.7071138, 0.000022374094), (0.000021269545, -1, -0.000007701106), (0.000023176039, -1, -0.000005632639), (-0.7070997, -0.7071138, 0.000022374094), (-1, -0.000010131858, -0.000050261617), (-0.7071023, -0.7071113, -0.0000230968), (-0.9659259, -1.00250395e-8, -0.258819), (-0.7071023, -0.7071113, -0.0000230968), (-0.68299156, -0.7071294, -0.1830038), (-0.9659259, -1.00250395e-8, -0.258819), (-0.9659259, -1.00250395e-8, -0.258819), (-0.68299156, -0.7071294, -0.1830038), (-0.8660254, 1.7042565e-7, -0.50000006), (-0.68299156, -0.7071294, -0.1830038), (-0.61238617, -0.7070927, -0.35355774), (-0.8660254, 1.7042565e-7, -0.50000006), (-0.8660254, 1.7042565e-7, -0.50000006), (-0.61238617, -0.7070927, -0.35355774), (-0.70710677, 1.2030047e-7, -0.70710677), (-0.61238617, -0.7070927, -0.35355774), (-0.4999861, -0.7071296, -0.4999816), (-0.70710677, 1.2030047e-7, -0.70710677), (-0.70710677, 1.2030047e-7, -0.70710677), (-0.4999861, -0.7071296, -0.4999816), (-0.5000001, 8.020031e-8, -0.8660254), (-0.4999861, -0.7071296, -0.4999816), (-0.3535631, -0.7070927, -0.61238307), (-0.5000001, 8.020031e-8, -0.8660254), (-0.5000001, 8.020031e-8, -0.8660254), (-0.3535631, -0.7070927, -0.61238307), (-0.25881898, 3.007512e-8, -0.9659259), (-0.3535631, -0.7070927, -0.61238307), (-0.1830192, -0.7070929, -0.6830253), (-0.25881898, 3.007512e-8, -0.9659259), (-0.25881898, 3.007512e-8, -0.9659259), (-0.1830192, -0.7070929, -0.6830253), (0, 1.0025039e-8, -1), (-0.1830192, -0.7070929, -0.6830253), (-0.0000031129457, -0.70709276, -0.70712084), (0, 1.0025039e-8, -1), (0, 1.0025039e-8, -1), (-0.0000031129457, -0.70709276, -0.70712084), (0.25881898, 2.005008e-8, -0.9659259), (-0.0000031129457, -0.70709276, -0.70712084), (0.18301335, -0.7070929, -0.68302697), (0.25881898, 2.005008e-8, -0.9659259), (0.25881898, 2.005008e-8, -0.9659259), (0.18301335, -0.7070929, -0.68302697), (0.5000001, -8.02003e-8, -0.8660253), (0.18301335, -0.7070929, -0.68302697), (0.35353944, -0.7071294, -0.6123544), (0.5000001, -8.02003e-8, -0.8660253), (0.5000001, -8.02003e-8, -0.8660253), (0.35353944, -0.7071294, -0.6123544), (0.70710677, -1.3032552e-7, -0.70710677), (0.35353944, -0.7071294, -0.6123544), (0.50000745, -0.707093, -0.50001204), (0.70710677, -1.3032552e-7, -0.70710677), (0.70710677, -1.3032552e-7, -0.70710677), (0.50000745, -0.707093, -0.50001204), (0.8660254, -1.5037558e-7, -0.5), (0.50000745, -0.707093, -0.50001204), (0.612383, -0.7070928, -0.353563), (0.8660254, -1.5037558e-7, -0.5), (0.8660254, -1.5037558e-7, -0.5), (0.612383, -0.7070928, -0.353563), (0.9659259, 0, -0.258819), (0.612383, -0.7070928, -0.353563), (0.6830254, -0.7070927, -0.18301943), (0.9659259, 0, -0.258819), (0.9659259, 0, -0.258819), (0.6830254, -0.7070927, -0.18301943), (1, 0, -2.5062588e-9), (0.6830254, -0.7070927, -0.18301943), (0.7071209, -0.70709264, -0.0000030978117), (1, 0, -2.5062588e-9), (1, 0, -2.5062588e-9), (0.7071209, -0.70709264, -0.0000030978117), (0.9659259, -1.00250395e-8, 0.258819), (0.7071209, -0.70709264, -0.0000030978117), (0.68299156, -0.7071294, 0.1830038), (0.9659259, -1.00250395e-8, 0.258819), (0.9659259, -1.00250395e-8, 0.258819), (0.68299156, -0.7071294, 0.1830038), (0.8660254, 1.7042565e-7, 0.50000006), (0.68299156, -0.7071294, 0.1830038), (0.61238617, -0.7070927, 0.35355774), (0.8660254, 1.7042565e-7, 0.50000006), (0.8660254, 1.7042565e-7, 0.50000006), (0.61238617, -0.7070927, 0.35355774), (0.70710677, 1.2030047e-7, 0.70710677), (0.61238617, -0.7070927, 0.35355774), (0.4999861, -0.7071296, 0.4999816), (0.70710677, 1.2030047e-7, 0.70710677), (0.70710677, 1.2030047e-7, 0.70710677), (0.4999861, -0.7071296, 0.4999816), (0.5000001, 8.020031e-8, 0.8660254), (0.4999861, -0.7071296, 0.4999816), (0.3535631, -0.7070927, 0.61238307), (0.5000001, 8.020031e-8, 0.8660254), (0.5000001, 8.020031e-8, 0.8660254), (0.3535631, -0.7070927, 0.61238307), (0.25881898, 3.007512e-8, 0.9659259), (0.3535631, -0.7070927, 0.61238307), (0.1830192, -0.7070929, 0.6830253), (0.25881898, 3.007512e-8, 0.9659259), (0.25881898, 3.007512e-8, 0.9659259), (0.1830192, -0.7070929, 0.6830253), (0, 1.0025039e-8, 1), (0.1830192, -0.7070929, 0.6830253), (0.0000031129457, -0.70709276, 0.70712084), (0, 1.0025039e-8, 1), (0, 1.0025039e-8, 1), (0.0000031129457, -0.70709276, 0.70712084), (-0.25881898, 2.005008e-8, 0.9659259), (0.0000031129457, -0.70709276, 0.70712084), (-0.18301335, -0.7070929, 0.68302697), (-0.25881898, 2.005008e-8, 0.9659259), (-0.25881898, 2.005008e-8, 0.9659259), (-0.18301335, -0.7070929, 0.68302697), (-0.5000001, -8.02003e-8, 0.8660253), (-0.18301335, -0.7070929, 0.68302697), (-0.35353944, -0.7071294, 0.6123544), (-0.5000001, -8.02003e-8, 0.8660253), (-0.5000001, -8.02003e-8, 0.8660253), (-0.35353944, -0.7071294, 0.6123544), (-0.70710677, -1.3032552e-7, 0.70710677), (-0.35353944, -0.7071294, 0.6123544), (-0.50000745, -0.707093, 0.50001204), (-0.70710677, -1.3032552e-7, 0.70710677), (-0.70710677, -1.3032552e-7, 0.70710677), (-0.50000745, -0.707093, 0.50001204), (-0.8660254, -1.5037558e-7, 0.5), (-0.50000745, -0.707093, 0.50001204), (-0.612383, -0.7070928, 0.353563), (-0.8660254, -1.5037558e-7, 0.5), (-0.8660254, -1.5037558e-7, 0.5), (-0.612383, -0.7070928, 0.353563), (-0.9659259, 0, 0.258819), (-0.612383, -0.7070928, 0.353563), (-0.6830254, -0.7070927, 0.18301943), (-0.9659259, 0, 0.258819), (-0.9659259, 0, 0.258819), (-0.6830254, -0.7070927, 0.18301943), (-1, 0.000010122079, 0.000050261617), (-0.6830254, -0.7070927, 0.18301943), (-0.7070997, -0.7071138, 0.000022374094), (-1, 0.000010122079, 0.000050261617), (-0.70709985, 0.70711386, -0.000022359192), (-1, -0.000010131858, -0.000050261617), (-0.6830265, 0.70709264, -0.18301594), (-1, -0.000010131858, -0.000050261617), (-0.9659259, -1.00250395e-8, -0.258819), (-0.6830265, 0.70709264, -0.18301594), (-0.6830265, 0.70709264, -0.18301594), (-0.9659259, -1.00250395e-8, -0.258819), (-0.6123532, 0.70712936, -0.35354164), (-0.9659259, -1.00250395e-8, -0.258819), (-0.8660254, 1.7042565e-7, -0.50000006), (-0.6123532, 0.70712936, -0.35354164), (-0.6123532, 0.70712936, -0.35354164), (-0.8660254, 1.7042565e-7, -0.50000006), (-0.49998415, 0.70712966, -0.49998358), (-0.8660254, 1.7042565e-7, -0.50000006), (-0.70710677, 1.2030047e-7, -0.70710677), (-0.49998415, 0.70712966, -0.49998358), (-0.49998415, 0.70712966, -0.49998358), (-0.70710677, 1.2030047e-7, -0.70710677), (-0.35356086, 0.7070927, -0.6123844), (-0.70710677, 1.2030047e-7, -0.70710677), (-0.5000001, 8.020031e-8, -0.8660254), (-0.35356086, 0.7070927, -0.6123844), (-0.35356086, 0.7070927, -0.6123844), (-0.5000001, 8.020031e-8, -0.8660254), (-0.1830168, 0.7070929, -0.68302596), (-0.5000001, 8.020031e-8, -0.8660254), (-0.25881898, 3.007512e-8, -0.9659259), (-0.1830168, 0.7070929, -0.68302596), (-0.1830168, 0.7070929, -0.68302596), (-0.25881898, 3.007512e-8, -0.9659259), (-4.7916546e-7, 0.7071295, -0.7070841), (-0.25881898, 3.007512e-8, -0.9659259), (0, 1.0025039e-8, -1), (-4.7916546e-7, 0.7071295, -0.7070841), (-4.7916546e-7, 0.7071295, -0.7070841), (0, 1.0025039e-8, -1), (0.18301573, 0.7070929, -0.6830263), (0, 1.0025039e-8, -1), (0.25881898, 2.005008e-8, -0.9659259), (0.18301573, 0.7070929, -0.6830263), (0.18301573, 0.7070929, -0.6830263), (0.25881898, 2.005008e-8, -0.9659259), (0.3535417, 0.7071294, -0.6123531), (0.25881898, 2.005008e-8, -0.9659259), (0.5000001, -8.02003e-8, -0.8660253), (0.3535417, 0.7071294, -0.6123531), (0.3535417, 0.7071294, -0.6123531), (0.5000001, -8.02003e-8, -0.8660253), (0.49998358, 0.7071296, -0.49998415), (0.5000001, -8.02003e-8, -0.8660253), (0.70710677, -1.3032552e-7, -0.70710677), (0.49998358, 0.7071296, -0.49998415), (0.49998358, 0.7071296, -0.49998415), (0.70710677, -1.3032552e-7, -0.70710677), (0.6123526, 0.7071295, -0.35354248), (0.70710677, -1.3032552e-7, -0.70710677), (0.8660254, -1.5037558e-7, -0.5), (0.6123526, 0.7071295, -0.35354248), (0.6123526, 0.7071295, -0.35354248), (0.8660254, -1.5037558e-7, -0.5), (0.6829906, 0.70712954, -0.18300724), (0.8660254, -1.5037558e-7, -0.5), (0.9659259, 0, -0.258819), (0.6829906, 0.70712954, -0.18300724), (0.6829906, 0.70712954, -0.18300724), (0.9659259, 0, -0.258819), (0.7071208, 0.70709276, -5.0337985e-7), (0.9659259, 0, -0.258819), (1, 0, -2.5062588e-9), (0.7071208, 0.70709276, -5.0337985e-7), (0.7071208, 0.70709276, -5.0337985e-7), (1, 0, -2.5062588e-9), (0.6830265, 0.70709264, 0.18301594), (1, 0, -2.5062588e-9), (0.9659259, -1.00250395e-8, 0.258819), (0.6830265, 0.70709264, 0.18301594), (0.6830265, 0.70709264, 0.18301594), (0.9659259, -1.00250395e-8, 0.258819), (0.6123532, 0.70712936, 0.35354164), (0.9659259, -1.00250395e-8, 0.258819), (0.8660254, 1.7042565e-7, 0.50000006), (0.6123532, 0.70712936, 0.35354164), (0.6123532, 0.70712936, 0.35354164), (0.8660254, 1.7042565e-7, 0.50000006), (0.49998415, 0.70712966, 0.49998358), (0.8660254, 1.7042565e-7, 0.50000006), (0.70710677, 1.2030047e-7, 0.70710677), (0.49998415, 0.70712966, 0.49998358), (0.49998415, 0.70712966, 0.49998358), (0.70710677, 1.2030047e-7, 0.70710677), (0.35356086, 0.7070927, 0.6123844), (0.70710677, 1.2030047e-7, 0.70710677), (0.5000001, 8.020031e-8, 0.8660254), (0.35356086, 0.7070927, 0.6123844), (0.35356086, 0.7070927, 0.6123844), (0.5000001, 8.020031e-8, 0.8660254), (0.1830168, 0.7070929, 0.68302596), (0.5000001, 8.020031e-8, 0.8660254), (0.25881898, 3.007512e-8, 0.9659259), (0.1830168, 0.7070929, 0.68302596), (0.1830168, 0.7070929, 0.68302596), (0.25881898, 3.007512e-8, 0.9659259), (4.7916546e-7, 0.7071295, 0.7070841), (0.25881898, 3.007512e-8, 0.9659259), (0, 1.0025039e-8, 1), (4.7916546e-7, 0.7071295, 0.7070841), (4.7916546e-7, 0.7071295, 0.7070841), (0, 1.0025039e-8, 1), (-0.18301573, 0.7070929, 0.6830263), (0, 1.0025039e-8, 1), (-0.25881898, 2.005008e-8, 0.9659259), (-0.18301573, 0.7070929, 0.6830263), (-0.18301573, 0.7070929, 0.6830263), (-0.25881898, 2.005008e-8, 0.9659259), (-0.3535417, 0.7071294, 0.6123531), (-0.25881898, 2.005008e-8, 0.9659259), (-0.5000001, -8.02003e-8, 0.8660253), (-0.3535417, 0.7071294, 0.6123531), (-0.3535417, 0.7071294, 0.6123531), (-0.5000001, -8.02003e-8, 0.8660253), (-0.49998358, 0.7071296, 0.49998415), (-0.5000001, -8.02003e-8, 0.8660253), (-0.70710677, -1.3032552e-7, 0.70710677), (-0.49998358, 0.7071296, 0.49998415), (-0.49998358, 0.7071296, 0.49998415), (-0.70710677, -1.3032552e-7, 0.70710677), (-0.6123526, 0.7071295, 0.35354248), (-0.70710677, -1.3032552e-7, 0.70710677), (-0.8660254, -1.5037558e-7, 0.5), (-0.6123526, 0.7071295, 0.35354248), (-0.6123526, 0.7071295, 0.35354248), (-0.8660254, -1.5037558e-7, 0.5), (-0.6829906, 0.70712954, 0.18300724), (-0.8660254, -1.5037558e-7, 0.5), (-0.9659259, 0, 0.258819), (-0.6829906, 0.70712954, 0.18300724), (-0.6829906, 0.70712954, 0.18300724), (-0.9659259, 0, 0.258819), (-0.7071023, 0.7071113, 0.0000230968), (-0.9659259, 0, 0.258819), (-1, 0.000010122079, 0.000050261617), (-0.7071023, 0.7071113, 0.0000230968), (0.000023591616, 1.0000001, 0.0000025816262), (-0.70709985, 0.70711386, -0.000022359192), (0.000021137297, 1, 0.000008316711), (-0.70709985, 0.70711386, -0.000022359192), (-0.6830265, 0.70709264, -0.18301594), (0.000021137297, 1, 0.000008316711), (0.000021137297, 1, 0.000008316711), (-0.6830265, 0.70709264, -0.18301594), (0.000018101186, 0.99999994, 0.000013486482), (-0.6830265, 0.70709264, -0.18301594), (-0.6123532, 0.70712936, -0.35354164), (0.000018101186, 0.99999994, 0.000013486482), (0.000018101186, 0.99999994, 0.000013486482), (-0.6123532, 0.70712936, -0.35354164), (0.000014130026, 0.99999994, 0.000017819926), (-0.6123532, 0.70712936, -0.35354164), (-0.49998415, 0.70712966, -0.49998358), (0.000014130026, 0.99999994, 0.000017819926), (0.000014130026, 0.99999994, 0.000017819926), (-0.49998415, 0.70712966, -0.49998358), (0.000009045005, 0.9999999, 0.00002077967), (-0.49998415, 0.70712966, -0.49998358), (-0.35356086, 0.7070927, -0.6123844), (0.000009045005, 0.9999999, 0.00002077967), (0.000009045005, 0.9999999, 0.00002077967), (-0.35356086, 0.7070927, -0.6123844), (0.0000032885, 1, 0.00002254732), (-0.35356086, 0.7070927, -0.6123844), (-0.1830168, 0.7070929, -0.68302596), (0.0000032885, 1, 0.00002254732), (0.0000032885, 1, 0.00002254732), (-0.1830168, 0.7070929, -0.68302596), (-0.0000025960617, 1, 0.000022593886), (-0.1830168, 0.7070929, -0.68302596), (-4.7916546e-7, 0.7071295, -0.7070841), (-0.0000025960617, 1, 0.000022593886), (-0.0000025960617, 1, 0.000022593886), (-4.7916546e-7, 0.7071295, -0.7070841), (-0.000008394476, 1, 0.000021155924), (-4.7916546e-7, 0.7071295, -0.7070841), (0.18301573, 0.7070929, -0.6830263), (-0.000008394476, 1, 0.000021155924), (-0.000008394476, 1, 0.000021155924), (0.18301573, 0.7070929, -0.6830263), (-0.000013467856, 0.99999994, 0.00001821667), (0.18301573, 0.7070929, -0.6830263), (0.3535417, 0.7071294, -0.6123531), (-0.000013467856, 0.99999994, 0.00001821667), (-0.000013467856, 0.99999994, 0.00001821667), (0.3535417, 0.7071294, -0.6123531), (-0.000017989427, 0.99999994, 0.000014202669), (0.3535417, 0.7071294, -0.6123531), (0.49998358, 0.7071296, -0.49998415), (-0.000017989427, 0.99999994, 0.000014202669), (-0.000017989427, 0.99999994, 0.000014202669), (0.49998358, 0.7071296, -0.49998415), (-0.000020792708, 0.9999999, 0.000009052455), (0.49998358, 0.7071296, -0.49998415), (0.6123526, 0.7071295, -0.35354248), (-0.000020792708, 0.9999999, 0.000009052455), (-0.000020792708, 0.9999999, 0.000009052455), (0.6123526, 0.7071295, -0.35354248), (-0.000022256747, 0.99999994, 0.000003254041), (0.6123526, 0.7071295, -0.35354248), (0.6829906, 0.70712954, -0.18300724), (-0.000022256747, 0.99999994, 0.000003254041), (-0.000022256747, 0.99999994, 0.000003254041), (0.6829906, 0.70712954, -0.18300724), (-0.000022642314, 1, -0.0000026035123), (0.6829906, 0.70712954, -0.18300724), (0.7071208, 0.70709276, -5.0337985e-7), (-0.000022642314, 1, -0.0000026035123), (-0.000022642314, 1, -0.0000026035123), (0.7071208, 0.70709276, -5.0337985e-7), (-0.000021137297, 1, -0.000008316711), (0.7071208, 0.70709276, -5.0337985e-7), (0.6830265, 0.70709264, 0.18301594), (-0.000021137297, 1, -0.000008316711), (-0.000021137297, 1, -0.000008316711), (0.6830265, 0.70709264, 0.18301594), (-0.000018101186, 0.99999994, -0.000013486482), (0.6830265, 0.70709264, 0.18301594), (0.6123532, 0.70712936, 0.35354164), (-0.000018101186, 0.99999994, -0.000013486482), (-0.000018101186, 0.99999994, -0.000013486482), (0.6123532, 0.70712936, 0.35354164), (-0.000014130026, 0.99999994, -0.000017819926), (0.6123532, 0.70712936, 0.35354164), (0.49998415, 0.70712966, 0.49998358), (-0.000014130026, 0.99999994, -0.000017819926), (-0.000014130026, 0.99999994, -0.000017819926), (0.49998415, 0.70712966, 0.49998358), (-0.000009045005, 0.9999999, -0.00002077967), (0.49998415, 0.70712966, 0.49998358), (0.35356086, 0.7070927, 0.6123844), (-0.000009045005, 0.9999999, -0.00002077967), (-0.000009045005, 0.9999999, -0.00002077967), (0.35356086, 0.7070927, 0.6123844), (-0.0000032885, 1, -0.00002254732), (0.35356086, 0.7070927, 0.6123844), (0.1830168, 0.7070929, 0.68302596), (-0.0000032885, 1, -0.00002254732), (-0.0000032885, 1, -0.00002254732), (0.1830168, 0.7070929, 0.68302596), (0.0000025960617, 1, -0.000022593886), (0.1830168, 0.7070929, 0.68302596), (4.7916546e-7, 0.7071295, 0.7070841), (0.0000025960617, 1, -0.000022593886), (0.0000025960617, 1, -0.000022593886), (4.7916546e-7, 0.7071295, 0.7070841), (0.000008394476, 1, -0.000021155924), (4.7916546e-7, 0.7071295, 0.7070841), (-0.18301573, 0.7070929, 0.6830263), (0.000008394476, 1, -0.000021155924), (0.000008394476, 1, -0.000021155924), (-0.18301573, 0.7070929, 0.6830263), (0.000013467856, 0.99999994, -0.00001821667), (-0.18301573, 0.7070929, 0.6830263), (-0.3535417, 0.7071294, 0.6123531), (0.000013467856, 0.99999994, -0.00001821667), (0.000013467856, 0.99999994, -0.00001821667), (-0.3535417, 0.7071294, 0.6123531), (0.000017989427, 0.99999994, -0.000014202669), (-0.3535417, 0.7071294, 0.6123531), (-0.49998358, 0.7071296, 0.49998415), (0.000017989427, 0.99999994, -0.000014202669), (0.000017989427, 0.99999994, -0.000014202669), (-0.49998358, 0.7071296, 0.49998415), (0.000020792708, 0.9999999, -0.000009052455), (-0.49998358, 0.7071296, 0.49998415), (-0.6123526, 0.7071295, 0.35354248), (0.000020792708, 0.9999999, -0.000009052455), (0.000020792708, 0.9999999, -0.000009052455), (-0.6123526, 0.7071295, 0.35354248), (0.000022256747, 0.99999994, -0.000003254041), (-0.6123526, 0.7071295, 0.35354248), (-0.6829906, 0.70712954, 0.18300724), (0.000022256747, 0.99999994, -0.000003254041), (0.000022256747, 0.99999994, -0.000003254041), (-0.6829906, 0.70712954, 0.18300724), (0.00003226673, 1, -0.0000065430067), (-0.6829906, 0.70712954, 0.18300724), (-0.7071023, 0.7071113, 0.0000230968), (0.00003226673, 1, -0.0000065430067), (0.70711017, 0.70710343, 0.00003453344), (0.000023591616, 1.0000001, 0.0000025816262), (0.68302244, 0.707097, 0.18301424), (0.000023591616, 1.0000001, 0.0000025816262), (0.000021137297, 1, 0.000008316711), (0.68302244, 0.707097, 0.18301424), (0.68302244, 0.707097, 0.18301424), (0.000021137297, 1, 0.000008316711), (0.6123812, 0.7070972, 0.35355726), (0.000021137297, 1, 0.000008316711), (0.000018101186, 0.99999994, 0.000013486482), (0.6123812, 0.7070972, 0.35355726), (0.6123812, 0.7070972, 0.35355726), (0.000018101186, 0.99999994, 0.000013486482), (0.5000076, 0.7070971, 0.5000061), (0.000018101186, 0.99999994, 0.000013486482), (0.000014130026, 0.99999994, 0.000017819926), (0.5000076, 0.7070971, 0.5000061), (0.5000076, 0.7070971, 0.5000061), (0.000014130026, 0.99999994, 0.000017819926), (0.35355914, 0.707097, 0.6123803), (0.000014130026, 0.99999994, 0.000017819926), (0.000009045005, 0.9999999, 0.00002077967), (0.35355914, 0.707097, 0.6123803), (0.35355914, 0.707097, 0.6123803), (0.000009045005, 0.9999999, 0.00002077967), (0.18301229, 0.7070971, 0.6830228), (0.000009045005, 0.9999999, 0.00002077967), (0.0000032885, 1, 0.00002254732), (0.18301229, 0.7070971, 0.6830228), (0.18301229, 0.7070971, 0.6830228), (0.0000032885, 1, 0.00002254732), (0.0000010018703, 0.70709693, 0.7071166), (0.0000032885, 1, 0.00002254732), (-0.0000025960617, 1, 0.000022593886), (0.0000010018703, 0.70709693, 0.7071166), (0.0000010018703, 0.70709693, 0.7071166), (-0.0000025960617, 1, 0.000022593886), (-0.1830142, 0.7070972, 0.6830223), (-0.0000025960617, 1, 0.000022593886), (-0.000008394476, 1, 0.000021155924), (-0.1830142, 0.7070972, 0.6830223), (-0.1830142, 0.7070972, 0.6830223), (-0.000008394476, 1, 0.000021155924), (-0.35355732, 0.707097, 0.6123814), (-0.000008394476, 1, 0.000021155924), (-0.000013467856, 0.99999994, 0.00001821667), (-0.35355732, 0.707097, 0.6123814), (-0.35355732, 0.707097, 0.6123814), (-0.000013467856, 0.99999994, 0.00001821667), (-0.5000063, 0.7070968, 0.5000078), (-0.000013467856, 0.99999994, 0.00001821667), (-0.000017989427, 0.99999994, 0.000014202669), (-0.5000063, 0.7070968, 0.5000078), (-0.5000063, 0.7070968, 0.5000078), (-0.000017989427, 0.99999994, 0.000014202669), (-0.6123803, 0.70709705, 0.3535591), (-0.000017989427, 0.99999994, 0.000014202669), (-0.000020792708, 0.9999999, 0.000009052455), (-0.6123803, 0.70709705, 0.3535591), (-0.6123803, 0.70709705, 0.3535591), (-0.000020792708, 0.9999999, 0.000009052455), (-0.6830216, 0.7070973, 0.18301617), (-0.000020792708, 0.9999999, 0.000009052455), (-0.000022256747, 0.99999994, 0.000003254041), (-0.6830216, 0.7070973, 0.18301617), (-0.6830216, 0.7070973, 0.18301617), (-0.000022256747, 0.99999994, 0.000003254041), (-0.7071165, 0.7070971, 0.0000010780059), (-0.000022256747, 0.99999994, 0.000003254041), (-0.000022642314, 1, -0.0000026035123), (-0.7071165, 0.7070971, 0.0000010780059), (-0.7071165, 0.7070971, 0.0000010780059), (-0.000022642314, 1, -0.0000026035123), (-0.68302244, 0.707097, -0.18301424), (-0.000022642314, 1, -0.0000026035123), (-0.000021137297, 1, -0.000008316711), (-0.68302244, 0.707097, -0.18301424), (-0.68302244, 0.707097, -0.18301424), (-0.000021137297, 1, -0.000008316711), (-0.6123812, 0.7070972, -0.35355726), (-0.000021137297, 1, -0.000008316711), (-0.000018101186, 0.99999994, -0.000013486482), (-0.6123812, 0.7070972, -0.35355726), (-0.6123812, 0.7070972, -0.35355726), (-0.000018101186, 0.99999994, -0.000013486482), (-0.5000076, 0.7070971, -0.5000061), (-0.000018101186, 0.99999994, -0.000013486482), (-0.000014130026, 0.99999994, -0.000017819926), (-0.5000076, 0.7070971, -0.5000061), (-0.5000076, 0.7070971, -0.5000061), (-0.000014130026, 0.99999994, -0.000017819926), (-0.35355914, 0.707097, -0.6123803), (-0.000014130026, 0.99999994, -0.000017819926), (-0.000009045005, 0.9999999, -0.00002077967), (-0.35355914, 0.707097, -0.6123803), (-0.35355914, 0.707097, -0.6123803), (-0.000009045005, 0.9999999, -0.00002077967), (-0.18301229, 0.7070971, -0.6830228), (-0.000009045005, 0.9999999, -0.00002077967), (-0.0000032885, 1, -0.00002254732), (-0.18301229, 0.7070971, -0.6830228), (-0.18301229, 0.7070971, -0.6830228), (-0.0000032885, 1, -0.00002254732), (-0.0000010018703, 0.70709693, -0.7071166), (-0.0000032885, 1, -0.00002254732), (0.0000025960617, 1, -0.000022593886), (-0.0000010018703, 0.70709693, -0.7071166), (-0.0000010018703, 0.70709693, -0.7071166), (0.0000025960617, 1, -0.000022593886), (0.1830142, 0.7070972, -0.6830223), (0.0000025960617, 1, -0.000022593886), (0.000008394476, 1, -0.000021155924), (0.1830142, 0.7070972, -0.6830223), (0.1830142, 0.7070972, -0.6830223), (0.000008394476, 1, -0.000021155924), (0.35355732, 0.707097, -0.6123814), (0.000008394476, 1, -0.000021155924), (0.000013467856, 0.99999994, -0.00001821667), (0.35355732, 0.707097, -0.6123814), (0.35355732, 0.707097, -0.6123814), (0.000013467856, 0.99999994, -0.00001821667), (0.5000063, 0.7070968, -0.5000078), (0.000013467856, 0.99999994, -0.00001821667), (0.000017989427, 0.99999994, -0.000014202669), (0.5000063, 0.7070968, -0.5000078), (0.5000063, 0.7070968, -0.5000078), (0.000017989427, 0.99999994, -0.000014202669), (0.6123803, 0.70709705, -0.3535591), (0.000017989427, 0.99999994, -0.000014202669), (0.000020792708, 0.9999999, -0.000009052455), (0.6123803, 0.70709705, -0.3535591), (0.6123803, 0.70709705, -0.3535591), (0.000020792708, 0.9999999, -0.000009052455), (0.6830216, 0.7070973, -0.18301617), (0.000020792708, 0.9999999, -0.000009052455), (0.000022256747, 0.99999994, -0.000003254041), (0.6830216, 0.7070973, -0.18301617), (0.6830216, 0.7070973, -0.18301617), (0.000022256747, 0.99999994, -0.000003254041), (0.70711184, 0.70710176, -0.00004836172), (0.000022256747, 0.99999994, -0.000003254041), (0.00003226673, 1, -0.0000065430067), (0.70711184, 0.70710176, -0.00004836172), (1, 0.000032410957, 0.0000050365925), (0.70711017, 0.70710343, 0.00003453344), (0.9659308, 0.000055909157, 0.25880024), (0.70711017, 0.70710343, 0.00003453344), (0.68302244, 0.707097, 0.18301424), (0.9659308, 0.000055909157, 0.25880024), (0.9659308, 0.000055909157, 0.25880024), (0.68302244, 0.707097, 0.18301424), (0.8660351, 0.000056117773, 0.49998322), (0.68302244, 0.707097, 0.18301424), (0.6123812, 0.7070972, 0.35355726), (0.8660351, 0.000056117773, 0.49998322), (0.8660351, 0.000056117773, 0.49998322), (0.6123812, 0.7070972, 0.35355726), (0.70712054, 0.000055730343, 0.707093), (0.6123812, 0.7070972, 0.35355726), (0.5000076, 0.7070971, 0.5000061), (0.70712054, 0.000055730343, 0.707093), (0.70712054, 0.000055730343, 0.707093), (0.5000076, 0.7070971, 0.5000061), (0.5000166, 0.000055462122, 0.8660158), (0.5000076, 0.7070971, 0.5000061), (0.35355914, 0.707097, 0.6123803), (0.5000166, 0.000055462122, 0.8660158), (0.5000166, 0.000055462122, 0.8660158), (0.35355914, 0.707097, 0.6123803), (0.25883794, 0.000055998564, 0.9659207), (0.35355914, 0.707097, 0.6123803), (0.18301229, 0.7070971, 0.6830228), (0.25883794, 0.000055998564, 0.9659207), (0.25883794, 0.000055998564, 0.9659207), (0.18301229, 0.7070971, 0.6830228), (0.000019310042, 0.00005558133, 1), (0.18301229, 0.7070971, 0.6830228), (0.0000010018703, 0.70709693, 0.7071166), (0.000019310042, 0.00005558133, 1), (0.000019310042, 0.00005558133, 1), (0.0000010018703, 0.70709693, 0.7071166), (-0.25880033, 0.00005596876, 0.9659308), (0.0000010018703, 0.70709693, 0.7071166), (-0.1830142, 0.7070972, 0.6830223), (-0.25880033, 0.00005596876, 0.9659308), (-0.25880033, 0.00005596876, 0.9659308), (-0.1830142, 0.7070972, 0.6830223), (-0.499983, 0.000055730343, 0.8660352), (-0.1830142, 0.7070972, 0.6830223), (-0.35355732, 0.707097, 0.6123814), (-0.499983, 0.000055730343, 0.8660352), (-0.499983, 0.000055730343, 0.8660352), (-0.35355732, 0.707097, 0.6123814), (-0.70709294, 0.000055491924, 0.70712066), (-0.35355732, 0.707097, 0.6123814), (-0.5000063, 0.7070968, 0.5000078), (-0.70709294, 0.000055491924, 0.70712066), (-0.70709294, 0.000055491924, 0.70712066), (-0.5000063, 0.7070968, 0.5000078), (-0.86601573, 0.000055909157, 0.5000167), (-0.5000063, 0.7070968, 0.5000078), (-0.6123803, 0.70709705, 0.3535591), (-0.86601573, 0.000055909157, 0.5000167), (-0.86601573, 0.000055909157, 0.5000167), (-0.6123803, 0.70709705, 0.3535591), (-0.9659208, 0.000056117773, 0.2588377), (-0.6123803, 0.70709705, 0.3535591), (-0.6830216, 0.7070973, 0.18301617), (-0.9659208, 0.000056117773, 0.2588377), (-0.9659208, 0.000056117773, 0.2588377), (-0.6830216, 0.7070973, 0.18301617), (-1, 0.00005596876, 0.000019546598), (-0.6830216, 0.7070973, 0.18301617), (-0.7071165, 0.7070971, 0.0000010780059), (-1, 0.00005596876, 0.000019546598), (-1, 0.00005596876, 0.000019546598), (-0.7071165, 0.7070971, 0.0000010780059), (-0.9659308, 0.000055909157, -0.25880024), (-0.7071165, 0.7070971, 0.0000010780059), (-0.68302244, 0.707097, -0.18301424), (-0.9659308, 0.000055909157, -0.25880024), (-0.9659308, 0.000055909157, -0.25880024), (-0.68302244, 0.707097, -0.18301424), (-0.8660351, 0.000056117773, -0.49998322), (-0.68302244, 0.707097, -0.18301424), (-0.6123812, 0.7070972, -0.35355726), (-0.8660351, 0.000056117773, -0.49998322), (-0.8660351, 0.000056117773, -0.49998322), (-0.6123812, 0.7070972, -0.35355726), (-0.70712054, 0.000055730343, -0.707093), (-0.6123812, 0.7070972, -0.35355726), (-0.5000076, 0.7070971, -0.5000061), (-0.70712054, 0.000055730343, -0.707093), (-0.70712054, 0.000055730343, -0.707093), (-0.5000076, 0.7070971, -0.5000061), (-0.5000166, 0.000055462122, -0.8660158), (-0.5000076, 0.7070971, -0.5000061), (-0.35355914, 0.707097, -0.6123803), (-0.5000166, 0.000055462122, -0.8660158), (-0.5000166, 0.000055462122, -0.8660158), (-0.35355914, 0.707097, -0.6123803), (-0.25883794, 0.000055998564, -0.9659207), (-0.35355914, 0.707097, -0.6123803), (-0.18301229, 0.7070971, -0.6830228), (-0.25883794, 0.000055998564, -0.9659207), (-0.25883794, 0.000055998564, -0.9659207), (-0.18301229, 0.7070971, -0.6830228), (-0.000019310042, 0.00005558133, -1), (-0.18301229, 0.7070971, -0.6830228), (-0.0000010018703, 0.70709693, -0.7071166), (-0.000019310042, 0.00005558133, -1), (-0.000019310042, 0.00005558133, -1), (-0.0000010018703, 0.70709693, -0.7071166), (0.25880033, 0.00005596876, -0.9659308), (-0.0000010018703, 0.70709693, -0.7071166), (0.1830142, 0.7070972, -0.6830223), (0.25880033, 0.00005596876, -0.9659308), (0.25880033, 0.00005596876, -0.9659308), (0.1830142, 0.7070972, -0.6830223), (0.499983, 0.000055730343, -0.8660352), (0.1830142, 0.7070972, -0.6830223), (0.35355732, 0.707097, -0.6123814), (0.499983, 0.000055730343, -0.8660352), (0.499983, 0.000055730343, -0.8660352), (0.35355732, 0.707097, -0.6123814), (0.70709294, 0.000055491924, -0.70712066), (0.35355732, 0.707097, -0.6123814), (0.5000063, 0.7070968, -0.5000078), (0.70709294, 0.000055491924, -0.70712066), (0.70709294, 0.000055491924, -0.70712066), (0.5000063, 0.7070968, -0.5000078), (0.86601573, 0.000055909157, -0.5000167), (0.5000063, 0.7070968, -0.5000078), (0.6123803, 0.70709705, -0.3535591), (0.86601573, 0.000055909157, -0.5000167), (0.86601573, 0.000055909157, -0.5000167), (0.6123803, 0.70709705, -0.3535591), (0.9659208, 0.000056117773, -0.2588377), (0.6123803, 0.70709705, -0.3535591), (0.6830216, 0.7070973, -0.18301617), (0.9659208, 0.000056117773, -0.2588377), (0.9659208, 0.000056117773, -0.2588377), (0.6830216, 0.7070973, -0.18301617), (1, 0.00002783537, -0.000020159408), (0.6830216, 0.7070973, -0.18301617), (0.70711184, 0.70710176, -0.00004836172), (1, 0.00002783537, -0.000020159408)] (
                    interpolation = "faceVarying"
                )
                point3f[] points = [(0.23, -0, 0), (0.22216295, -0, 0.05952838), (0.19918585, -0, 0.115), (0.16263457, -0, 0.16263457), (0.115, -0, 0.19918585), (0.05952838, -0, 0.22216295), (1.4083438e-17, -0, 0.23), (-0.05952838, -0, 0.22216295), (-0.115, -0, 0.19918585), (-0.16263457, -0, 0.16263457), (-0.19918585, -0, 0.115), (-0.22216295, -0, 0.05952838), (-0.23, -0, 2.8166876e-17), (-0.22216295, -0, -0.05952838), (-0.19918585, -0, -0.115), (-0.16263457, -0, -0.16263457), (-0.115, -0, -0.19918585), (-0.05952838, -0, -0.22216295), (-4.2250314e-17, -0, -0.23), (0.05952838, -0, -0.22216295), (0.115, -0, -0.19918585), (0.16263457, -0, -0.16263457), (0.19918585, -0, -0.115), (0.22216295, -0, -0.05952838), (0.23, -0, -5.633375e-17), (0.2212132, -0.021213204, 0), (0.21367554, -0.021213204, 0.05725419), (0.19157626, -0.021213204, 0.1106066), (0.15642136, -0.021213204, 0.15642136), (0.1106066, -0.021213204, 0.19157626), (0.05725419, -0.021213204, 0.21367554), (1.3545402e-17, -0.021213204, 0.2212132), (-0.05725419, -0.021213204, 0.21367554), (-0.1106066, -0.021213204, 0.19157626), (-0.15642136, -0.021213204, 0.15642136), (-0.19157626, -0.021213204, 0.1106066), (-0.21367554, -0.021213204, 0.05725419), (-0.2212132, -0.021213204, 2.7090804e-17), (-0.21367554, -0.021213204, -0.05725419), (-0.19157626, -0.021213204, -0.1106066), (-0.15642136, -0.021213204, -0.15642136), (-0.1106066, -0.021213204, -0.19157626), (-0.05725419, -0.021213204, -0.21367554), (-4.0636207e-17, -0.021213204, -0.2212132), (0.05725419, -0.021213204, -0.21367554), (0.1106066, -0.021213204, -0.19157626), (0.15642136, -0.021213204, -0.15642136), (0.19157626, -0.021213204, -0.1106066), (0.21367554, -0.021213204, -0.05725419), (0.2212132, -0.021213204, -5.4181607e-17), (0.2, -0.03, 0), (0.19318517, -0.03, 0.05176381), (0.17320508, -0.03, 0.1), (0.14142136, -0.03, 0.14142136), (0.1, -0.03, 0.17320508), (0.05176381, -0.03, 0.19318517), (1.2246468e-17, -0.03, 0.2), (-0.05176381, -0.03, 0.19318517), (-0.1, -0.03, 0.17320508), (-0.14142136, -0.03, 0.14142136), (-0.17320508, -0.03, 0.1), (-0.19318517, -0.03, 0.05176381), (-0.2, -0.03, 2.4492935e-17), (-0.19318517, -0.03, -0.05176381), (-0.17320508, -0.03, -0.1), (-0.14142136, -0.03, -0.14142136), (-0.1, -0.03, -0.17320508), (-0.05176381, -0.03, -0.19318517), (-3.6739406e-17, -0.03, -0.2), (0.05176381, -0.03, -0.19318517), (0.1, -0.03, -0.17320508), (0.14142136, -0.03, -0.14142136), (0.17320508, -0.03, -0.1), (0.19318517, -0.03, -0.05176381), (0.2, -0.03, -4.898587e-17), (0.1787868, -0.021213204, 0), (0.17269479, -0.021213204, 0.04627343), (0.15483391, -0.021213204, 0.0893934), (0.12642136, -0.021213204, 0.12642136), (0.0893934, -0.021213204, 0.15483391), (0.04627343, -0.021213204, 0.17269479), (1.09475336e-17, -0.021213204, 0.1787868), (-0.04627343, -0.021213204, 0.17269479), (-0.0893934, -0.021213204, 0.15483391), (-0.12642136, -0.021213204, 0.12642136), (-0.15483391, -0.021213204, 0.0893934), (-0.17269479, -0.021213204, 0.04627343), (-0.1787868, -0.021213204, 2.1895067e-17), (-0.17269479, -0.021213204, -0.04627343), (-0.15483391, -0.021213204, -0.0893934), (-0.12642136, -0.021213204, -0.12642136), (-0.0893934, -0.021213204, -0.15483391), (-0.04627343, -0.021213204, -0.17269479), (-3.28426e-17, -0.021213204, -0.1787868), (0.04627343, -0.021213204, -0.17269479), (0.0893934, -0.021213204, -0.15483391), (0.12642136, -0.021213204, -0.12642136), (0.15483391, -0.021213204, -0.0893934), (0.17269479, -0.021213204, -0.04627343), (0.1787868, -0.021213204, -4.3790134e-17), (0.17, -3.6739405e-18, 0), (0.16420738, -3.6739405e-18, 0.043999236), (0.14722432, -3.6739405e-18, 0.085), (0.12020815, -3.6739405e-18, 0.12020815), (0.085, -3.6739405e-18, 0.14722432), (0.043999236, -3.6739405e-18, 0.16420738), (1.0409498e-17, -3.6739405e-18, 0.17), (-0.043999236, -3.6739405e-18, 0.16420738), (-0.085, -3.6739405e-18, 0.14722432), (-0.12020815, -3.6739405e-18, 0.12020815), (-0.14722432, -3.6739405e-18, 0.085), (-0.16420738, -3.6739405e-18, 0.043999236), (-0.17, -3.6739405e-18, 2.0818996e-17), (-0.16420738, -3.6739405e-18, -0.043999236), (-0.14722432, -3.6739405e-18, -0.085), (-0.12020815, -3.6739405e-18, -0.12020815), (-0.085, -3.6739405e-18, -0.14722432), (-0.043999236, -3.6739405e-18, -0.16420738), (-3.1228493e-17, -3.6739405e-18, -0.17), (0.043999236, -3.6739405e-18, -0.16420738), (0.085, -3.6739405e-18, -0.14722432), (0.12020815, -3.6739405e-18, -0.12020815), (0.14722432, -3.6739405e-18, -0.085), (0.16420738, -3.6739405e-18, -0.043999236), (0.17, -3.6739405e-18, -4.1637992e-17), (0.1787868, 0.021213204, 0), (0.17269479, 0.021213204, 0.04627343), (0.15483391, 0.021213204, 0.0893934), (0.12642136, 0.021213204, 0.12642136), (0.0893934, 0.021213204, 0.15483391), (0.04627343, 0.021213204, 0.17269479), (1.09475336e-17, 0.021213204, 0.1787868), (-0.04627343, 0.021213204, 0.17269479), (-0.0893934, 0.021213204, 0.15483391), (-0.12642136, 0.021213204, 0.12642136), (-0.15483391, 0.021213204, 0.0893934), (-0.17269479, 0.021213204, 0.04627343), (-0.1787868, 0.021213204, 2.1895067e-17), (-0.17269479, 0.021213204, -0.04627343), (-0.15483391, 0.021213204, -0.0893934), (-0.12642136, 0.021213204, -0.12642136), (-0.0893934, 0.021213204, -0.15483391), (-0.04627343, 0.021213204, -0.17269479), (-3.28426e-17, 0.021213204, -0.1787868), (0.04627343, 0.021213204, -0.17269479), (0.0893934, 0.021213204, -0.15483391), (0.12642136, 0.021213204, -0.12642136), (0.15483391, 0.021213204, -0.0893934), (0.17269479, 0.021213204, -0.04627343), (0.1787868, 0.021213204, -4.3790134e-17), (0.2, 0.03, 0), (0.19318517, 0.03, 0.05176381), (0.17320508, 0.03, 0.1), (0.14142136, 0.03, 0.14142136), (0.1, 0.03, 0.17320508), (0.05176381, 0.03, 0.19318517), (1.2246468e-17, 0.03, 0.2), (-0.05176381, 0.03, 0.19318517), (-0.1, 0.03, 0.17320508), (-0.14142136, 0.03, 0.14142136), (-0.17320508, 0.03, 0.1), (-0.19318517, 0.03, 0.05176381), (-0.2, 0.03, 2.4492935e-17), (-0.19318517, 0.03, -0.05176381), (-0.17320508, 0.03, -0.1), (-0.14142136, 0.03, -0.14142136), (-0.1, 0.03, -0.17320508), (-0.05176381, 0.03, -0.19318517), (-3.6739406e-17, 0.03, -0.2), (0.05176381, 0.03, -0.19318517), (0.1, 0.03, -0.17320508), (0.14142136, 0.03, -0.14142136), (0.17320508, 0.03, -0.1), (0.19318517, 0.03, -0.05176381), (0.2, 0.03, -4.898587e-17), (0.2212132, 0.021213204, 0), (0.21367554, 0.021213204, 0.05725419), (0.19157626, 0.021213204, 0.1106066), (0.15642136, 0.021213204, 0.15642136), (0.1106066, 0.021213204, 0.19157626), (0.05725419, 0.021213204, 0.21367554), (1.3545402e-17, 0.021213204, 0.2212132), (-0.05725419, 0.021213204, 0.21367554), (-0.1106066, 0.021213204, 0.19157626), (-0.15642136, 0.021213204, 0.15642136), (-0.19157626, 0.021213204, 0.1106066), (-0.21367554, 0.021213204, 0.05725419), (-0.2212132, 0.021213204, 2.7090804e-17), (-0.21367554, 0.021213204, -0.05725419), (-0.19157626, 0.021213204, -0.1106066), (-0.15642136, 0.021213204, -0.15642136), (-0.1106066, 0.021213204, -0.19157626), (-0.05725419, 0.021213204, -0.21367554), (-4.0636207e-17, 0.021213204, -0.2212132), (0.05725419, 0.021213204, -0.21367554), (0.1106066, 0.021213204, -0.19157626), (0.15642136, 0.021213204, -0.15642136), (0.19157626, 0.021213204, -0.1106066), (0.21367554, 0.021213204, -0.05725419), (0.2212132, 0.021213204, -5.4181607e-17), (0.23, 7.347881e-18, 0), (0.22216295, 7.347881e-18, 0.05952838), (0.19918585, 7.347881e-18, 0.115), (0.16263457, 7.347881e-18, 0.16263457), (0.115, 7.347881e-18, 0.19918585), (0.05952838, 7.347881e-18, 0.22216295), (1.4083438e-17, 7.347881e-18, 0.23), (-0.05952838, 7.347881e-18, 0.22216295), (-0.115, 7.347881e-18, 0.19918585), (-0.16263457, 7.347881e-18, 0.16263457), (-0.19918585, 7.347881e-18, 0.115), (-0.22216295, 7.347881e-18, 0.05952838), (-0.23, 7.347881e-18, 2.8166876e-17), (-0.22216295, 7.347881e-18, -0.05952838), (-0.19918585, 7.347881e-18, -0.115), (-0.16263457, 7.347881e-18, -0.16263457), (-0.115, 7.347881e-18, -0.19918585), (-0.05952838, 7.347881e-18, -0.22216295), (-4.2250314e-17, 7.347881e-18, -0.23), (0.05952838, 7.347881e-18, -0.22216295), (0.115, 7.347881e-18, -0.19918585), (0.16263457, 7.347881e-18, -0.16263457), (0.19918585, 7.347881e-18, -0.115), (0.22216295, 7.347881e-18, -0.05952838), (0.23, 7.347881e-18, -5.633375e-17)]
                texCoord2f[] primvars:st = [(0, 0.875), (0, 1), (0.041666668, 0.875), (0, 1), (0.041666668, 1), (0.041666668, 0.875), (0.041666668, 0.875), (0.041666668, 1), (0.083333336, 0.875), (0.041666668, 1), (0.083333336, 1), (0.083333336, 0.875), (0.083333336, 0.875), (0.083333336, 1), (0.125, 0.875), (0.083333336, 1), (0.125, 1), (0.125, 0.875), (0.125, 0.875), (0.125, 1), (0.16666667, 0.875), (0.125, 1), (0.16666667, 1), (0.16666667, 0.875), (0.16666667, 0.875), (0.16666667, 1), (0.20833333, 0.875), (0.16666667, 1), (0.20833333, 1), (0.20833333, 0.875), (0.20833333, 0.875), (0.20833333, 1), (0.25, 0.875), (0.20833333, 1), (0.25, 1), (0.25, 0.875), (0.25, 0.875), (0.25, 1), (0.29166666, 0.875), (0.25, 1), (0.29166666, 1), (0.29166666, 0.875), (0.29166666, 0.875), (0.29166666, 1), (0.33333334, 0.875), (0.29166666, 1), (0.33333334, 1), (0.33333334, 0.875), (0.33333334, 0.875), (0.33333334, 1), (0.375, 0.875), (0.33333334, 1), (0.375, 1), (0.375, 0.875), (0.375, 0.875), (0.375, 1), (0.41666666, 0.875), (0.375, 1), (0.41666666, 1), (0.41666666, 0.875), (0.41666666, 0.875), (0.41666666, 1), (0.45833334, 0.875), (0.41666666, 1), (0.45833334, 1), (0.45833334, 0.875), (0.45833334, 0.875), (0.45833334, 1), (0.5, 0.875), (0.45833334, 1), (0.5, 1), (0.5, 0.875), (0.5, 0.875), (0.5, 1), (0.5416667, 0.875), (0.5, 1), (0.5416667, 1), (0.5416667, 0.875), (0.5416667, 0.875), (0.5416667, 1), (0.5833333, 0.875), (0.5416667, 1), (0.5833333, 1), (0.5833333, 0.875), (0.5833333, 0.875), (0.5833333, 1), (0.625, 0.875), (0.5833333, 1), (0.625, 1), (0.625, 0.875), (0.625, 0.875), (0.625, 1), (0.6666667, 0.875), (0.625, 1), (0.6666667, 1), (0.6666667, 0.875), (0.6666667, 0.875), (0.6666667, 1), (0.7083333, 0.875), (0.6666667, 1), (0.7083333, 1), (0.7083333, 0.875), (0.7083333, 0.875), (0.7083333, 1), (0.75, 0.875), (0.7083333, 1), (0.75, 1), (0.75, 0.875), (0.75, 0.875), (0.75, 1), (0.7916667, 0.875), (0.75, 1), (0.7916667, 1), (0.7916667, 0.875), (0.7916667, 0.875), (0.7916667, 1), (0.8333333, 0.875), (0.7916667, 1), (0.8333333, 1), (0.8333333, 0.875), (0.8333333, 0.875), (0.8333333, 1), (0.875, 0.875), (0.8333333, 1), (0.875, 1), (0.875, 0.875), (0.875, 0.875), (0.875, 1), (0.9166667, 0.875), (0.875, 1), (0.9166667, 1), (0.9166667, 0.875), (0.9166667, 0.875), (0.9166667, 1), (0.9583333, 0.875), (0.9166667, 1), (0.9583333, 1), (0.9583333, 0.875), (0.9583333, 0.875), (0.9583333, 1), (1, 0.875), (0.9583333, 1), (1, 1), (1, 0.875), (0, 0.75), (0, 0.875), (0.041666668, 0.75), (0, 0.875), (0.041666668, 0.875), (0.041666668, 0.75), (0.041666668, 0.75), (0.041666668, 0.875), (0.083333336, 0.75), (0.041666668, 0.875), (0.083333336, 0.875), (0.083333336, 0.75), (0.083333336, 0.75), (0.083333336, 0.875), (0.125, 0.75), (0.083333336, 0.875), (0.125, 0.875), (0.125, 0.75), (0.125, 0.75), (0.125, 0.875), (0.16666667, 0.75), (0.125, 0.875), (0.16666667, 0.875), (0.16666667, 0.75), (0.16666667, 0.75), (0.16666667, 0.875), (0.20833333, 0.75), (0.16666667, 0.875), (0.20833333, 0.875), (0.20833333, 0.75), (0.20833333, 0.75), (0.20833333, 0.875), (0.25, 0.75), (0.20833333, 0.875), (0.25, 0.875), (0.25, 0.75), (0.25, 0.75), (0.25, 0.875), (0.29166666, 0.75), (0.25, 0.875), (0.29166666, 0.875), (0.29166666, 0.75), (0.29166666, 0.75), (0.29166666, 0.875), (0.33333334, 0.75), (0.29166666, 0.875), (0.33333334, 0.875), (0.33333334, 0.75), (0.33333334, 0.75), (0.33333334, 0.875), (0.375, 0.75), (0.33333334, 0.875), (0.375, 0.875), (0.375, 0.75), (0.375, 0.75), (0.375, 0.875), (0.41666666, 0.75), (0.375, 0.875), (0.41666666, 0.875), (0.41666666, 0.75), (0.41666666, 0.75), (0.41666666, 0.875), (0.45833334, 0.75), (0.41666666, 0.875), (0.45833334, 0.875), (0.45833334, 0.75), (0.45833334, 0.75), (0.45833334, 0.875), (0.5, 0.75), (0.45833334, 0.875), (0.5, 0.875), (0.5, 0.75), (0.5, 0.75), (0.5, 0.875), (0.5416667, 0.75), (0.5, 0.875), (0.5416667, 0.875), (0.5416667, 0.75), (0.5416667, 0.75), (0.5416667, 0.875), (0.5833333, 0.75), (0.5416667, 0.875), (0.5833333, 0.875), (0.5833333, 0.75), (0.5833333, 0.75), (0.5833333, 0.875), (0.625, 0.75), (0.5833333, 0.875), (0.625, 0.875), (0.625, 0.75), (0.625, 0.75), (0.625, 0.875), (0.6666667, 0.75), (0.625, 0.875), (0.6666667, 0.875), (0.6666667, 0.75), (0.6666667, 0.75), (0.6666667, 0.875), (0.7083333, 0.75), (0.6666667, 0.875), (0.7083333, 0.875), (0.7083333, 0.75), (0.7083333, 0.75), (0.7083333, 0.875), (0.75, 0.75), (0.7083333, 0.875), (0.75, 0.875), (0.75, 0.75), (0.75, 0.75), (0.75, 0.875), (0.7916667, 0.75), (0.75, 0.875), (0.7916667, 0.875), (0.7916667, 0.75), (0.7916667, 0.75), (0.7916667, 0.875), (0.8333333, 0.75), (0.7916667, 0.875), (0.8333333, 0.875), (0.8333333, 0.75), (0.8333333, 0.75), (0.8333333, 0.875), (0.875, 0.75), (0.8333333, 0.875), (0.875, 0.875), (0.875, 0.75), (0.875, 0.75), (0.875, 0.875), (0.9166667, 0.75), (0.875, 0.875), (0.9166667, 0.875), (0.9166667, 0.75), (0.9166667, 0.75), (0.9166667, 0.875), (0.9583333, 0.75), (0.9166667, 0.875), (0.9583333, 0.875), (0.9583333, 0.75), (0.9583333, 0.75), (0.9583333, 0.875), (1, 0.75), (0.9583333, 0.875), (1, 0.875), (1, 0.75), (0, 0.625), (0, 0.75), (0.041666668, 0.625), (0, 0.75), (0.041666668, 0.75), (0.041666668, 0.625), (0.041666668, 0.625), (0.041666668, 0.75), (0.083333336, 0.625), (0.041666668, 0.75), (0.083333336, 0.75), (0.083333336, 0.625), (0.083333336, 0.625), (0.083333336, 0.75), (0.125, 0.625), (0.083333336, 0.75), (0.125, 0.75), (0.125, 0.625), (0.125, 0.625), (0.125, 0.75), (0.16666667, 0.625), (0.125, 0.75), (0.16666667, 0.75), (0.16666667, 0.625), (0.16666667, 0.625), (0.16666667, 0.75), (0.20833333, 0.625), (0.16666667, 0.75), (0.20833333, 0.75), (0.20833333, 0.625), (0.20833333, 0.625), (0.20833333, 0.75), (0.25, 0.625), (0.20833333, 0.75), (0.25, 0.75), (0.25, 0.625), (0.25, 0.625), (0.25, 0.75), (0.29166666, 0.625), (0.25, 0.75), (0.29166666, 0.75), (0.29166666, 0.625), (0.29166666, 0.625), (0.29166666, 0.75), (0.33333334, 0.625), (0.29166666, 0.75), (0.33333334, 0.75), (0.33333334, 0.625), (0.33333334, 0.625), (0.33333334, 0.75), (0.375, 0.625), (0.33333334, 0.75), (0.375, 0.75), (0.375, 0.625), (0.375, 0.625), (0.375, 0.75), (0.41666666, 0.625), (0.375, 0.75), (0.41666666, 0.75), (0.41666666, 0.625), (0.41666666, 0.625), (0.41666666, 0.75), (0.45833334, 0.625), (0.41666666, 0.75), (0.45833334, 0.75), (0.45833334, 0.625), (0.45833334, 0.625), (0.45833334, 0.75), (0.5, 0.625), (0.45833334, 0.75), (0.5, 0.75), (0.5, 0.625), (0.5, 0.625), (0.5, 0.75), (0.5416667, 0.625), (0.5, 0.75), (0.5416667, 0.75), (0.5416667, 0.625), (0.5416667, 0.625), (0.5416667, 0.75), (0.5833333, 0.625), (0.5416667, 0.75), (0.5833333, 0.75), (0.5833333, 0.625), (0.5833333, 0.625), (0.5833333, 0.75), (0.625, 0.625), (0.5833333, 0.75), (0.625, 0.75), (0.625, 0.625), (0.625, 0.625), (0.625, 0.75), (0.6666667, 0.625), (0.625, 0.75), (0.6666667, 0.75), (0.6666667, 0.625), (0.6666667, 0.625), (0.6666667, 0.75), (0.7083333, 0.625), (0.6666667, 0.75), (0.7083333, 0.75), (0.7083333, 0.625), (0.7083333, 0.625), (0.7083333, 0.75), (0.75, 0.625), (0.7083333, 0.75), (0.75, 0.75), (0.75, 0.625), (0.75, 0.625), (0.75, 0.75), (0.7916667, 0.625), (0.75, 0.75), (0.7916667, 0.75), (0.7916667, 0.625), (0.7916667, 0.625), (0.7916667, 0.75), (0.8333333, 0.625), (0.7916667, 0.75), (0.8333333, 0.75), (0.8333333, 0.625), (0.8333333, 0.625), (0.8333333, 0.75), (0.875, 0.625), (0.8333333, 0.75), (0.875, 0.75), (0.875, 0.625), (0.875, 0.625), (0.875, 0.75), (0.9166667, 0.625), (0.875, 0.75), (0.9166667, 0.75), (0.9166667, 0.625), (0.9166667, 0.625), (0.9166667, 0.75), (0.9583333, 0.625), (0.9166667, 0.75), (0.9583333, 0.75), (0.9583333, 0.625), (0.9583333, 0.625), (0.9583333, 0.75), (1, 0.625), (0.9583333, 0.75), (1, 0.75), (1, 0.625), (0, 0.5), (0, 0.625), (0.041666668, 0.5), (0, 0.625), (0.041666668, 0.625), (0.041666668, 0.5), (0.041666668, 0.5), (0.041666668, 0.625), (0.083333336, 0.5), (0.041666668, 0.625), (0.083333336, 0.625), (0.083333336, 0.5), (0.083333336, 0.5), (0.083333336, 0.625), (0.125, 0.5), (0.083333336, 0.625), (0.125, 0.625), (0.125, 0.5), (0.125, 0.5), (0.125, 0.625), (0.16666667, 0.5), (0.125, 0.625), (0.16666667, 0.625), (0.16666667, 0.5), (0.16666667, 0.5), (0.16666667, 0.625), (0.20833333, 0.5), (0.16666667, 0.625), (0.20833333, 0.625), (0.20833333, 0.5), (0.20833333, 0.5), (0.20833333, 0.625), (0.25, 0.5), (0.20833333, 0.625), (0.25, 0.625), (0.25, 0.5), (0.25, 0.5), (0.25, 0.625), (0.29166666, 0.5), (0.25, 0.625), (0.29166666, 0.625), (0.29166666, 0.5), (0.29166666, 0.5), (0.29166666, 0.625), (0.33333334, 0.5), (0.29166666, 0.625), (0.33333334, 0.625), (0.33333334, 0.5), (0.33333334, 0.5), (0.33333334, 0.625), (0.375, 0.5), (0.33333334, 0.625), (0.375, 0.625), (0.375, 0.5), (0.375, 0.5), (0.375, 0.625), (0.41666666, 0.5), (0.375, 0.625), (0.41666666, 0.625), (0.41666666, 0.5), (0.41666666, 0.5), (0.41666666, 0.625), (0.45833334, 0.5), (0.41666666, 0.625), (0.45833334, 0.625), (0.45833334, 0.5), (0.45833334, 0.5), (0.45833334, 0.625), (0.5, 0.5), (0.45833334, 0.625), (0.5, 0.625), (0.5, 0.5), (0.5, 0.5), (0.5, 0.625), (0.5416667, 0.5), (0.5, 0.625), (0.5416667, 0.625), (0.5416667, 0.5), (0.5416667, 0.5), (0.5416667, 0.625), (0.5833333, 0.5), (0.5416667, 0.625), (0.5833333, 0.625), (0.5833333, 0.5), (0.5833333, 0.5), (0.5833333, 0.625), (0.625, 0.5), (0.5833333, 0.625), (0.625, 0.625), (0.625, 0.5), (0.625, 0.5), (0.625, 0.625), (0.6666667, 0.5), (0.625, 0.625), (0.6666667, 0.625), (0.6666667, 0.5), (0.6666667, 0.5), (0.6666667, 0.625), (0.7083333, 0.5), (0.6666667, 0.625), (0.7083333, 0.625), (0.7083333, 0.5), (0.7083333, 0.5), (0.7083333, 0.625), (0.75, 0.5), (0.7083333, 0.625), (0.75, 0.625), (0.75, 0.5), (0.75, 0.5), (0.75, 0.625), (0.7916667, 0.5), (0.75, 0.625), (0.7916667, 0.625), (0.7916667, 0.5), (0.7916667, 0.5), (0.7916667, 0.625), (0.8333333, 0.5), (0.7916667, 0.625), (0.8333333, 0.625), (0.8333333, 0.5), (0.8333333, 0.5), (0.8333333, 0.625), (0.875, 0.5), (0.8333333, 0.625), (0.875, 0.625), (0.875, 0.5), (0.875, 0.5), (0.875, 0.625), (0.9166667, 0.5), (0.875, 0.625), (0.9166667, 0.625), (0.9166667, 0.5), (0.9166667, 0.5), (0.9166667, 0.625), (0.9583333, 0.5), (0.9166667, 0.625), (0.9583333, 0.625), (0.9583333, 0.5), (0.9583333, 0.5), (0.9583333, 0.625), (1, 0.5), (0.9583333, 0.625), (1, 0.625), (1, 0.5), (0, 0.375), (0, 0.5), (0.041666668, 0.375), (0, 0.5), (0.041666668, 0.5), (0.041666668, 0.375), (0.041666668, 0.375), (0.041666668, 0.5), (0.083333336, 0.375), (0.041666668, 0.5), (0.083333336, 0.5), (0.083333336, 0.375), (0.083333336, 0.375), (0.083333336, 0.5), (0.125, 0.375), (0.083333336, 0.5), (0.125, 0.5), (0.125, 0.375), (0.125, 0.375), (0.125, 0.5), (0.16666667, 0.375), (0.125, 0.5), (0.16666667, 0.5), (0.16666667, 0.375), (0.16666667, 0.375), (0.16666667, 0.5), (0.20833333, 0.375), (0.16666667, 0.5), (0.20833333, 0.5), (0.20833333, 0.375), (0.20833333, 0.375), (0.20833333, 0.5), (0.25, 0.375), (0.20833333, 0.5), (0.25, 0.5), (0.25, 0.375), (0.25, 0.375), (0.25, 0.5), (0.29166666, 0.375), (0.25, 0.5), (0.29166666, 0.5), (0.29166666, 0.375), (0.29166666, 0.375), (0.29166666, 0.5), (0.33333334, 0.375), (0.29166666, 0.5), (0.33333334, 0.5), (0.33333334, 0.375), (0.33333334, 0.375), (0.33333334, 0.5), (0.375, 0.375), (0.33333334, 0.5), (0.375, 0.5), (0.375, 0.375), (0.375, 0.375), (0.375, 0.5), (0.41666666, 0.375), (0.375, 0.5), (0.41666666, 0.5), (0.41666666, 0.375), (0.41666666, 0.375), (0.41666666, 0.5), (0.45833334, 0.375), (0.41666666, 0.5), (0.45833334, 0.5), (0.45833334, 0.375), (0.45833334, 0.375), (0.45833334, 0.5), (0.5, 0.375), (0.45833334, 0.5), (0.5, 0.5), (0.5, 0.375), (0.5, 0.375), (0.5, 0.5), (0.5416667, 0.375), (0.5, 0.5), (0.5416667, 0.5), (0.5416667, 0.375), (0.5416667, 0.375), (0.5416667, 0.5), (0.5833333, 0.375), (0.5416667, 0.5), (0.5833333, 0.5), (0.5833333, 0.375), (0.5833333, 0.375), (0.5833333, 0.5), (0.625, 0.375), (0.5833333, 0.5), (0.625, 0.5), (0.625, 0.375), (0.625, 0.375), (0.625, 0.5), (0.6666667, 0.375), (0.625, 0.5), (0.6666667, 0.5), (0.6666667, 0.375), (0.6666667, 0.375), (0.6666667, 0.5), (0.7083333, 0.375), (0.6666667, 0.5), (0.7083333, 0.5), (0.7083333, 0.375), (0.7083333, 0.375), (0.7083333, 0.5), (0.75, 0.375), (0.7083333, 0.5), (0.75, 0.5), (0.75, 0.375), (0.75, 0.375), (0.75, 0.5), (0.7916667, 0.375), (0.75, 0.5), (0.7916667, 0.5), (0.7916667, 0.375), (0.7916667, 0.375), (0.7916667, 0.5), (0.8333333, 0.375), (0.7916667, 0.5), (0.8333333, 0.5), (0.8333333, 0.375), (0.8333333, 0.375), (0.8333333, 0.5), (0.875, 0.375), (0.8333333, 0.5), (0.875, 0.5), (0.875, 0.375), (0.875, 0.375), (0.875, 0.5), (0.9166667, 0.375), (0.875, 0.5), (0.9166667, 0.5), (0.9166667, 0.375), (0.9166667, 0.375), (0.9166667, 0.5), (0.9583333, 0.375), (0.9166667, 0.5), (0.9583333, 0.5), (0.9583333, 0.375), (0.9583333, 0.375), (0.9583333, 0.5), (1, 0.375), (0.9583333, 0.5), (1, 0.5), (1, 0.375), (0, 0.25), (0, 0.375), (0.041666668, 0.25), (0, 0.375), (0.041666668, 0.375), (0.041666668, 0.25), (0.041666668, 0.25), (0.041666668, 0.375), (0.083333336, 0.25), (0.041666668, 0.375), (0.083333336, 0.375), (0.083333336, 0.25), (0.083333336, 0.25), (0.083333336, 0.375), (0.125, 0.25), (0.083333336, 0.375), (0.125, 0.375), (0.125, 0.25), (0.125, 0.25), (0.125, 0.375), (0.16666667, 0.25), (0.125, 0.375), (0.16666667, 0.375), (0.16666667, 0.25), (0.16666667, 0.25), (0.16666667, 0.375), (0.20833333, 0.25), (0.16666667, 0.375), (0.20833333, 0.375), (0.20833333, 0.25), (0.20833333, 0.25), (0.20833333, 0.375), (0.25, 0.25), (0.20833333, 0.375), (0.25, 0.375), (0.25, 0.25), (0.25, 0.25), (0.25, 0.375), (0.29166666, 0.25), (0.25, 0.375), (0.29166666, 0.375), (0.29166666, 0.25), (0.29166666, 0.25), (0.29166666, 0.375), (0.33333334, 0.25), (0.29166666, 0.375), (0.33333334, 0.375), (0.33333334, 0.25), (0.33333334, 0.25), (0.33333334, 0.375), (0.375, 0.25), (0.33333334, 0.375), (0.375, 0.375), (0.375, 0.25), (0.375, 0.25), (0.375, 0.375), (0.41666666, 0.25), (0.375, 0.375), (0.41666666, 0.375), (0.41666666, 0.25), (0.41666666, 0.25), (0.41666666, 0.375), (0.45833334, 0.25), (0.41666666, 0.375), (0.45833334, 0.375), (0.45833334, 0.25), (0.45833334, 0.25), (0.45833334, 0.375), (0.5, 0.25), (0.45833334, 0.375), (0.5, 0.375), (0.5, 0.25), (0.5, 0.25), (0.5, 0.375), (0.5416667, 0.25), (0.5, 0.375), (0.5416667, 0.375), (0.5416667, 0.25), (0.5416667, 0.25), (0.5416667, 0.375), (0.5833333, 0.25), (0.5416667, 0.375), (0.5833333, 0.375), (0.5833333, 0.25), (0.5833333, 0.25), (0.5833333, 0.375), (0.625, 0.25), (0.5833333, 0.375), (0.625, 0.375), (0.625, 0.25), (0.625, 0.25), (0.625, 0.375), (0.6666667, 0.25), (0.625, 0.375), (0.6666667, 0.375), (0.6666667, 0.25), (0.6666667, 0.25), (0.6666667, 0.375), (0.7083333, 0.25), (0.6666667, 0.375), (0.7083333, 0.375), (0.7083333, 0.25), (0.7083333, 0.25), (0.7083333, 0.375), (0.75, 0.25), (0.7083333, 0.375), (0.75, 0.375), (0.75, 0.25), (0.75, 0.25), (0.75, 0.375), (0.7916667, 0.25), (0.75, 0.375), (0.7916667, 0.375), (0.7916667, 0.25), (0.7916667, 0.25), (0.7916667, 0.375), (0.8333333, 0.25), (0.7916667, 0.375), (0.8333333, 0.375), (0.8333333, 0.25), (0.8333333, 0.25), (0.8333333, 0.375), (0.875, 0.25), (0.8333333, 0.375), (0.875, 0.375), (0.875, 0.25), (0.875, 0.25), (0.875, 0.375), (0.9166667, 0.25), (0.875, 0.375), (0.9166667, 0.375), (0.9166667, 0.25), (0.9166667, 0.25), (0.9166667, 0.375), (0.9583333, 0.25), (0.9166667, 0.375), (0.9583333, 0.375), (0.9583333, 0.25), (0.9583333, 0.25), (0.9583333, 0.375), (1, 0.25), (0.9583333, 0.375), (1, 0.375), (1, 0.25), (0, 0.125), (0, 0.25), (0.041666668, 0.125), (0, 0.25), (0.041666668, 0.25), (0.041666668, 0.125), (0.041666668, 0.125), (0.041666668, 0.25), (0.083333336, 0.125), (0.041666668, 0.25), (0.083333336, 0.25), (0.083333336, 0.125), (0.083333336, 0.125), (0.083333336, 0.25), (0.125, 0.125), (0.083333336, 0.25), (0.125, 0.25), (0.125, 0.125), (0.125, 0.125), (0.125, 0.25), (0.16666667, 0.125), (0.125, 0.25), (0.16666667, 0.25), (0.16666667, 0.125), (0.16666667, 0.125), (0.16666667, 0.25), (0.20833333, 0.125), (0.16666667, 0.25), (0.20833333, 0.25), (0.20833333, 0.125), (0.20833333, 0.125), (0.20833333, 0.25), (0.25, 0.125), (0.20833333, 0.25), (0.25, 0.25), (0.25, 0.125), (0.25, 0.125), (0.25, 0.25), (0.29166666, 0.125), (0.25, 0.25), (0.29166666, 0.25), (0.29166666, 0.125), (0.29166666, 0.125), (0.29166666, 0.25), (0.33333334, 0.125), (0.29166666, 0.25), (0.33333334, 0.25), (0.33333334, 0.125), (0.33333334, 0.125), (0.33333334, 0.25), (0.375, 0.125), (0.33333334, 0.25), (0.375, 0.25), (0.375, 0.125), (0.375, 0.125), (0.375, 0.25), (0.41666666, 0.125), (0.375, 0.25), (0.41666666, 0.25), (0.41666666, 0.125), (0.41666666, 0.125), (0.41666666, 0.25), (0.45833334, 0.125), (0.41666666, 0.25), (0.45833334, 0.25), (0.45833334, 0.125), (0.45833334, 0.125), (0.45833334, 0.25), (0.5, 0.125), (0.45833334, 0.25), (0.5, 0.25), (0.5, 0.125), (0.5, 0.125), (0.5, 0.25), (0.5416667, 0.125), (0.5, 0.25), (0.5416667, 0.25), (0.5416667, 0.125), (0.5416667, 0.125), (0.5416667, 0.25), (0.5833333, 0.125), (0.5416667, 0.25), (0.5833333, 0.25), (0.5833333, 0.125), (0.5833333, 0.125), (0.5833333, 0.25), (0.625, 0.125), (0.5833333, 0.25), (0.625, 0.25), (0.625, 0.125), (0.625, 0.125), (0.625, 0.25), (0.6666667, 0.125), (0.625, 0.25), (0.6666667, 0.25), (0.6666667, 0.125), (0.6666667, 0.125), (0.6666667, 0.25), (0.7083333, 0.125), (0.6666667, 0.25), (0.7083333, 0.25), (0.7083333, 0.125), (0.7083333, 0.125), (0.7083333, 0.25), (0.75, 0.125), (0.7083333, 0.25), (0.75, 0.25), (0.75, 0.125), (0.75, 0.125), (0.75, 0.25), (0.7916667, 0.125), (0.75, 0.25), (0.7916667, 0.25), (0.7916667, 0.125), (0.7916667, 0.125), (0.7916667, 0.25), (0.8333333, 0.125), (0.7916667, 0.25), (0.8333333, 0.25), (0.8333333, 0.125), (0.8333333, 0.125), (0.8333333, 0.25), (0.875, 0.125), (0.8333333, 0.25), (0.875, 0.25), (0.875, 0.125), (0.875, 0.125), (0.875, 0.25), (0.9166667, 0.125), (0.875, 0.25), (0.9166667, 0.25), (0.9166667, 0.125), (0.9166667, 0.125), (0.9166667, 0.25), (0.9583333, 0.125), (0.9166667, 0.25), (0.9583333, 0.25), (0.9583333, 0.125), (0.9583333, 0.125), (0.9583333, 0.25), (1, 0.125), (0.9583333, 0.25), (1, 0.25), (1, 0.125), (0, 0), (0, 0.125), (0.041666668, 0), (0, 0.125), (0.041666668, 0.125), (0.041666668, 0), (0.041666668, 0), (0.041666668, 0.125), (0.083333336, 0), (0.041666668, 0.125), (0.083333336, 0.125), (0.083333336, 0), (0.083333336, 0), (0.083333336, 0.125), (0.125, 0), (0.083333336, 0.125), (0.125, 0.125), (0.125, 0), (0.125, 0), (0.125, 0.125), (0.16666667, 0), (0.125, 0.125), (0.16666667, 0.125), (0.16666667, 0), (0.16666667, 0), (0.16666667, 0.125), (0.20833333, 0), (0.16666667, 0.125), (0.20833333, 0.125), (0.20833333, 0), (0.20833333, 0), (0.20833333, 0.125), (0.25, 0), (0.20833333, 0.125), (0.25, 0.125), (0.25, 0), (0.25, 0), (0.25, 0.125), (0.29166666, 0), (0.25, 0.125), (0.29166666, 0.125), (0.29166666, 0), (0.29166666, 0), (0.29166666, 0.125), (0.33333334, 0), (0.29166666, 0.125), (0.33333334, 0.125), (0.33333334, 0), (0.33333334, 0), (0.33333334, 0.125), (0.375, 0), (0.33333334, 0.125), (0.375, 0.125), (0.375, 0), (0.375, 0), (0.375, 0.125), (0.41666666, 0), (0.375, 0.125), (0.41666666, 0.125), (0.41666666, 0), (0.41666666, 0), (0.41666666, 0.125), (0.45833334, 0), (0.41666666, 0.125), (0.45833334, 0.125), (0.45833334, 0), (0.45833334, 0), (0.45833334, 0.125), (0.5, 0), (0.45833334, 0.125), (0.5, 0.125), (0.5, 0), (0.5, 0), (0.5, 0.125), (0.5416667, 0), (0.5, 0.125), (0.5416667, 0.125), (0.5416667, 0), (0.5416667, 0), (0.5416667, 0.125), (0.5833333, 0), (0.5416667, 0.125), (0.5833333, 0.125), (0.5833333, 0), (0.5833333, 0), (0.5833333, 0.125), (0.625, 0), (0.5833333, 0.125), (0.625, 0.125), (0.625, 0), (0.625, 0), (0.625, 0.125), (0.6666667, 0), (0.625, 0.125), (0.6666667, 0.125), (0.6666667, 0), (0.6666667, 0), (0.6666667, 0.125), (0.7083333, 0), (0.6666667, 0.125), (0.7083333, 0.125), (0.7083333, 0), (0.7083333, 0), (0.7083333, 0.125), (0.75, 0), (0.7083333, 0.125), (0.75, 0.125), (0.75, 0), (0.75, 0), (0.75, 0.125), (0.7916667, 0), (0.75, 0.125), (0.7916667, 0.125), (0.7916667, 0), (0.7916667, 0), (0.7916667, 0.125), (0.8333333, 0), (0.7916667, 0.125), (0.8333333, 0.125), (0.8333333, 0), (0.8333333, 0), (0.8333333, 0.125), (0.875, 0), (0.8333333, 0.125), (0.875, 0.125), (0.875, 0), (0.875, 0), (0.875, 0.125), (0.9166667, 0), (0.875, 0.125), (0.9166667, 0.125), (0.9166667, 0), (0.9166667, 0), (0.9166667, 0.125), (0.9583333, 0), (0.9166667, 0.125), (0.9583333, 0.125), (0.9583333, 0), (0.9583333, 0), (0.9583333, 0.125), (1, 0), (0.9583333, 0.125), (1, 0.125), (1, 0)] (
                    interpolation = "faceVarying"
                )
                uniform token subdivisionScheme = "none"
                custom string userProperties:blender:data_name = "Mesh_8.010"
            }
        }

        def Xform "control_drawer_3_4"
        {
            custom string userProperties:blender:object_name = "control_drawer_3_4"
            float3 xformOp:rotateXYZ = (0, -0, 0)
            float3 xformOp:scale = (1, 1, 1)
            double3 xformOp:translate = (1.0800000429153442, -0.5199999809265137, 1.2999999523162842)
            uniform token[] xformOpOrder = ["xformOp:translate", "xformOp:rotateXYZ", "xformOp:scale"]

            def Mesh "Mesh_14_006" (
                active = true
                prepend apiSchemas = ["MaterialBindingAPI"]
            )
            {
                uniform bool doubleSided = 0
                float3[] extent = [(-0.21, -0.015, -0.065), (0.21, 0.015, 0.065)]
                int[] faceVertexCounts = [3, 3, 3, 3, 3, 3, 3, 3, 3, 3, 3, 3]
                int[] faceVertexIndices = [0, 2, 1, 2, 3, 1, 4, 6, 5, 6, 7, 5, 8, 10, 9, 10, 11, 9, 12, 14, 13, 14, 15, 13, 16, 18, 17, 18, 19, 17, 20, 22, 21, 22, 23, 21]
                rel material:binding = </root/_materials/Material_14_006>
                normal3f[] normals = [(1, 0, 0), (1, 0, 0), (1, 0, 0), (1, 0, 0), (1, 0, 0), (1, 0, 0), (-1, 0, 0), (-1, 0, 0), (-1, 0, 0), (-1, 0, 0), (-1, 0, 0), (-1, 0, 0), (0, 0, 0.99999994), (0, 0, 0.99999994), (0, 0, 0.99999994), (0, 0, 0.99999994), (0, 0, 0.99999994), (0, 0, 0.99999994), (0, 0, -0.99999994), (0, 0, -0.99999994), (0, 0, -0.99999994), (0, 0, -0.99999994), (0, 0, -0.99999994), (0, 0, -0.99999994), (0, -1, 0), (0, -1, 0), (0, -1, 0), (0, -1, 0), (0, -1, 0), (0, -1, 0), (0, 1, 0), (0, 1, 0), (0, 1, 0), (0, 1, 0), (0, 1, 0), (0, 1, 0)] (
                    interpolation = "faceVarying"
                )
                point3f[] points = [(0.21, -0.015, 0.065), (0.21, 0.015, 0.065), (0.21, -0.015, -0.065), (0.21, 0.015, -0.065), (-0.21, 0.015, 0.065), (-0.21, -0.015, 0.065), (-0.21, 0.015, -0.065), (-0.21, -0.015, -0.065), (-0.21, 0.015, 0.065), (0.21, 0.015, 0.065), (-0.21, -0.015, 0.065), (0.21, -0.015, 0.065), (-0.21, -0.015, -0.065), (0.21, -0.015, -0.065), (-0.21, 0.015, -0.065), (0.21, 0.015, -0.065), (-0.21, -0.015, 0.065), (0.21, -0.015, 0.065), (-0.21, -0.015, -0.065), (0.21, -0.015, -0.065), (0.21, 0.015, 0.065), (-0.21, 0.015, 0.065), (0.21, 0.015, -0.065), (-0.21, 0.015, -0.065)]
                texCoord2f[] primvars:st = [(0, 0), (0, 1), (1, 0), (0, 1), (1, 1), (1, 0), (0, 0), (0, 1), (1, 0), (0, 1), (1, 1), (1, 0), (0, 0), (0, 1), (1, 0), (0, 1), (1, 1), (1, 0), (0, 0), (0, 1), (1, 0), (0, 1), (1, 1), (1, 0), (0, 0), (0, 1), (1, 0), (0, 1), (1, 1), (1, 0), (0, 0), (0, 1), (1, 0), (0, 1), (1, 1), (1, 0)] (
                    interpolation = "faceVarying"
                )
                uniform token subdivisionScheme = "none"
                custom string userProperties:blender:data_name = "Mesh_14.006"
            }
        }

        def Xform "control_drawer_3_3"
        {
            custom string userProperties:blender:object_name = "control_drawer_3_3"
            float3 xformOp:rotateXYZ = (0, -0, 0)
            float3 xformOp:scale = (1, 1, 1)
            double3 xformOp:translate = (1.0800000429153442, -0.5199999809265137, 1.0700000524520874)
            uniform token[] xformOpOrder = ["xformOp:translate", "xformOp:rotateXYZ", "xformOp:scale"]

            def Mesh "Mesh_13_008" (
                active = true
                prepend apiSchemas = ["MaterialBindingAPI"]
            )
            {
                uniform bool doubleSided = 0
                float3[] extent = [(-0.21, -0.015, -0.065), (0.21, 0.015, 0.065)]
                int[] faceVertexCounts = [3, 3, 3, 3, 3, 3, 3, 3, 3, 3, 3, 3]
                int[] faceVertexIndices = [0, 2, 1, 2, 3, 1, 4, 6, 5, 6, 7, 5, 8, 10, 9, 10, 11, 9, 12, 14, 13, 14, 15, 13, 16, 18, 17, 18, 19, 17, 20, 22, 21, 22, 23, 21]
                rel material:binding = </root/_materials/Material_13_008>
                normal3f[] normals = [(1, 0, 0), (1, 0, 0), (1, 0, 0), (1, 0, 0), (1, 0, 0), (1, 0, 0), (-1, 0, 0), (-1, 0, 0), (-1, 0, 0), (-1, 0, 0), (-1, 0, 0), (-1, 0, 0), (0, 0, 0.99999994), (0, 0, 0.99999994), (0, 0, 0.99999994), (0, 0, 0.99999994), (0, 0, 0.99999994), (0, 0, 0.99999994), (0, 0, -0.99999994), (0, 0, -0.99999994), (0, 0, -0.99999994), (0, 0, -0.99999994), (0, 0, -0.99999994), (0, 0, -0.99999994), (0, -1, 0), (0, -1, 0), (0, -1, 0), (0, -1, 0), (0, -1, 0), (0, -1, 0), (0, 1, 0), (0, 1, 0), (0, 1, 0), (0, 1, 0), (0, 1, 0), (0, 1, 0)] (
                    interpolation = "faceVarying"
                )
                point3f[] points = [(0.21, -0.015, 0.065), (0.21, 0.015, 0.065), (0.21, -0.015, -0.065), (0.21, 0.015, -0.065), (-0.21, 0.015, 0.065), (-0.21, -0.015, 0.065), (-0.21, 0.015, -0.065), (-0.21, -0.015, -0.065), (-0.21, 0.015, 0.065), (0.21, 0.015, 0.065), (-0.21, -0.015, 0.065), (0.21, -0.015, 0.065), (-0.21, -0.015, -0.065), (0.21, -0.015, -0.065), (-0.21, 0.015, -0.065), (0.21, 0.015, -0.065), (-0.21, -0.015, 0.065), (0.21, -0.015, 0.065), (-0.21, -0.015, -0.065), (0.21, -0.015, -0.065), (0.21, 0.015, 0.065), (-0.21, 0.015, 0.065), (0.21, 0.015, -0.065), (-0.21, 0.015, -0.065)]
                texCoord2f[] primvars:st = [(0, 0), (0, 1), (1, 0), (0, 1), (1, 1), (1, 0), (0, 0), (0, 1), (1, 0), (0, 1), (1, 1), (1, 0), (0, 0), (0, 1), (1, 0), (0, 1), (1, 1), (1, 0), (0, 0), (0, 1), (1, 0), (0, 1), (1, 1), (1, 0), (0, 0), (0, 1), (1, 0), (0, 1), (1, 1), (1, 0), (0, 0), (0, 1), (1, 0), (0, 1), (1, 1), (1, 0)] (
                    interpolation = "faceVarying"
                )
                uniform token subdivisionScheme = "none"
                custom string userProperties:blender:data_name = "Mesh_13.008"
            }
        }

        def Xform "support_base"
        {
            custom string userProperties:blender:object_name = "support_base"
            float3 xformOp:rotateXYZ = (0, -0, 0)
            float3 xformOp:scale = (1, 1, 1)
            double3 xformOp:translate = (0, 0, 0.10999999940395355)
            uniform token[] xformOpOrder = ["xformOp:translate", "xformOp:rotateXYZ", "xformOp:scale"]

            def Mesh "Mesh_0_014" (
                active = true
                prepend apiSchemas = ["MaterialBindingAPI"]
            )
            {
                uniform bool doubleSided = 0
                float3[] extent = [(-1.44, -0.8, -0.11), (1.44, 0.8, 0.11)]
                int[] faceVertexCounts = [3, 3, 3, 3, 3, 3, 3, 3, 3, 3, 3, 3]
                int[] faceVertexIndices = [0, 2, 1, 2, 3, 1, 4, 6, 5, 6, 7, 5, 8, 10, 9, 10, 11, 9, 12, 14, 13, 14, 15, 13, 16, 18, 17, 18, 19, 17, 20, 22, 21, 22, 23, 21]
                rel material:binding = </root/_materials/Material_0_014>
                normal3f[] normals = [(0.99999994, 0, 0), (0.99999994, 0, 0), (0.99999994, 0, 0), (0.99999994, 0, 0), (0.99999994, 0, 0), (0.99999994, 0, 0), (-0.99999994, 0, 0), (-0.99999994, 0, 0), (-0.99999994, 0, 0), (-0.99999994, 0, 0), (-0.99999994, 0, 0), (-0.99999994, 0, 0), (0, 0, 1), (0, 0, 1), (0, 0, 1), (0, 0, 1), (0, 0, 1), (0, 0, 1), (0, 0, -1), (0, 0, -1), (0, 0, -1), (0, 0, -1), (0, 0, -1), (0, 0, -1), (0, -1, 0), (0, -1, 0), (0, -1, 0), (0, -1, 0), (0, -1, 0), (0, -1, 0), (0, 1, 0), (0, 1, 0), (0, 1, 0), (0, 1, 0), (0, 1, 0), (0, 1, 0)] (
                    interpolation = "faceVarying"
                )
                point3f[] points = [(1.44, -0.8, 0.11), (1.44, 0.8, 0.11), (1.44, -0.8, -0.11), (1.44, 0.8, -0.11), (-1.44, 0.8, 0.11), (-1.44, -0.8, 0.11), (-1.44, 0.8, -0.11), (-1.44, -0.8, -0.11), (-1.44, 0.8, 0.11), (1.44, 0.8, 0.11), (-1.44, -0.8, 0.11), (1.44, -0.8, 0.11), (-1.44, -0.8, -0.11), (1.44, -0.8, -0.11), (-1.44, 0.8, -0.11), (1.44, 0.8, -0.11), (-1.44, -0.8, 0.11), (1.44, -0.8, 0.11), (-1.44, -0.8, -0.11), (1.44, -0.8, -0.11), (1.44, 0.8, 0.11), (-1.44, 0.8, 0.11), (1.44, 0.8, -0.11), (-1.44, 0.8, -0.11)]
                texCoord2f[] primvars:st = [(0, 0), (0, 1), (1, 0), (0, 1), (1, 1), (1, 0), (0, 0), (0, 1), (1, 0), (0, 1), (1, 1), (1, 0), (0, 0), (0, 1), (1, 0), (0, 1), (1, 1), (1, 0), (0, 0), (0, 1), (1, 0), (0, 1), (1, 1), (1, 0), (0, 0), (0, 1), (1, 0), (0, 1), (1, 1), (1, 0), (0, 0), (0, 1), (1, 0), (0, 1), (1, 1), (1, 0)] (
                    interpolation = "faceVarying"
                )
                uniform token subdivisionScheme = "none"
                custom string userProperties:blender:data_name = "Mesh_0.014"
            }
        }

        def Xform "control_3"
        {
            custom string userProperties:blender:object_name = "control_3"
            float3 xformOp:rotateXYZ = (0, -0, 0)
            float3 xformOp:scale = (1, 1, 1.8)
            double3 xformOp:translate = (1.0800000429153442, 0, 0.9399999976158142)
            uniform token[] xformOpOrder = ["xformOp:translate", "xformOp:rotateXYZ", "xformOp:scale"]

            def Mesh "Mesh_9_010" (
                active = true
                prepend apiSchemas = ["MaterialBindingAPI"]
            )
            {
                uniform bool doubleSided = 0
                float3[] extent = [(-0.265, -0.5, -0.4), (0.265, 0.5, 0.4)]
                int[] faceVertexCounts = [3, 3, 3, 3, 3, 3, 3, 3, 3, 3, 3, 3]
                int[] faceVertexIndices = [0, 2, 1, 2, 3, 1, 4, 6, 5, 6, 7, 5, 8, 10, 9, 10, 11, 9, 12, 14, 13, 14, 15, 13, 16, 18, 17, 18, 19, 17, 20, 22, 21, 22, 23, 21]
                rel material:binding = </root/_materials/Material_9_010>
                normal3f[] normals = [(1, 0, 0), (1, 0, 0), (1, 0, 0), (1, 0, 0), (1, 0, 0), (1, 0, 0), (-1, 0, 0), (-1, 0, 0), (-1, 0, 0), (-1, 0, 0), (-1, 0, 0), (-1, 0, 0), (0, 0, 1), (0, 0, 1), (0, 0, 1), (0, 0, 1), (0, 0, 1), (0, 0, 1), (0, 0, -1), (0, 0, -1), (0, 0, -1), (0, 0, -1), (0, 0, -1), (0, 0, -1), (0, -1, 0), (0, -1, 0), (0, -1, 0), (0, -1, 0), (0, -1, 0), (0, -1, 0), (0, 1, 0), (0, 1, 0), (0, 1, 0), (0, 1, 0), (0, 1, 0), (0, 1, 0)] (
                    interpolation = "faceVarying"
                )
                point3f[] points = [(0.265, -0.5, 0.4), (0.265, 0.5, 0.4), (0.265, -0.5, -0.4), (0.265, 0.5, -0.4), (-0.265, 0.5, 0.4), (-0.265, -0.5, 0.4), (-0.265, 0.5, -0.4), (-0.265, -0.5, -0.4), (-0.265, 0.5, 0.4), (0.265, 0.5, 0.4), (-0.265, -0.5, 0.4), (0.265, -0.5, 0.4), (-0.265, -0.5, -0.4), (0.265, -0.5, -0.4), (-0.265, 0.5, -0.4), (0.265, 0.5, -0.4), (-0.265, -0.5, 0.4), (0.265, -0.5, 0.4), (-0.265, -0.5, -0.4), (0.265, -0.5, -0.4), (0.265, 0.5, 0.4), (-0.265, 0.5, 0.4), (0.265, 0.5, -0.4), (-0.265, 0.5, -0.4)]
                texCoord2f[] primvars:st = [(0, 0), (0, 1), (1, 0), (0, 1), (1, 1), (1, 0), (0, 0), (0, 1), (1, 0), (0, 1), (1, 1), (1, 0), (0, 0), (0, 1), (1, 0), (0, 1), (1, 1), (1, 0), (0, 0), (0, 1), (1, 0), (0, 1), (1, 1), (1, 0), (0, 0), (0, 1), (1, 0), (0, 1), (1, 1), (1, 0), (0, 0), (0, 1), (1, 0), (0, 1), (1, 1), (1, 0)] (
                    interpolation = "faceVarying"
                )
                uniform token subdivisionScheme = "none"
                custom string userProperties:blender:data_name = "Mesh_9.010"
            }
        }

        def Xform "rotor_1"
        {
            custom string userProperties:blender:object_name = "rotor_1"
            custom bool userProperties:motionCandidate = 1
            float3 xformOp:rotateXYZ = (0, -0, 0)
            float3 xformOp:scale = (1, 1, 1)
            double3 xformOp:translate = (-0.36000001430511475, 0, 0.7699999809265137)
            uniform token[] xformOpOrder = ["xformOp:translate", "xformOp:rotateXYZ", "xformOp:scale"]

            def Mesh "Mesh_6_014" (
                active = true
                prepend apiSchemas = ["MaterialBindingAPI"]
            )
            {
                uniform bool doubleSided = 0
                float3[] extent = [(-0.34, -0.34, -0.55), (0.34, 0.34, 0.55)]
                int[] faceVertexCounts = [3, 3, 3, 3, 3, 3, 3, 3, 3, 3, 3, 3, 3, 3, 3, 3, 3, 3, 3, 3, 3, 3, 3, 3, 3, 3, 3, 3, 3, 3, 3, 3, 3, 3, 3, 3, 3, 3, 3, 3, 3, 3, 3, 3, 3, 3, 3, 3, 3, 3, 3, 3, 3, 3, 3, 3, 3, 3, 3, 3, 3, 3, 3, 3, 3, 3, 3, 3, 3, 3, 3, 3, 3, 3, 3, 3, 3, 3, 3, 3, 3, 3, 3, 3, 3, 3, 3, 3, 3, 3, 3, 3, 3, 3, 3, 3]
                int[] faceVertexIndices = [0, 25, 1, 25, 26, 1, 1, 26, 2, 26, 27, 2, 2, 27, 3, 27, 28, 3, 3, 28, 4, 28, 29, 4, 4, 29, 5, 29, 30, 5, 5, 30, 6, 30, 31, 6, 6, 31, 7, 31, 32, 7, 7, 32, 8, 32, 33, 8, 8, 33, 9, 33, 34, 9, 9, 34, 10, 34, 35, 10, 10, 35, 11, 35, 36, 11, 11, 36, 12, 36, 37, 12, 12, 37, 13, 37, 38, 13, 13, 38, 14, 38, 39, 14, 14, 39, 15, 39, 40, 15, 15, 40, 16, 40, 41, 16, 16, 41, 17, 41, 42, 17, 17, 42, 18, 42, 43, 18, 18, 43, 19, 43, 44, 19, 19, 44, 20, 44, 45, 20, 20, 45, 21, 45, 46, 21, 21, 46, 22, 46, 47, 22, 22, 47, 23, 47, 48, 23, 23, 48, 24, 48, 49, 24, 74, 75, 50, 75, 76, 51, 76, 77, 52, 77, 78, 53, 78, 79, 54, 79, 80, 55, 80, 81, 56, 81, 82, 57, 82, 83, 58, 83, 84, 59, 84, 85, 60, 85, 86, 61, 86, 87, 62, 87, 88, 63, 88, 89, 64, 89, 90, 65, 90, 91, 66, 91, 92, 67, 92, 93, 68, 93, 94, 69, 94, 95, 70, 95, 96, 71, 96, 97, 72, 97, 98, 73, 124, 123, 99, 125, 124, 100, 126, 125, 101, 127, 126, 102, 128, 127, 103, 129, 128, 104, 130, 129, 105, 131, 130, 106, 132, 131, 107, 133, 132, 108, 134, 133, 109, 135, 134, 110, 136, 135, 111, 137, 136, 112, 138, 137, 113, 139, 138, 114, 140, 139, 115, 141, 140, 116, 142, 141, 117, 143, 142, 118, 144, 143, 119, 145, 144, 120, 146, 145, 121, 147, 146, 122]
                rel material:binding = </root/_materials/Material_6_014>
                normal3f[] normals = [(0.000028163195, -1, -0.0000062636177), (0.000028148293, -1, 0.0000062340605), (0.25881806, -0.9659261, 0), (0.000028148293, -1, 0.0000062340605), (0.25882, -0.9659256, 0), (0.25881806, -0.9659261, 0), (0.25881806, -0.9659261, 0), (0.25882, -0.9659256, 0), (0.4999991, -0.866026, 0), (0.25882, -0.9659256, 0), (0.50000083, -0.866025, 0), (0.4999991, -0.866026, 0), (0.4999991, -0.866026, 0), (0.50000083, -0.866025, 0), (0.707106, -0.7071076, 0), (0.50000083, -0.866025, 0), (0.7071076, -0.707106, 0), (0.707106, -0.7071076, 0), (0.707106, -0.7071076, 0), (0.7071076, -0.707106, 0), (0.86602485, -0.500001, 0), (0.7071076, -0.707106, 0), (0.86602604, -0.4999988, 0), (0.86602485, -0.500001, 0), (0.86602485, -0.500001, 0), (0.86602604, -0.4999988, 0), (0.9659256, -0.25882018, 0), (0.86602604, -0.4999988, 0), (0.9659261, -0.25881788, 0), (0.9659256, -0.25882018, 0), (0.9659256, -0.25882018, 0), (0.9659261, -0.25881788, 0), (1, -0.000001028577, 0), (0.9659261, -0.25881788, 0), (1, 0.000001028577, 0), (1, -0.000001028577, 0), (1, -0.000001028577, 0), (1, 0.000001028577, 0), (0.9659261, 0.25881788, 0), (1, 0.000001028577, 0), (0.9659256, 0.25882018, 0), (0.9659261, 0.25881788, 0), (0.9659261, 0.25881788, 0), (0.9659256, 0.25882018, 0), (0.86602604, 0.4999988, 0), (0.9659256, 0.25882018, 0), (0.86602485, 0.500001, 0), (0.86602604, 0.4999988, 0), (0.86602604, 0.4999988, 0), (0.86602485, 0.500001, 0), (0.7071076, 0.707106, 0), (0.86602485, 0.500001, 0), (0.707106, 0.7071076, 0), (0.7071076, 0.707106, 0), (0.7071076, 0.707106, 0), (0.707106, 0.7071076, 0), (0.50000083, 0.866025, 0), (0.707106, 0.7071076, 0), (0.4999991, 0.866026, 0), (0.50000083, 0.866025, 0), (0.50000083, 0.866025, 0), (0.4999991, 0.866026, 0), (0.25882, 0.9659256, 0), (0.4999991, 0.866026, 0), (0.25881806, 0.9659261, 0), (0.25882, 0.9659256, 0), (0.25882, 0.9659256, 0), (0.25881806, 0.9659261, 0), (0.0000010285768, 1, 0), (0.25881806, 0.9659261, 0), (-0.0000010285768, 1, 0), (0.0000010285768, 1, 0), (0.0000010285768, 1, 0), (-0.0000010285768, 1, 0), (-0.25881806, 0.9659261, 0), (-0.0000010285768, 1, 0), (-0.25882, 0.9659256, 0), (-0.25881806, 0.9659261, 0), (-0.25881806, 0.9659261, 0), (-0.25882, 0.9659256, 0), (-0.4999991, 0.866026, 0), (-0.25882, 0.9659256, 0), (-0.50000083, 0.866025, 0), (-0.4999991, 0.866026, 0), (-0.4999991, 0.866026, 0), (-0.50000083, 0.866025, 0), (-0.707106, 0.7071076, 0), (-0.50000083, 0.866025, 0), (-0.7071076, 0.707106, 0), (-0.707106, 0.7071076, 0), (-0.707106, 0.7071076, 0), (-0.7071076, 0.707106, 0), (-0.86602485, 0.500001, 0), (-0.7071076, 0.707106, 0), (-0.86602604, 0.4999988, 0), (-0.86602485, 0.500001, 0), (-0.86602485, 0.500001, 0), (-0.86602604, 0.4999988, 0), (-0.9659256, 0.25882018, 0), (-0.86602604, 0.4999988, 0), (-0.9659261, 0.25881788, 0), (-0.9659256, 0.25882018, 0), (-0.9659256, 0.25882018, 0), (-0.9659261, 0.25881788, 0), (-1, 0.000001028577, 0), (-0.9659261, 0.25881788, 0), (-1, -0.000001028577, 0), (-1, 0.000001028577, 0), (-1, 0.000001028577, 0), (-1, -0.000001028577, 0), (-0.9659261, -0.25881788, 0), (-1, -0.000001028577, 0), (-0.9659256, -0.25882018, 0), (-0.9659261, -0.25881788, 0), (-0.9659261, -0.25881788, 0), (-0.9659256, -0.25882018, 0), (-0.86602604, -0.4999988, 0), (-0.9659256, -0.25882018, 0), (-0.86602485, -0.500001, 0), (-0.86602604, -0.4999988, 0), (-0.86602604, -0.4999988, 0), (-0.86602485, -0.500001, 0), (-0.7071076, -0.707106, 0), (-0.86602485, -0.500001, 0), (-0.707106, -0.7071076, 0), (-0.7071076, -0.707106, 0), (-0.7071076, -0.707106, 0), (-0.707106, -0.7071076, 0), (-0.50000083, -0.866025, 0), (-0.707106, -0.7071076, 0), (-0.4999991, -0.866026, 0), (-0.50000083, -0.866025, 0), (-0.50000083, -0.866025, 0), (-0.4999991, -0.866026, 0), (-0.25882, -0.9659256, 0), (-0.4999991, -0.866026, 0), (-0.25881806, -0.9659261, 0), (-0.25882, -0.9659256, 0), (-0.25882, -0.9659256, 0), (-0.25881806, -0.9659261, 0), (-0.000028148293, -1, -0.0000062340605), (-0.25881806, -0.9659261, 0), (-0.000028163195, -1, 0.0000062636177), (-0.000028148293, -1, -0.0000062340605), (0, 0, 1), (0, 0, 1), (0, 0, 1), (0, 0, 1), (0, 0, 1), (0, 0, 1), (0, 0, 1), (0, 0, 1), (0, 0, 1), (0, 0, 1), (0, 0, 1), (0, 0, 1), (0, 0, 1), (0, 0, 1), (0, 0, 1), (-7.654175e-16, 0, 0.99999994), (-7.654175e-16, 0, 0.99999994), (-7.654175e-16, 0, 0.99999994), (0, 0, 0.99999994), (0, 0, 0.99999994), (0, 0, 0.99999994), (0, 0, 1), (0, 0, 1), (0, 0, 1), (0, 0, 0.99999994), (0, 0, 0.99999994), (0, 0, 0.99999994), (0, 0, 1), (0, 0, 1), (0, 0, 1), (0, 0, 1), (0, 0, 1), (0, 0, 1), (0, 0, 1), (0, 0, 1), (0, 0, 1), (0, 0, 1), (0, 0, 1), (0, 0, 1), (0, 0, 1), (0, 0, 1), (0, 0, 1), (0, 0, 1), (0, 0, 1), (0, 0, 1), (0, 0, 1), (0, 0, 1), (0, 0, 1), (0, 0, 1), (0, 0, 1), (0, 0, 1), (2.2962527e-15, 0, 0.99999994), (2.2962527e-15, 0, 0.99999994), (2.2962527e-15, 0, 0.99999994), (0, 0, 0.99999994), (0, 0, 0.99999994), (0, 0, 0.99999994), (0, 0, 1), (0, 0, 1), (0, 0, 1), (0, 0, 0.99999994), (0, 0, 0.99999994), (0, 0, 0.99999994), (0, 0, 1), (0, 0, 1), (0, 0, 1), (0, 0, 1), (0, 0, 1), (0, 0, 1), (0, 0, 1), (0, 0, 1), (0, 0, 1), (0, 0, -1), (0, 0, -1), (0, 0, -1), (0, 0, -1), (0, 0, -1), (0, 0, -1), (0, 0, -1), (0, 0, -1), (0, 0, -1), (0, 0, -0.99999994), (0, 0, -0.99999994), (0, 0, -0.99999994), (0, 0, -1), (0, 0, -1), (0, 0, -1), (0, 0, -0.99999994), (0, 0, -0.99999994), (0, 0, -0.99999994), (7.654175e-16, 0, -0.99999994), (7.654175e-16, 0, -0.99999994), (7.654175e-16, 0, -0.99999994), (0, 0, -1), (0, 0, -1), (0, 0, -1), (0, 0, -1), (0, 0, -1), (0, 0, -1), (0, 0, -1), (0, 0, -1), (0, 0, -1), (0, 0, -1), (0, 0, -1), (0, 0, -1), (0, 0, -1), (0, 0, -1), (0, 0, -1), (0, 0, -1), (0, 0, -1), (0, 0, -1), (0, 0, -1), (0, 0, -1), (0, 0, -1), (0, 0, -1), (0, 0, -1), (0, 0, -1), (0, 0, -0.99999994), (0, 0, -0.99999994), (0, 0, -0.99999994), (0, 0, -1), (0, 0, -1), (0, 0, -1), (0, 0, -0.99999994), (0, 0, -0.99999994), (0, 0, -0.99999994), (-2.2962527e-15, 0, -0.99999994), (-2.2962527e-15, 0, -0.99999994), (-2.2962527e-15, 0, -0.99999994), (0, 0, -1), (0, 0, -1), (0, 0, -1), (0, 0, -1), (0, 0, -1), (0, 0, -1), (0, 0, -1), (0, 0, -1), (0, 0, -1), (0, 0, -1), (0, 0, -1), (0, 0, -1), (0, 0, -1), (0, 0, -1), (0, 0, -1)] (
                    interpolation = "faceVarying"
                )
                point3f[] points = [(0, -0.34, 0.55), (0.08799847, -0.32841477, 0.55), (0.17, -0.29444864, 0.55), (0.2404163, -0.2404163, 0.55), (0.29444864, -0.17, 0.55), (0.32841477, -0.08799847, 0.55), (0.34, -2.0818996e-17, 0.55), (0.32841477, 0.08799847, 0.55), (0.29444864, 0.17, 0.55), (0.2404163, 0.2404163, 0.55), (0.17, 0.29444864, 0.55), (0.08799847, 0.32841477, 0.55), (4.1637992e-17, 0.34, 0.55), (-0.08799847, 0.32841477, 0.55), (-0.17, 0.29444864, 0.55), (-0.2404163, 0.2404163, 0.55), (-0.29444864, 0.17, 0.55), (-0.32841477, 0.08799847, 0.55), (-0.34, 6.245699e-17, 0.55), (-0.32841477, -0.08799847, 0.55), (-0.29444864, -0.17, 0.55), (-0.2404163, -0.2404163, 0.55), (-0.17, -0.29444864, 0.55), (-0.08799847, -0.32841477, 0.55), (-8.3275985e-17, -0.34, 0.55), (0, -0.34, -0.55), (0.08799847, -0.32841477, -0.55), (0.17, -0.29444864, -0.55), (0.2404163, -0.2404163, -0.55), (0.29444864, -0.17, -0.55), (0.32841477, -0.08799847, -0.55), (0.34, -2.0818996e-17, -0.55), (0.32841477, 0.08799847, -0.55), (0.29444864, 0.17, -0.55), (0.2404163, 0.2404163, -0.55), (0.17, 0.29444864, -0.55), (0.08799847, 0.32841477, -0.55), (4.1637992e-17, 0.34, -0.55), (-0.08799847, 0.32841477, -0.55), (-0.17, 0.29444864, -0.55), (-0.2404163, 0.2404163, -0.55), (-0.29444864, 0.17, -0.55), (-0.32841477, 0.08799847, -0.55), (-0.34, 6.245699e-17, -0.55), (-0.32841477, -0.08799847, -0.55), (-0.29444864, -0.17, -0.55), (-0.2404163, -0.2404163, -0.55), (-0.17, -0.29444864, -0.55), (-0.08799847, -0.32841477, -0.55), (-8.3275985e-17, -0.34, -0.55), (0, -0, 0.55), (0, -0, 0.55), (0, -0, 0.55), (0, -0, 0.55), (0, -0, 0.55), (0, -0, 0.55), (0, -0, 0.55), (0, -0, 0.55), (0, -0, 0.55), (0, -0, 0.55), (0, -0, 0.55), (0, -0, 0.55), (0, -0, 0.55), (0, -0, 0.55), (0, -0, 0.55), (0, -0, 0.55), (0, -0, 0.55), (0, -0, 0.55), (0, -0, 0.55), (0, -0, 0.55), (0, -0, 0.55), (0, -0, 0.55), (0, -0, 0.55), (0, -0, 0.55), (0, -0.34, 0.55), (0.08799847, -0.32841477, 0.55), (0.17, -0.29444864, 0.55), (0.2404163, -0.2404163, 0.55), (0.29444864, -0.17, 0.55), (0.32841477, -0.08799847, 0.55), (0.34, -2.0818996e-17, 0.55), (0.32841477, 0.08799847, 0.55), (0.29444864, 0.17, 0.55), (0.2404163, 0.2404163, 0.55), (0.17, 0.29444864, 0.55), (0.08799847, 0.32841477, 0.55), (4.1637992e-17, 0.34, 0.55), (-0.08799847, 0.32841477, 0.55), (-0.17, 0.29444864, 0.55), (-0.2404163, 0.2404163, 0.55), (-0.29444864, 0.17, 0.55), (-0.32841477, 0.08799847, 0.55), (-0.34, 6.245699e-17, 0.55), (-0.32841477, -0.08799847, 0.55), (-0.29444864, -0.17, 0.55), (-0.2404163, -0.2404163, 0.55), (-0.17, -0.29444864, 0.55), (-0.08799847, -0.32841477, 0.55), (-8.3275985e-17, -0.34, 0.55), (0, -0, -0.55), (0, -0, -0.55), (0, -0, -0.55), (0, -0, -0.55), (0, -0, -0.55), (0, -0, -0.55), (0, -0, -0.55), (0, -0, -0.55), (0, -0, -0.55), (0, -0, -0.55), (0, -0, -0.55), (0, -0, -0.55), (0, -0, -0.55), (0, -0, -0.55), (0, -0, -0.55), (0, -0, -0.55), (0, -0, -0.55), (0, -0, -0.55), (0, -0, -0.55), (0, -0, -0.55), (0, -0, -0.55), (0, -0, -0.55), (0, -0, -0.55), (0, -0, -0.55), (0, -0.34, -0.55), (0.08799847, -0.32841477, -0.55), (0.17, -0.29444864, -0.55), (0.2404163, -0.2404163, -0.55), (0.29444864, -0.17, -0.55), (0.32841477, -0.08799847, -0.55), (0.34, -2.0818996e-17, -0.55), (0.32841477, 0.08799847, -0.55), (0.29444864, 0.17, -0.55), (0.2404163, 0.2404163, -0.55), (0.17, 0.29444864, -0.55), (0.08799847, 0.32841477, -0.55), (4.1637992e-17, 0.34, -0.55), (-0.08799847, 0.32841477, -0.55), (-0.17, 0.29444864, -0.55), (-0.2404163, 0.2404163, -0.55), (-0.29444864, 0.17, -0.55), (-0.32841477, 0.08799847, -0.55), (-0.34, 6.245699e-17, -0.55), (-0.32841477, -0.08799847, -0.55), (-0.29444864, -0.17, -0.55), (-0.2404163, -0.2404163, -0.55), (-0.17, -0.29444864, -0.55), (-0.08799847, -0.32841477, -0.55), (-8.3275985e-17, -0.34, -0.55)]
                texCoord2f[] primvars:st = [(0, 0), (0, 1), (0.041666668, 0), (0, 1), (0.041666668, 1), (0.041666668, 0), (0.041666668, 0), (0.041666668, 1), (0.083333336, 0), (0.041666668, 1), (0.083333336, 1), (0.083333336, 0), (0.083333336, 0), (0.083333336, 1), (0.125, 0), (0.083333336, 1), (0.125, 1), (0.125, 0), (0.125, 0), (0.125, 1), (0.16666667, 0), (0.125, 1), (0.16666667, 1), (0.16666667, 0), (0.16666667, 0), (0.16666667, 1), (0.20833333, 0), (0.16666667, 1), (0.20833333, 1), (0.20833333, 0), (0.20833333, 0), (0.20833333, 1), (0.25, 0), (0.20833333, 1), (0.25, 1), (0.25, 0), (0.25, 0), (0.25, 1), (0.29166666, 0), (0.25, 1), (0.29166666, 1), (0.29166666, 0), (0.29166666, 0), (0.29166666, 1), (0.33333334, 0), (0.29166666, 1), (0.33333334, 1), (0.33333334, 0), (0.33333334, 0), (0.33333334, 1), (0.375, 0), (0.33333334, 1), (0.375, 1), (0.375, 0), (0.375, 0), (0.375, 1), (0.41666666, 0), (0.375, 1), (0.41666666, 1), (0.41666666, 0), (0.41666666, 0), (0.41666666, 1), (0.45833334, 0), (0.41666666, 1), (0.45833334, 1), (0.45833334, 0), (0.45833334, 0), (0.45833334, 1), (0.5, 0), (0.45833334, 1), (0.5, 1), (0.5, 0), (0.5, 0), (0.5, 1), (0.5416667, 0), (0.5, 1), (0.5416667, 1), (0.5416667, 0), (0.5416667, 0), (0.5416667, 1), (0.5833333, 0), (0.5416667, 1), (0.5833333, 1), (0.5833333, 0), (0.5833333, 0), (0.5833333, 1), (0.625, 0), (0.5833333, 1), (0.625, 1), (0.625, 0), (0.625, 0), (0.625, 1), (0.6666667, 0), (0.625, 1), (0.6666667, 1), (0.6666667, 0), (0.6666667, 0), (0.6666667, 1), (0.7083333, 0), (0.6666667, 1), (0.7083333, 1), (0.7083333, 0), (0.7083333, 0), (0.7083333, 1), (0.75, 0), (0.7083333, 1), (0.75, 1), (0.75, 0), (0.75, 0), (0.75, 1), (0.7916667, 0), (0.75, 1), (0.7916667, 1), (0.7916667, 0), (0.7916667, 0), (0.7916667, 1), (0.8333333, 0), (0.7916667, 1), (0.8333333, 1), (0.8333333, 0), (0.8333333, 0), (0.8333333, 1), (0.875, 0), (0.8333333, 1), (0.875, 1), (0.875, 0), (0.875, 0), (0.875, 1), (0.9166667, 0), (0.875, 1), (0.9166667, 1), (0.9166667, 0), (0.9166667, 0), (0.9166667, 1), (0.9583333, 0), (0.9166667, 1), (0.9583333, 1), (0.9583333, 0), (0.9583333, 0), (0.9583333, 1), (1, 0), (0.9583333, 1), (1, 1), (1, 0), (1, 0.5), (0.9829629, 0.37059045), (0.5, 0.5), (0.9829629, 0.37059045), (0.9330127, 0.25), (0.5, 0.5), (0.9330127, 0.25), (0.8535534, 0.14644659), (0.5, 0.5), (0.8535534, 0.14644659), (0.75, 0.066987276), (0.5, 0.5), (0.75, 0.066987276), (0.62940955, 0.017037094), (0.5, 0.5), (0.62940955, 0.017037094), (0.5, 0), (0.5, 0.5), (0.5, 0), (0.37059048, 0.017037094), (0.5, 0.5), (0.37059048, 0.017037094), (0.25, 0.066987276), (0.5, 0.5), (0.25, 0.066987276), (0.14644662, 0.14644659), (0.5, 0.5), (0.14644662, 0.14644659), (0.0669873, 0.25), (0.5, 0.5), (0.0669873, 0.25), (0.017037086, 0.37059045), (0.5, 0.5), (0.017037086, 0.37059045), (0, 0.5), (0.5, 0.5), (0, 0.5), (0.017037086, 0.62940955), (0.5, 0.5), (0.017037086, 0.62940955), (0.0669873, 0.75), (0.5, 0.5), (0.0669873, 0.75), (0.14644662, 0.8535534), (0.5, 0.5), (0.14644662, 0.8535534), (0.25, 0.9330127), (0.5, 0.5), (0.25, 0.9330127), (0.37059048, 0.9829629), (0.5, 0.5), (0.37059048, 0.9829629), (0.5, 1), (0.5, 0.5), (0.5, 1), (0.62940955, 0.9829629), (0.5, 0.5), (0.62940955, 0.9829629), (0.75, 0.9330127), (0.5, 0.5), (0.75, 0.9330127), (0.8535534, 0.8535534), (0.5, 0.5), (0.8535534, 0.8535534), (0.9330127, 0.75), (0.5, 0.5), (0.9330127, 0.75), (0.9829629, 0.62940955), (0.5, 0.5), (0.9829629, 0.62940955), (1, 0.5), (0.5, 0.5), (0.9829629, 0.62940955), (1, 0.5), (0.5, 0.5), (0.9330127, 0.75), (0.9829629, 0.62940955), (0.5, 0.5), (0.8535534, 0.8535534), (0.9330127, 0.75), (0.5, 0.5), (0.75, 0.9330127), (0.8535534, 0.8535534), (0.5, 0.5), (0.62940955, 0.9829629), (0.75, 0.9330127), (0.5, 0.5), (0.5, 1), (0.62940955, 0.9829629), (0.5, 0.5), (0.37059048, 0.9829629), (0.5, 1), (0.5, 0.5), (0.25, 0.9330127), (0.37059048, 0.9829629), (0.5, 0.5), (0.14644662, 0.8535534), (0.25, 0.9330127), (0.5, 0.5), (0.0669873, 0.75), (0.14644662, 0.8535534), (0.5, 0.5), (0.017037086, 0.62940955), (0.0669873, 0.75), (0.5, 0.5), (0, 0.5), (0.017037086, 0.62940955), (0.5, 0.5), (0.017037086, 0.37059045), (0, 0.5), (0.5, 0.5), (0.0669873, 0.25), (0.017037086, 0.37059045), (0.5, 0.5), (0.14644662, 0.14644659), (0.0669873, 0.25), (0.5, 0.5), (0.25, 0.066987276), (0.14644662, 0.14644659), (0.5, 0.5), (0.37059048, 0.017037094), (0.25, 0.066987276), (0.5, 0.5), (0.5, 0), (0.37059048, 0.017037094), (0.5, 0.5), (0.62940955, 0.017037094), (0.5, 0), (0.5, 0.5), (0.75, 0.066987276), (0.62940955, 0.017037094), (0.5, 0.5), (0.8535534, 0.14644659), (0.75, 0.066987276), (0.5, 0.5), (0.9330127, 0.25), (0.8535534, 0.14644659), (0.5, 0.5), (0.9829629, 0.37059045), (0.9330127, 0.25), (0.5, 0.5), (1, 0.5), (0.9829629, 0.37059045), (0.5, 0.5)] (
                    interpolation = "faceVarying"
                )
                uniform token subdivisionScheme = "none"
                custom string userProperties:blender:data_name = "Mesh_6.014"
            }
        }

        def Xform "control_drawer_3_1"
        {
            custom string userProperties:blender:object_name = "control_drawer_3_1"
            float3 xformOp:rotateXYZ = (0, -0, 0)
            float3 xformOp:scale = (1, 1, 1)
            double3 xformOp:translate = (1.0800000429153442, -0.5199999809265137, 0.6100000143051147)
            uniform token[] xformOpOrder = ["xformOp:translate", "xformOp:rotateXYZ", "xformOp:scale"]

            def Mesh "Mesh_11_010" (
                active = true
                prepend apiSchemas = ["MaterialBindingAPI"]
            )
            {
                uniform bool doubleSided = 0
                float3[] extent = [(-0.21, -0.015, -0.065), (0.21, 0.015, 0.065)]
                int[] faceVertexCounts = [3, 3, 3, 3, 3, 3, 3, 3, 3, 3, 3, 3]
                int[] faceVertexIndices = [0, 2, 1, 2, 3, 1, 4, 6, 5, 6, 7, 5, 8, 10, 9, 10, 11, 9, 12, 14, 13, 14, 15, 13, 16, 18, 17, 18, 19, 17, 20, 22, 21, 22, 23, 21]
                rel material:binding = </root/_materials/Material_11_010>
                normal3f[] normals = [(1, 0, 0), (1, 0, 0), (1, 0, 0), (1, 0, 0), (1, 0, 0), (1, 0, 0), (-1, 0, 0), (-1, 0, 0), (-1, 0, 0), (-1, 0, 0), (-1, 0, 0), (-1, 0, 0), (0, 0, 0.99999994), (0, 0, 0.99999994), (0, 0, 0.99999994), (0, 0, 0.99999994), (0, 0, 0.99999994), (0, 0, 0.99999994), (0, 0, -0.99999994), (0, 0, -0.99999994), (0, 0, -0.99999994), (0, 0, -0.99999994), (0, 0, -0.99999994), (0, 0, -0.99999994), (0, -1, 0), (0, -1, 0), (0, -1, 0), (0, -1, 0), (0, -1, 0), (0, -1, 0), (0, 1, 0), (0, 1, 0), (0, 1, 0), (0, 1, 0), (0, 1, 0), (0, 1, 0)] (
                    interpolation = "faceVarying"
                )
                point3f[] points = [(0.21, -0.015, 0.065), (0.21, 0.015, 0.065), (0.21, -0.015, -0.065), (0.21, 0.015, -0.065), (-0.21, 0.015, 0.065), (-0.21, -0.015, 0.065), (-0.21, 0.015, -0.065), (-0.21, -0.015, -0.065), (-0.21, 0.015, 0.065), (0.21, 0.015, 0.065), (-0.21, -0.015, 0.065), (0.21, -0.015, 0.065), (-0.21, -0.015, -0.065), (0.21, -0.015, -0.065), (-0.21, 0.015, -0.065), (0.21, 0.015, -0.065), (-0.21, -0.015, 0.065), (0.21, -0.015, 0.065), (-0.21, -0.015, -0.065), (0.21, -0.015, -0.065), (0.21, 0.015, 0.065), (-0.21, 0.015, 0.065), (0.21, 0.015, -0.065), (-0.21, 0.015, -0.065)]
                texCoord2f[] primvars:st = [(0, 0), (0, 1), (1, 0), (0, 1), (1, 1), (1, 0), (0, 0), (0, 1), (1, 0), (0, 1), (1, 1), (1, 0), (0, 0), (0, 1), (1, 0), (0, 1), (1, 1), (1, 0), (0, 0), (0, 1), (1, 0), (0, 1), (1, 1), (1, 0), (0, 0), (0, 1), (1, 0), (0, 1), (1, 1), (1, 0), (0, 0), (0, 1), (1, 0), (0, 1), (1, 1), (1, 0)] (
                    interpolation = "faceVarying"
                )
                uniform token subdivisionScheme = "none"
                custom string userProperties:blender:data_name = "Mesh_11.010"
            }
        }

        def Xform "bowl_bottom_0"
        {
            custom string userProperties:blender:object_name = "bowl_bottom_0"
            float3 xformOp:rotateXYZ = (0, -0, 0)
            float3 xformOp:scale = (1, 1, 1)
            double3 xformOp:translate = (-1.0800000429153442, 0, 0.30000001192092896)
            uniform token[] xformOpOrder = ["xformOp:translate", "xformOp:rotateXYZ", "xformOp:scale"]

            def Mesh "Mesh_1_014" (
                active = true
                prepend apiSchemas = ["MaterialBindingAPI"]
            )
            {
                uniform bool doubleSided = 0
                float3[] extent = [(-0.3, -0.5, -0.04), (0.3, 0.5, 0.04)]
                int[] faceVertexCounts = [3, 3, 3, 3, 3, 3, 3, 3, 3, 3, 3, 3]
                int[] faceVertexIndices = [0, 2, 1, 2, 3, 1, 4, 6, 5, 6, 7, 5, 8, 10, 9, 10, 11, 9, 12, 14, 13, 14, 15, 13, 16, 18, 17, 18, 19, 17, 20, 22, 21, 22, 23, 21]
                rel material:binding = </root/_materials/Material_1_014>
                normal3f[] normals = [(1, 0, 0), (1, 0, 0), (1, 0, 0), (1, 0, 0), (1, 0, 0), (1, 0, 0), (-1, 0, 0), (-1, 0, 0), (-1, 0, 0), (-1, 0, 0), (-1, 0, 0), (-1, 0, 0), (0, 0, 1), (0, 0, 1), (0, 0, 1), (0, 0, 1), (0, 0, 1), (0, 0, 1), (0, 0, -1), (0, 0, -1), (0, 0, -1), (0, 0, -1), (0, 0, -1), (0, 0, -1), (0, -1, 0), (0, -1, 0), (0, -1, 0), (0, -1, 0), (0, -1, 0), (0, -1, 0), (0, 1, 0), (0, 1, 0), (0, 1, 0), (0, 1, 0), (0, 1, 0), (0, 1, 0)] (
                    interpolation = "faceVarying"
                )
                point3f[] points = [(0.3, -0.5, 0.04), (0.3, 0.5, 0.04), (0.3, -0.5, -0.04), (0.3, 0.5, -0.04), (-0.3, 0.5, 0.04), (-0.3, -0.5, 0.04), (-0.3, 0.5, -0.04), (-0.3, -0.5, -0.04), (-0.3, 0.5, 0.04), (0.3, 0.5, 0.04), (-0.3, -0.5, 0.04), (0.3, -0.5, 0.04), (-0.3, -0.5, -0.04), (0.3, -0.5, -0.04), (-0.3, 0.5, -0.04), (0.3, 0.5, -0.04), (-0.3, -0.5, 0.04), (0.3, -0.5, 0.04), (-0.3, -0.5, -0.04), (0.3, -0.5, -0.04), (0.3, 0.5, 0.04), (-0.3, 0.5, 0.04), (0.3, 0.5, -0.04), (-0.3, 0.5, -0.04)]
                texCoord2f[] primvars:st = [(0, 0), (0, 1), (1, 0), (0, 1), (1, 1), (1, 0), (0, 0), (0, 1), (1, 0), (0, 1), (1, 1), (1, 0), (0, 0), (0, 1), (1, 0), (0, 1), (1, 1), (1, 0), (0, 0), (0, 1), (1, 0), (0, 1), (1, 1), (1, 0), (0, 0), (0, 1), (1, 0), (0, 1), (1, 1), (1, 0), (0, 0), (0, 1), (1, 0), (0, 1), (1, 1), (1, 0)] (
                    interpolation = "faceVarying"
                )
                uniform token subdivisionScheme = "none"
                custom string userProperties:blender:data_name = "Mesh_1.014"
            }
        }

        def Xform "control_drawer_3_0"
        {
            custom string userProperties:blender:object_name = "control_drawer_3_0"
            float3 xformOp:rotateXYZ = (0, -0, 0)
            float3 xformOp:scale = (1, 1, 1)
            double3 xformOp:translate = (1.0800000429153442, -0.5199999809265137, 0.3799999952316284)
            uniform token[] xformOpOrder = ["xformOp:translate", "xformOp:rotateXYZ", "xformOp:scale"]

            def Mesh "Mesh_10_010" (
                active = true
                prepend apiSchemas = ["MaterialBindingAPI"]
            )
            {
                uniform bool doubleSided = 0
                float3[] extent = [(-0.21, -0.015, -0.065), (0.21, 0.015, 0.065)]
                int[] faceVertexCounts = [3, 3, 3, 3, 3, 3, 3, 3, 3, 3, 3, 3]
                int[] faceVertexIndices = [0, 2, 1, 2, 3, 1, 4, 6, 5, 6, 7, 5, 8, 10, 9, 10, 11, 9, 12, 14, 13, 14, 15, 13, 16, 18, 17, 18, 19, 17, 20, 22, 21, 22, 23, 21]
                rel material:binding = </root/_materials/Material_10_010>
                normal3f[] normals = [(1, 0, 0), (1, 0, 0), (1, 0, 0), (1, 0, 0), (1, 0, 0), (1, 0, 0), (-1, 0, 0), (-1, 0, 0), (-1, 0, 0), (-1, 0, 0), (-1, 0, 0), (-1, 0, 0), (0, 0, 0.99999994), (0, 0, 0.99999994), (0, 0, 0.99999994), (0, 0, 0.99999994), (0, 0, 0.99999994), (0, 0, 0.99999994), (0, 0, -0.99999994), (0, 0, -0.99999994), (0, 0, -0.99999994), (0, 0, -0.99999994), (0, 0, -0.99999994), (0, 0, -0.99999994), (0, -1, 0), (0, -1, 0), (0, -1, 0), (0, -1, 0), (0, -1, 0), (0, -1, 0), (0, 1, 0), (0, 1, 0), (0, 1, 0), (0, 1, 0), (0, 1, 0), (0, 1, 0)] (
                    interpolation = "faceVarying"
                )
                point3f[] points = [(0.21, -0.015, 0.065), (0.21, 0.015, 0.065), (0.21, -0.015, -0.065), (0.21, 0.015, -0.065), (-0.21, 0.015, 0.065), (-0.21, -0.015, 0.065), (-0.21, 0.015, -0.065), (-0.21, -0.015, -0.065), (-0.21, 0.015, 0.065), (0.21, 0.015, 0.065), (-0.21, -0.015, 0.065), (0.21, -0.015, 0.065), (-0.21, -0.015, -0.065), (0.21, -0.015, -0.065), (-0.21, 0.015, -0.065), (0.21, 0.015, -0.065), (-0.21, -0.015, 0.065), (0.21, -0.015, 0.065), (-0.21, -0.015, -0.065), (0.21, -0.015, -0.065), (0.21, 0.015, 0.065), (-0.21, 0.015, 0.065), (0.21, 0.015, -0.065), (-0.21, 0.015, -0.065)]
                texCoord2f[] primvars:st = [(0, 0), (0, 1), (1, 0), (0, 1), (1, 1), (1, 0), (0, 0), (0, 1), (1, 0), (0, 1), (1, 1), (1, 0), (0, 0), (0, 1), (1, 0), (0, 1), (1, 1), (1, 0), (0, 0), (0, 1), (1, 0), (0, 1), (1, 1), (1, 0), (0, 0), (0, 1), (1, 0), (0, 1), (1, 1), (1, 0), (0, 0), (0, 1), (1, 0), (0, 1), (1, 1), (1, 0)] (
                    interpolation = "faceVarying"
                )
                uniform token subdivisionScheme = "none"
                custom string userProperties:blender:data_name = "Mesh_10.010"
            }
        }

        def Xform "lid_round_2"
        {
            custom string userProperties:blender:object_name = "lid_round_2"
            float3 xformOp:rotateXYZ = (-0, -89.99999, 0)
            float3 xformOp:scale = (1.0000001, 1, 1.0000001)
            double3 xformOp:translate = (0.36000001430511475, 0, 0.8700000047683716)
            uniform token[] xformOpOrder = ["xformOp:translate", "xformOp:rotateXYZ", "xformOp:scale"]

            def Mesh "Mesh_7_013" (
                active = true
                prepend apiSchemas = ["MaterialBindingAPI"]
            )
            {
                uniform bool doubleSided = 0
                float3[] extent = [(-0.52, -0.52, -0.04), (0.52, 0.52, 0.04)]
                int[] faceVertexCounts = [3, 3, 3, 3, 3, 3, 3, 3, 3, 3, 3, 3, 3, 3, 3, 3, 3, 3, 3, 3, 3, 3, 3, 3, 3, 3, 3, 3, 3, 3, 3, 3, 3, 3, 3, 3, 3, 3, 3, 3, 3, 3, 3, 3, 3, 3, 3, 3, 3, 3, 3, 3, 3, 3, 3, 3, 3, 3, 3, 3, 3, 3, 3, 3, 3, 3, 3, 3, 3, 3, 3, 3, 3, 3, 3, 3, 3, 3, 3, 3, 3, 3, 3, 3, 3, 3, 3, 3, 3, 3, 3, 3, 3, 3, 3, 3, 3, 3, 3, 3, 3, 3, 3, 3, 3, 3, 3, 3, 3, 3, 3, 3, 3, 3, 3, 3, 3, 3, 3, 3, 3, 3, 3, 3, 3, 3, 3, 3]
                int[] faceVertexIndices = [0, 33, 1, 33, 34, 1, 1, 34, 2, 34, 35, 2, 2, 35, 3, 35, 36, 3, 3, 36, 4, 36, 37, 4, 4, 37, 5, 37, 38, 5, 5, 38, 6, 38, 39, 6, 6, 39, 7, 39, 40, 7, 7, 40, 8, 40, 41, 8, 8, 41, 9, 41, 42, 9, 9, 42, 10, 42, 43, 10, 10, 43, 11, 43, 44, 11, 11, 44, 12, 44, 45, 12, 12, 45, 13, 45, 46, 13, 13, 46, 14, 46, 47, 14, 14, 47, 15, 47, 48, 15, 15, 48, 16, 48, 49, 16, 16, 49, 17, 49, 50, 17, 17, 50, 18, 50, 51, 18, 18, 51, 19, 51, 52, 19, 19, 52, 20, 52, 53, 20, 20, 53, 21, 53, 54, 21, 21, 54, 22, 54, 55, 22, 22, 55, 23, 55, 56, 23, 23, 56, 24, 56, 57, 24, 24, 57, 25, 57, 58, 25, 25, 58, 26, 58, 59, 26, 26, 59, 27, 59, 60, 27, 27, 60, 28, 60, 61, 28, 28, 61, 29, 61, 62, 29, 29, 62, 30, 62, 63, 30, 30, 63, 31, 63, 64, 31, 31, 64, 32, 64, 65, 32, 98, 99, 66, 99, 100, 67, 100, 101, 68, 101, 102, 69, 102, 103, 70, 103, 104, 71, 104, 105, 72, 105, 106, 73, 106, 107, 74, 107, 108, 75, 108, 109, 76, 109, 110, 77, 110, 111, 78, 111, 112, 79, 112, 113, 80, 113, 114, 81, 114, 115, 82, 115, 116, 83, 116, 117, 84, 117, 118, 85, 118, 119, 86, 119, 120, 87, 120, 121, 88, 121, 122, 89, 122, 123, 90, 123, 124, 91, 124, 125, 92, 125, 126, 93, 126, 127, 94, 127, 128, 95, 128, 129, 96, 129, 130, 97, 164, 163, 131, 165, 164, 132, 166, 165, 133, 167, 166, 134, 168, 167, 135, 169, 168, 136, 170, 169, 137, 171, 170, 138, 172, 171, 139, 173, 172, 140, 174, 173, 141, 175, 174, 142, 176, 175, 143, 177, 176, 144, 178, 177, 145, 179, 178, 146, 180, 179, 147, 181, 180, 148, 182, 181, 149, 183, 182, 150, 184, 183, 151, 185, 184, 152, 186, 185, 153, 187, 186, 154, 188, 187, 155, 189, 188, 156, 190, 189, 157, 191, 190, 158, 192, 191, 159, 193, 192, 160, 194, 193, 161, 195, 194, 162]
                rel material:binding = </root/_materials/Material_7_013>
                normal3f[] normals = [(0.000044845045, -0.99999994, -0.000004702444), (0.000044845045, -1.0000001, 0.000004680254), (0.1950883, -0.9807857, 0), (0.000044845045, -1.0000001, 0.000004680254), (0.19509208, -0.9807849, 0), (0.1950883, -0.9807857, 0), (0.1950883, -0.9807857, 0), (0.19509208, -0.9807849, 0), (0.38268155, -0.92388034, 0), (0.19509208, -0.9807849, 0), (0.38268515, -0.9238788, 0), (0.38268155, -0.92388034, 0), (0.38268155, -0.92388034, 0), (0.38268515, -0.9238788, 0), (0.5555686, -0.8314707, 0), (0.38268515, -0.9238788, 0), (0.55557185, -0.8314686, 0), (0.5555686, -0.8314707, 0), (0.5555686, -0.8314707, 0), (0.55557185, -0.8314686, 0), (0.70710534, -0.70710814, 0), (0.55557185, -0.8314686, 0), (0.70710814, -0.70710546, 0), (0.70710534, -0.70710814, 0), (0.70710534, -0.70710814, 0), (0.70710814, -0.70710546, 0), (0.8314684, -0.55557215, 0), (0.70710814, -0.70710546, 0), (0.8314707, -0.5555685, 0), (0.8314684, -0.55557215, 0), (0.8314684, -0.55557215, 0), (0.8314707, -0.5555685, 0), (0.9238788, -0.38268533, 0), (0.8314707, -0.5555685, 0), (0.92388046, -0.3826812, 0), (0.9238788, -0.38268533, 0), (0.9238788, -0.38268533, 0), (0.92388046, -0.3826812, 0), (0.9807849, -0.19509225, 0), (0.92388046, -0.3826812, 0), (0.98078567, -0.19508806, 0), (0.9807849, -0.19509225, 0), (0.9807849, -0.19509225, 0), (0.98078567, -0.19508806, 0), (1, -0.0000021256553, 0), (0.98078567, -0.19508806, 0), (1, 0.0000021256553, 0), (1, -0.0000021256553, 0), (1, -0.0000021256553, 0), (1, 0.0000021256553, 0), (0.98078567, 0.19508806, 0), (1, 0.0000021256553, 0), (0.9807849, 0.19509225, 0), (0.98078567, 0.19508806, 0), (0.98078567, 0.19508806, 0), (0.9807849, 0.19509225, 0), (0.92388046, 0.3826812, 0), (0.9807849, 0.19509225, 0), (0.9238788, 0.38268533, 0), (0.92388046, 0.3826812, 0), (0.92388046, 0.3826812, 0), (0.9238788, 0.38268533, 0), (0.8314707, 0.5555685, 0), (0.9238788, 0.38268533, 0), (0.8314684, 0.55557215, 0), (0.8314707, 0.5555685, 0), (0.8314707, 0.5555685, 0), (0.8314684, 0.55557215, 0), (0.70710814, 0.70710546, 0), (0.8314684, 0.55557215, 0), (0.70710534, 0.70710814, 0), (0.70710814, 0.70710546, 0), (0.70710814, 0.70710546, 0), (0.70710534, 0.70710814, 0), (0.55557185, 0.8314686, 0), (0.70710534, 0.70710814, 0), (0.5555686, 0.8314707, 0), (0.55557185, 0.8314686, 0), (0.55557185, 0.8314686, 0), (0.5555686, 0.8314707, 0), (0.38268515, 0.9238788, 0), (0.5555686, 0.8314707, 0), (0.38268155, 0.92388034, 0), (0.38268515, 0.9238788, 0), (0.38268515, 0.9238788, 0), (0.38268155, 0.92388034, 0), (0.19509208, 0.9807849, 0), (0.38268155, 0.92388034, 0), (0.1950883, 0.9807857, 0), (0.19509208, 0.9807849, 0), (0.19509208, 0.9807849, 0), (0.1950883, 0.9807857, 0), (0.0000019302477, 1, 0), (0.1950883, 0.9807857, 0), (-0.0000019302477, 1, 0), (0.0000019302477, 1, 0), (0.0000019302477, 1, 0), (-0.0000019302477, 1, 0), (-0.1950883, 0.9807857, 0), (-0.0000019302477, 1, 0), (-0.19509208, 0.9807849, 0), (-0.1950883, 0.9807857, 0), (-0.1950883, 0.9807857, 0), (-0.19509208, 0.9807849, 0), (-0.38268155, 0.92388034, 0), (-0.19509208, 0.9807849, 0), (-0.38268515, 0.9238788, 0), (-0.38268155, 0.92388034, 0), (-0.38268155, 0.92388034, 0), (-0.38268515, 0.9238788, 0), (-0.5555686, 0.8314707, 0), (-0.38268515, 0.9238788, 0), (-0.55557185, 0.8314686, 0), (-0.5555686, 0.8314707, 0), (-0.5555686, 0.8314707, 0), (-0.55557185, 0.8314686, 0), (-0.70710534, 0.70710814, 0), (-0.55557185, 0.8314686, 0), (-0.70710814, 0.70710546, 0), (-0.70710534, 0.70710814, 0), (-0.70710534, 0.70710814, 0), (-0.70710814, 0.70710546, 0), (-0.8314684, 0.55557215, 0), (-0.70710814, 0.70710546, 0), (-0.8314707, 0.5555685, 0), (-0.8314684, 0.55557215, 0), (-0.8314684, 0.55557215, 0), (-0.8314707, 0.5555685, 0), (-0.9238788, 0.38268533, 0), (-0.8314707, 0.5555685, 0), (-0.92388046, 0.3826812, 0), (-0.9238788, 0.38268533, 0), (-0.9238788, 0.38268533, 0), (-0.92388046, 0.3826812, 0), (-0.9807849, 0.19509225, 0), (-0.92388046, 0.3826812, 0), (-0.98078567, 0.19508806, 0), (-0.9807849, 0.19509225, 0), (-0.9807849, 0.19509225, 0), (-0.98078567, 0.19508806, 0), (-1, 0.0000021256553, 0), (-0.98078567, 0.19508806, 0), (-1, -0.0000021256553, 0), (-1, 0.0000021256553, 0), (-1, 0.0000021256553, 0), (-1, -0.0000021256553, 0), (-0.98078567, -0.19508806, 0), (-1, -0.0000021256553, 0), (-0.9807849, -0.19509225, 0), (-0.98078567, -0.19508806, 0), (-0.98078567, -0.19508806, 0), (-0.9807849, -0.19509225, 0), (-0.92388046, -0.3826812, 0), (-0.9807849, -0.19509225, 0), (-0.9238788, -0.38268533, 0), (-0.92388046, -0.3826812, 0), (-0.92388046, -0.3826812, 0), (-0.9238788, -0.38268533, 0), (-0.8314707, -0.5555685, 0), (-0.9238788, -0.38268533, 0), (-0.8314684, -0.55557215, 0), (-0.8314707, -0.5555685, 0), (-0.8314707, -0.5555685, 0), (-0.8314684, -0.55557215, 0), (-0.70710814, -0.70710546, 0), (-0.8314684, -0.55557215, 0), (-0.70710534, -0.70710814, 0), (-0.70710814, -0.70710546, 0), (-0.70710814, -0.70710546, 0), (-0.70710534, -0.70710814, 0), (-0.55557185, -0.8314686, 0), (-0.70710534, -0.70710814, 0), (-0.5555686, -0.8314707, 0), (-0.55557185, -0.8314686, 0), (-0.55557185, -0.8314686, 0), (-0.5555686, -0.8314707, 0), (-0.38268515, -0.9238788, 0), (-0.5555686, -0.8314707, 0), (-0.38268155, -0.92388034, 0), (-0.38268515, -0.9238788, 0), (-0.38268515, -0.9238788, 0), (-0.38268155, -0.92388034, 0), (-0.19509208, -0.9807849, 0), (-0.38268155, -0.92388034, 0), (-0.1950883, -0.9807857, 0), (-0.19509208, -0.9807849, 0), (-0.19509208, -0.9807849, 0), (-0.1950883, -0.9807857, 0), (-0.000044845045, -1.0000001, -0.000004680254), (-0.1950883, -0.9807857, 0), (-0.000044845045, -0.99999994, 0.000004702444), (-0.000044845045, -1.0000001, -0.000004680254), (0, 0, 1), (0, 0, 1), (0, 0, 1), (0, 0, 0.99999994), (0, 0, 0.99999994), (0, 0, 0.99999994), (0, 0, 1), (0, 0, 1), (0, 0, 1), (-3.530919e-8, 0, 1), (-3.530919e-8, 0, 1), (-3.530919e-8, 0, 1), (3.5309185e-8, 0, 1), (3.5309185e-8, 0, 1), (3.5309185e-8, 0, 1), (0, 0, 1), (0, 0, 1), (0, 0, 1), (-1.7654596e-8, 0, 0.99999994), (-1.7654596e-8, 0, 0.99999994), (-1.7654596e-8, 0, 0.99999994), (-4.8287174e-17, 0, 1), (-4.8287174e-17, 0, 1), (-4.8287174e-17, 0, 1), (0, 0, 1), (0, 0, 1), (0, 0, 1), (0, 0, 1), (0, 0, 1), (0, 0, 1), (0, 0, 1), (0, 0, 1), (0, 0, 1), (3.530919e-8, 0, 1), (3.530919e-8, 0, 1), (3.530919e-8, 0, 1), (0, 0, 1), (0, 0, 1), (0, 0, 1), (0, 0, 1), (0, 0, 1), (0, 0, 1), (0, 0, 1), (0, 0, 1), (0, 0, 1), (0, 0, 1), (0, 0, 1), (0, 0, 1), (0, 0, 1), (0, 0, 1), (0, 0, 1), (0, 0, 0.99999994), (0, 0, 0.99999994), (0, 0, 0.99999994), (0, 0, 1), (0, 0, 1), (0, 0, 1), (3.530919e-8, 0, 1), (3.530919e-8, 0, 1), (3.530919e-8, 0, 1), (-3.5309185e-8, 0, 1), (-3.5309185e-8, 0, 1), (-3.5309185e-8, 0, 1), (0, 0, 1), (0, 0, 1), (0, 0, 1), (1.7654596e-8, 0, 0.99999994), (1.7654596e-8, 0, 0.99999994), (1.7654596e-8, 0, 0.99999994), (1.4486153e-16, 0, 1), (1.4486153e-16, 0, 1), (1.4486153e-16, 0, 1), (0, 0, 1), (0, 0, 1), (0, 0, 1), (0, 0, 1), (0, 0, 1), (0, 0, 1), (0, 0, 1), (0, 0, 1), (0, 0, 1), (-3.530919e-8, 0, 1), (-3.530919e-8, 0, 1), (-3.530919e-8, 0, 1), (0, 0, 1), (0, 0, 1), (0, 0, 1), (0, 0, 1), (0, 0, 1), (0, 0, 1), (0, 0, 1), (0, 0, 1), (0, 0, 1), (0, 0, 1), (0, 0, 1), (0, 0, 1), (0, 0, -1), (0, 0, -1), (0, 0, -1), (0, 0, -1), (0, 0, -1), (0, 0, -1), (0, 0, -1), (0, 0, -1), (0, 0, -1), (0, 0, -1), (0, 0, -1), (0, 0, -1), (3.530919e-8, 0, -1), (3.530919e-8, 0, -1), (3.530919e-8, 0, -1), (0, 0, -1), (0, 0, -1), (0, 0, -1), (0, 0, -1), (0, 0, -1), (0, 0, -1), (0, 0, -1), (0, 0, -1), (0, 0, -1), (4.8287174e-17, 0, -1), (4.8287174e-17, 0, -1), (4.8287174e-17, 0, -1), (-1.7654596e-8, 0, -0.99999994), (-1.7654596e-8, 0, -0.99999994), (-1.7654596e-8, 0, -0.99999994), (0, 0, -1), (0, 0, -1), (0, 0, -1), (3.5309185e-8, 0, -1), (3.5309185e-8, 0, -1), (3.5309185e-8, 0, -1), (-3.530919e-8, 0, -1), (-3.530919e-8, 0, -1), (-3.530919e-8, 0, -1), (0, 0, -1), (0, 0, -1), (0, 0, -1), (0, 0, -0.99999994), (0, 0, -0.99999994), (0, 0, -0.99999994), (0, 0, -1), (0, 0, -1), (0, 0, -1), (0, 0, -1), (0, 0, -1), (0, 0, -1), (0, 0, -1), (0, 0, -1), (0, 0, -1), (0, 0, -1), (0, 0, -1), (0, 0, -1), (0, 0, -1), (0, 0, -1), (0, 0, -1), (-3.530919e-8, 0, -1), (-3.530919e-8, 0, -1), (-3.530919e-8, 0, -1), (0, 0, -1), (0, 0, -1), (0, 0, -1), (0, 0, -1), (0, 0, -1), (0, 0, -1), (0, 0, -1), (0, 0, -1), (0, 0, -1), (-1.4486153e-16, 0, -1), (-1.4486153e-16, 0, -1), (-1.4486153e-16, 0, -1), (1.7654596e-8, 0, -0.99999994), (1.7654596e-8, 0, -0.99999994), (1.7654596e-8, 0, -0.99999994), (0, 0, -1), (0, 0, -1), (0, 0, -1), (-3.5309185e-8, 0, -1), (-3.5309185e-8, 0, -1), (-3.5309185e-8, 0, -1), (3.530919e-8, 0, -1), (3.530919e-8, 0, -1), (3.530919e-8, 0, -1), (0, 0, -1), (0, 0, -1), (0, 0, -1), (0, 0, -0.99999994), (0, 0, -0.99999994), (0, 0, -0.99999994), (0, 0, -1), (0, 0, -1), (0, 0, -1)] (
                    interpolation = "faceVarying"
                )
                point3f[] points = [(0, -0.52, 0.04), (0.101446964, -0.51000834, 0.04), (0.19899538, -0.48041737, 0.04), (0.28889653, -0.4323642, 0.04), (0.36769554, -0.36769554, 0.04), (0.4323642, -0.28889653, 0.04), (0.48041737, -0.19899538, 0.04), (0.51000834, -0.101446964, 0.04), (0.52, -3.1840816e-17, 0.04), (0.51000834, 0.101446964, 0.04), (0.48041737, 0.19899538, 0.04), (0.4323642, 0.28889653, 0.04), (0.36769554, 0.36769554, 0.04), (0.28889653, 0.4323642, 0.04), (0.19899538, 0.48041737, 0.04), (0.101446964, 0.51000834, 0.04), (6.368163e-17, 0.52, 0.04), (-0.101446964, 0.51000834, 0.04), (-0.19899538, 0.48041737, 0.04), (-0.28889653, 0.4323642, 0.04), (-0.36769554, 0.36769554, 0.04), (-0.4323642, 0.28889653, 0.04), (-0.48041737, 0.19899538, 0.04), (-0.51000834, 0.101446964, 0.04), (-0.52, 9.552245e-17, 0.04), (-0.51000834, -0.101446964, 0.04), (-0.48041737, -0.19899538, 0.04), (-0.4323642, -0.28889653, 0.04), (-0.36769554, -0.36769554, 0.04), (-0.28889653, -0.4323642, 0.04), (-0.19899538, -0.48041737, 0.04), (-0.101446964, -0.51000834, 0.04), (-1.2736326e-16, -0.52, 0.04), (0, -0.52, -0.04), (0.101446964, -0.51000834, -0.04), (0.19899538, -0.48041737, -0.04), (0.28889653, -0.4323642, -0.04), (0.36769554, -0.36769554, -0.04), (0.4323642, -0.28889653, -0.04), (0.48041737, -0.19899538, -0.04), (0.51000834, -0.101446964, -0.04), (0.52, -3.1840816e-17, -0.04), (0.51000834, 0.101446964, -0.04), (0.48041737, 0.19899538, -0.04), (0.4323642, 0.28889653, -0.04), (0.36769554, 0.36769554, -0.04), (0.28889653, 0.4323642, -0.04), (0.19899538, 0.48041737, -0.04), (0.101446964, 0.51000834, -0.04), (6.368163e-17, 0.52, -0.04), (-0.101446964, 0.51000834, -0.04), (-0.19899538, 0.48041737, -0.04), (-0.28889653, 0.4323642, -0.04), (-0.36769554, 0.36769554, -0.04), (-0.4323642, 0.28889653, -0.04), (-0.48041737, 0.19899538, -0.04), (-0.51000834, 0.101446964, -0.04), (-0.52, 9.552245e-17, -0.04), (-0.51000834, -0.101446964, -0.04), (-0.48041737, -0.19899538, -0.04), (-0.4323642, -0.28889653, -0.04), (-0.36769554, -0.36769554, -0.04), (-0.28889653, -0.4323642, -0.04), (-0.19899538, -0.48041737, -0.04), (-0.101446964, -0.51000834, -0.04), (-1.2736326e-16, -0.52, -0.04), (0, -0, 0.04), (0, -0, 0.04), (0, -0, 0.04), (0, -0, 0.04), (0, -0, 0.04), (0, -0, 0.04), (0, -0, 0.04), (0, -0, 0.04), (0, -0, 0.04), (0, -0, 0.04), (0, -0, 0.04), (0, -0, 0.04), (0, -0, 0.04), (0, -0, 0.04), (0, -0, 0.04), (0, -0, 0.04), (0, -0, 0.04), (0, -0, 0.04), (0, -0, 0.04), (0, -0, 0.04), (0, -0, 0.04), (0, -0, 0.04), (0, -0, 0.04), (0, -0, 0.04), (0, -0, 0.04), (0, -0, 0.04), (0, -0, 0.04), (0, -0, 0.04), (0, -0, 0.04), (0, -0, 0.04), (0, -0, 0.04), (0, -0, 0.04), (0, -0.52, 0.04), (0.101446964, -0.51000834, 0.04), (0.19899538, -0.48041737, 0.04), (0.28889653, -0.4323642, 0.04), (0.36769554, -0.36769554, 0.04), (0.4323642, -0.28889653, 0.04), (0.48041737, -0.19899538, 0.04), (0.51000834, -0.101446964, 0.04), (0.52, -3.1840816e-17, 0.04), (0.51000834, 0.101446964, 0.04), (0.48041737, 0.19899538, 0.04), (0.4323642, 0.28889653, 0.04), (0.36769554, 0.36769554, 0.04), (0.28889653, 0.4323642, 0.04), (0.19899538, 0.48041737, 0.04), (0.101446964, 0.51000834, 0.04), (6.368163e-17, 0.52, 0.04), (-0.101446964, 0.51000834, 0.04), (-0.19899538, 0.48041737, 0.04), (-0.28889653, 0.4323642, 0.04), (-0.36769554, 0.36769554, 0.04), (-0.4323642, 0.28889653, 0.04), (-0.48041737, 0.19899538, 0.04), (-0.51000834, 0.101446964, 0.04), (-0.52, 9.552245e-17, 0.04), (-0.51000834, -0.101446964, 0.04), (-0.48041737, -0.19899538, 0.04), (-0.4323642, -0.28889653, 0.04), (-0.36769554, -0.36769554, 0.04), (-0.28889653, -0.4323642, 0.04), (-0.19899538, -0.48041737, 0.04), (-0.101446964, -0.51000834, 0.04), (-1.2736326e-16, -0.52, 0.04), (0, -0, -0.04), (0, -0, -0.04), (0, -0, -0.04), (0, -0, -0.04), (0, -0, -0.04), (0, -0, -0.04), (0, -0, -0.04), (0, -0, -0.04), (0, -0, -0.04), (0, -0, -0.04), (0, -0, -0.04), (0, -0, -0.04), (0, -0, -0.04), (0, -0, -0.04), (0, -0, -0.04), (0, -0, -0.04), (0, -0, -0.04), (0, -0, -0.04), (0, -0, -0.04), (0, -0, -0.04), (0, -0, -0.04), (0, -0, -0.04), (0, -0, -0.04), (0, -0, -0.04), (0, -0, -0.04), (0, -0, -0.04), (0, -0, -0.04), (0, -0, -0.04), (0, -0, -0.04), (0, -0, -0.04), (0, -0, -0.04), (0, -0, -0.04), (0, -0.52, -0.04), (0.101446964, -0.51000834, -0.04), (0.19899538, -0.48041737, -0.04), (0.28889653, -0.4323642, -0.04), (0.36769554, -0.36769554, -0.04), (0.4323642, -0.28889653, -0.04), (0.48041737, -0.19899538, -0.04), (0.51000834, -0.101446964, -0.04), (0.52, -3.1840816e-17, -0.04), (0.51000834, 0.101446964, -0.04), (0.48041737, 0.19899538, -0.04), (0.4323642, 0.28889653, -0.04), (0.36769554, 0.36769554, -0.04), (0.28889653, 0.4323642, -0.04), (0.19899538, 0.48041737, -0.04), (0.101446964, 0.51000834, -0.04), (6.368163e-17, 0.52, -0.04), (-0.101446964, 0.51000834, -0.04), (-0.19899538, 0.48041737, -0.04), (-0.28889653, 0.4323642, -0.04), (-0.36769554, 0.36769554, -0.04), (-0.4323642, 0.28889653, -0.04), (-0.48041737, 0.19899538, -0.04), (-0.51000834, 0.101446964, -0.04), (-0.52, 9.552245e-17, -0.04), (-0.51000834, -0.101446964, -0.04), (-0.48041737, -0.19899538, -0.04), (-0.4323642, -0.28889653, -0.04), (-0.36769554, -0.36769554, -0.04), (-0.28889653, -0.4323642, -0.04), (-0.19899538, -0.48041737, -0.04), (-0.101446964, -0.51000834, -0.04), (-1.2736326e-16, -0.52, -0.04)]
                texCoord2f[] primvars:st = [(0, 0), (0, 1), (0.03125, 0), (0, 1), (0.03125, 1), (0.03125, 0), (0.03125, 0), (0.03125, 1), (0.0625, 0), (0.03125, 1), (0.0625, 1), (0.0625, 0), (0.0625, 0), (0.0625, 1), (0.09375, 0), (0.0625, 1), (0.09375, 1), (0.09375, 0), (0.09375, 0), (0.09375, 1), (0.125, 0), (0.09375, 1), (0.125, 1), (0.125, 0), (0.125, 0), (0.125, 1), (0.15625, 0), (0.125, 1), (0.15625, 1), (0.15625, 0), (0.15625, 0), (0.15625, 1), (0.1875, 0), (0.15625, 1), (0.1875, 1), (0.1875, 0), (0.1875, 0), (0.1875, 1), (0.21875, 0), (0.1875, 1), (0.21875, 1), (0.21875, 0), (0.21875, 0), (0.21875, 1), (0.25, 0), (0.21875, 1), (0.25, 1), (0.25, 0), (0.25, 0), (0.25, 1), (0.28125, 0), (0.25, 1), (0.28125, 1), (0.28125, 0), (0.28125, 0), (0.28125, 1), (0.3125, 0), (0.28125, 1), (0.3125, 1), (0.3125, 0), (0.3125, 0), (0.3125, 1), (0.34375, 0), (0.3125, 1), (0.34375, 1), (0.34375, 0), (0.34375, 0), (0.34375, 1), (0.375, 0), (0.34375, 1), (0.375, 1), (0.375, 0), (0.375, 0), (0.375, 1), (0.40625, 0), (0.375, 1), (0.40625, 1), (0.40625, 0), (0.40625, 0), (0.40625, 1), (0.4375, 0), (0.40625, 1), (0.4375, 1), (0.4375, 0), (0.4375, 0), (0.4375, 1), (0.46875, 0), (0.4375, 1), (0.46875, 1), (0.46875, 0), (0.46875, 0), (0.46875, 1), (0.5, 0), (0.46875, 1), (0.5, 1), (0.5, 0), (0.5, 0), (0.5, 1), (0.53125, 0), (0.5, 1), (0.53125, 1), (0.53125, 0), (0.53125, 0), (0.53125, 1), (0.5625, 0), (0.53125, 1), (0.5625, 1), (0.5625, 0), (0.5625, 0), (0.5625, 1), (0.59375, 0), (0.5625, 1), (0.59375, 1), (0.59375, 0), (0.59375, 0), (0.59375, 1), (0.625, 0), (0.59375, 1), (0.625, 1), (0.625, 0), (0.625, 0), (0.625, 1), (0.65625, 0), (0.625, 1), (0.65625, 1), (0.65625, 0), (0.65625, 0), (0.65625, 1), (0.6875, 0), (0.65625, 1), (0.6875, 1), (0.6875, 0), (0.6875, 0), (0.6875, 1), (0.71875, 0), (0.6875, 1), (0.71875, 1), (0.71875, 0), (0.71875, 0), (0.71875, 1), (0.75, 0), (0.71875, 1), (0.75, 1), (0.75, 0), (0.75, 0), (0.75, 1), (0.78125, 0), (0.75, 1), (0.78125, 1), (0.78125, 0), (0.78125, 0), (0.78125, 1), (0.8125, 0), (0.78125, 1), (0.8125, 1), (0.8125, 0), (0.8125, 0), (0.8125, 1), (0.84375, 0), (0.8125, 1), (0.84375, 1), (0.84375, 0), (0.84375, 0), (0.84375, 1), (0.875, 0), (0.84375, 1), (0.875, 1), (0.875, 0), (0.875, 0), (0.875, 1), (0.90625, 0), (0.875, 1), (0.90625, 1), (0.90625, 0), (0.90625, 0), (0.90625, 1), (0.9375, 0), (0.90625, 1), (0.9375, 1), (0.9375, 0), (0.9375, 0), (0.9375, 1), (0.96875, 0), (0.9375, 1), (0.96875, 1), (0.96875, 0), (0.96875, 0), (0.96875, 1), (1, 0), (0.96875, 1), (1, 1), (1, 0), (1, 0.5), (0.9903926, 0.40245485), (0.5, 0.5), (0.9903926, 0.40245485), (0.96193975, 0.3086583), (0.5, 0.5), (0.96193975, 0.3086583), (0.9157348, 0.22221488), (0.5, 0.5), (0.9157348, 0.22221488), (0.8535534, 0.14644659), (0.5, 0.5), (0.8535534, 0.14644659), (0.7777851, 0.08426517), (0.5, 0.5), (0.7777851, 0.08426517), (0.6913417, 0.038060248), (0.5, 0.5), (0.6913417, 0.038060248), (0.59754515, 0.009607375), (0.5, 0.5), (0.59754515, 0.009607375), (0.5, 0), (0.5, 0.5), (0.5, 0), (0.40245485, 0.009607375), (0.5, 0.5), (0.40245485, 0.009607375), (0.30865827, 0.038060248), (0.5, 0.5), (0.30865827, 0.038060248), (0.22221488, 0.08426517), (0.5, 0.5), (0.22221488, 0.08426517), (0.14644662, 0.14644659), (0.5, 0.5), (0.14644662, 0.14644659), (0.084265195, 0.22221488), (0.5, 0.5), (0.084265195, 0.22221488), (0.038060233, 0.3086583), (0.5, 0.5), (0.038060233, 0.3086583), (0.00960736, 0.40245485), (0.5, 0.5), (0.00960736, 0.40245485), (0, 0.5), (0.5, 0.5), (0, 0.5), (0.00960736, 0.59754515), (0.5, 0.5), (0.00960736, 0.59754515), (0.038060233, 0.69134176), (0.5, 0.5), (0.038060233, 0.69134176), (0.084265195, 0.7777851), (0.5, 0.5), (0.084265195, 0.7777851), (0.14644662, 0.8535534), (0.5, 0.5), (0.14644662, 0.8535534), (0.22221488, 0.9157348), (0.5, 0.5), (0.22221488, 0.9157348), (0.30865827, 0.96193975), (0.5, 0.5), (0.30865827, 0.96193975), (0.40245485, 0.9903926), (0.5, 0.5), (0.40245485, 0.9903926), (0.5, 1), (0.5, 0.5), (0.5, 1), (0.59754515, 0.9903926), (0.5, 0.5), (0.59754515, 0.9903926), (0.6913417, 0.96193975), (0.5, 0.5), (0.6913417, 0.96193975), (0.7777851, 0.9157348), (0.5, 0.5), (0.7777851, 0.9157348), (0.8535534, 0.8535534), (0.5, 0.5), (0.8535534, 0.8535534), (0.9157348, 0.7777851), (0.5, 0.5), (0.9157348, 0.7777851), (0.96193975, 0.69134176), (0.5, 0.5), (0.96193975, 0.69134176), (0.9903926, 0.59754515), (0.5, 0.5), (0.9903926, 0.59754515), (1, 0.5), (0.5, 0.5), (0.9903926, 0.59754515), (1, 0.5), (0.5, 0.5), (0.96193975, 0.69134176), (0.9903926, 0.59754515), (0.5, 0.5), (0.9157348, 0.7777851), (0.96193975, 0.69134176), (0.5, 0.5), (0.8535534, 0.8535534), (0.9157348, 0.7777851), (0.5, 0.5), (0.7777851, 0.9157348), (0.8535534, 0.8535534), (0.5, 0.5), (0.6913417, 0.96193975), (0.7777851, 0.9157348), (0.5, 0.5), (0.59754515, 0.9903926), (0.6913417, 0.96193975), (0.5, 0.5), (0.5, 1), (0.59754515, 0.9903926), (0.5, 0.5), (0.40245485, 0.9903926), (0.5, 1), (0.5, 0.5), (0.30865827, 0.96193975), (0.40245485, 0.9903926), (0.5, 0.5), (0.22221488, 0.9157348), (0.30865827, 0.96193975), (0.5, 0.5), (0.14644662, 0.8535534), (0.22221488, 0.9157348), (0.5, 0.5), (0.084265195, 0.7777851), (0.14644662, 0.8535534), (0.5, 0.5), (0.038060233, 0.69134176), (0.084265195, 0.7777851), (0.5, 0.5), (0.00960736, 0.59754515), (0.038060233, 0.69134176), (0.5, 0.5), (0, 0.5), (0.00960736, 0.59754515), (0.5, 0.5), (0.00960736, 0.40245485), (0, 0.5), (0.5, 0.5), (0.038060233, 0.3086583), (0.00960736, 0.40245485), (0.5, 0.5), (0.084265195, 0.22221488), (0.038060233, 0.3086583), (0.5, 0.5), (0.14644662, 0.14644659), (0.084265195, 0.22221488), (0.5, 0.5), (0.22221488, 0.08426517), (0.14644662, 0.14644659), (0.5, 0.5), (0.30865827, 0.038060248), (0.22221488, 0.08426517), (0.5, 0.5), (0.40245485, 0.009607375), (0.30865827, 0.038060248), (0.5, 0.5), (0.5, 0), (0.40245485, 0.009607375), (0.5, 0.5), (0.59754515, 0.009607375), (0.5, 0), (0.5, 0.5), (0.6913417, 0.038060248), (0.59754515, 0.009607375), (0.5, 0.5), (0.7777851, 0.08426517), (0.6913417, 0.038060248), (0.5, 0.5), (0.8535534, 0.14644659), (0.7777851, 0.08426517), (0.5, 0.5), (0.9157348, 0.22221488), (0.8535534, 0.14644659), (0.5, 0.5), (0.96193975, 0.3086583), (0.9157348, 0.22221488), (0.5, 0.5), (0.9903926, 0.40245485), (0.96193975, 0.3086583), (0.5, 0.5), (1, 0.5), (0.9903926, 0.40245485), (0.5, 0.5)] (
                    interpolation = "faceVarying"
                )
                uniform token subdivisionScheme = "none"
                custom string userProperties:blender:data_name = "Mesh_7.013"
            }
        }

        def Xform "bowl_rim_0_0_48"
        {
            custom string userProperties:blender:object_name = "bowl_rim_0_0.48"
            float3 xformOp:rotateXYZ = (0, -0, 0)
            float3 xformOp:scale = (1, 1, 1)
            double3 xformOp:translate = (-1.0800000429153442, -0.47999998927116394, 0.5)
            uniform token[] xformOpOrder = ["xformOp:translate", "xformOp:rotateXYZ", "xformOp:scale"]

            def Mesh "Mesh_3_014" (
                active = true
                prepend apiSchemas = ["MaterialBindingAPI"]
            )
            {
                uniform bool doubleSided = 0
                float3[] extent = [(-0.3, -0.02, -0.16), (0.3, 0.02, 0.16)]
                int[] faceVertexCounts = [3, 3, 3, 3, 3, 3, 3, 3, 3, 3, 3, 3]
                int[] faceVertexIndices = [0, 2, 1, 2, 3, 1, 4, 6, 5, 6, 7, 5, 8, 10, 9, 10, 11, 9, 12, 14, 13, 14, 15, 13, 16, 18, 17, 18, 19, 17, 20, 22, 21, 22, 23, 21]
                rel material:binding = </root/_materials/Material_3_014>
                normal3f[] normals = [(1, 0, 0), (1, 0, 0), (1, 0, 0), (1, 0, 0), (1, 0, 0), (1, 0, 0), (-1, 0, 0), (-1, 0, 0), (-1, 0, 0), (-1, 0, 0), (-1, 0, 0), (-1, 0, 0), (0, 0, 1), (0, 0, 1), (0, 0, 1), (0, 0, 1), (0, 0, 1), (0, 0, 1), (0, 0, -1), (0, 0, -1), (0, 0, -1), (0, 0, -1), (0, 0, -1), (0, 0, -1), (0, -1, 0), (0, -1, 0), (0, -1, 0), (0, -1, 0), (0, -1, 0), (0, -1, 0), (0, 1, 0), (0, 1, 0), (0, 1, 0), (0, 1, 0), (0, 1, 0), (0, 1, 0)] (
                    interpolation = "faceVarying"
                )
                point3f[] points = [(0.3, -0.02, 0.16), (0.3, 0.02, 0.16), (0.3, -0.02, -0.16), (0.3, 0.02, -0.16), (-0.3, 0.02, 0.16), (-0.3, -0.02, 0.16), (-0.3, 0.02, -0.16), (-0.3, -0.02, -0.16), (-0.3, 0.02, 0.16), (0.3, 0.02, 0.16), (-0.3, -0.02, 0.16), (0.3, -0.02, 0.16), (-0.3, -0.02, -0.16), (0.3, -0.02, -0.16), (-0.3, 0.02, -0.16), (0.3, 0.02, -0.16), (-0.3, -0.02, 0.16), (0.3, -0.02, 0.16), (-0.3, -0.02, -0.16), (0.3, -0.02, -0.16), (0.3, 0.02, 0.16), (-0.3, 0.02, 0.16), (0.3, 0.02, -0.16), (-0.3, 0.02, -0.16)]
                texCoord2f[] primvars:st = [(0, 0), (0, 1), (1, 0), (0, 1), (1, 1), (1, 0), (0, 0), (0, 1), (1, 0), (0, 1), (1, 1), (1, 0), (0, 0), (0, 1), (1, 0), (0, 1), (1, 1), (1, 0), (0, 0), (0, 1), (1, 0), (0, 1), (1, 1), (1, 0), (0, 0), (0, 1), (1, 0), (0, 1), (1, 1), (1, 0), (0, 0), (0, 1), (1, 0), (0, 1), (1, 1), (1, 0)] (
                    interpolation = "faceVarying"
                )
                uniform token subdivisionScheme = "none"
                custom string userProperties:blender:data_name = "Mesh_3.014"
            }
        }

        def Xform "control_drawer_3_2"
        {
            custom string userProperties:blender:object_name = "control_drawer_3_2"
            float3 xformOp:rotateXYZ = (0, -0, 0)
            float3 xformOp:scale = (1, 1, 1)
            double3 xformOp:translate = (1.0800000429153442, -0.5199999809265137, 0.8399999737739563)
            uniform token[] xformOpOrder = ["xformOp:translate", "xformOp:rotateXYZ", "xformOp:scale"]

            def Mesh "Mesh_12_009" (
                active = true
                prepend apiSchemas = ["MaterialBindingAPI"]
            )
            {
                uniform bool doubleSided = 0
                float3[] extent = [(-0.21, -0.015, -0.065), (0.21, 0.015, 0.065)]
                int[] faceVertexCounts = [3, 3, 3, 3, 3, 3, 3, 3, 3, 3, 3, 3]
                int[] faceVertexIndices = [0, 2, 1, 2, 3, 1, 4, 6, 5, 6, 7, 5, 8, 10, 9, 10, 11, 9, 12, 14, 13, 14, 15, 13, 16, 18, 17, 18, 19, 17, 20, 22, 21, 22, 23, 21]
                rel material:binding = </root/_materials/Material_12_009>
                normal3f[] normals = [(1, 0, 0), (1, 0, 0), (1, 0, 0), (1, 0, 0), (1, 0, 0), (1, 0, 0), (-1, 0, 0), (-1, 0, 0), (-1, 0, 0), (-1, 0, 0), (-1, 0, 0), (-1, 0, 0), (0, 0, 0.99999994), (0, 0, 0.99999994), (0, 0, 0.99999994), (0, 0, 0.99999994), (0, 0, 0.99999994), (0, 0, 0.99999994), (0, 0, -0.99999994), (0, 0, -0.99999994), (0, 0, -0.99999994), (0, 0, -0.99999994), (0, 0, -0.99999994), (0, 0, -0.99999994), (0, -1, 0), (0, -1, 0), (0, -1, 0), (0, -1, 0), (0, -1, 0), (0, -1, 0), (0, 1, 0), (0, 1, 0), (0, 1, 0), (0, 1, 0), (0, 1, 0), (0, 1, 0)] (
                    interpolation = "faceVarying"
                )
                point3f[] points = [(0.21, -0.015, 0.065), (0.21, 0.015, 0.065), (0.21, -0.015, -0.065), (0.21, 0.015, -0.065), (-0.21, 0.015, 0.065), (-0.21, -0.015, 0.065), (-0.21, 0.015, -0.065), (-0.21, -0.015, -0.065), (-0.21, 0.015, 0.065), (0.21, 0.015, 0.065), (-0.21, -0.015, 0.065), (0.21, -0.015, 0.065), (-0.21, -0.015, -0.065), (0.21, -0.015, -0.065), (-0.21, 0.015, -0.065), (0.21, 0.015, -0.065), (-0.21, -0.015, 0.065), (0.21, -0.015, 0.065), (-0.21, -0.015, -0.065), (0.21, -0.015, -0.065), (0.21, 0.015, 0.065), (-0.21, 0.015, 0.065), (0.21, 0.015, -0.065), (-0.21, 0.015, -0.065)]
                texCoord2f[] primvars:st = [(0, 0), (0, 1), (1, 0), (0, 1), (1, 1), (1, 0), (0, 0), (0, 1), (1, 0), (0, 1), (1, 1), (1, 0), (0, 0), (0, 1), (1, 0), (0, 1), (1, 1), (1, 0), (0, 0), (0, 1), (1, 0), (0, 1), (1, 1), (1, 0), (0, 0), (0, 1), (1, 0), (0, 1), (1, 1), (1, 0), (0, 0), (0, 1), (1, 0), (0, 1), (1, 1), (1, 0)] (
                    interpolation = "faceVarying"
                )
                uniform token subdivisionScheme = "none"
                custom string userProperties:blender:data_name = "Mesh_12.009"
            }
        }

        def Xform "bowl_end_0__0_28"
        {
            custom string userProperties:blender:object_name = "bowl_end_0_-0.28"
            float3 xformOp:rotateXYZ = (0, -0, 0)
            float3 xformOp:scale = (1, 1, 1)
            double3 xformOp:translate = (-1.3600000143051147, 0, 0.5)
            uniform token[] xformOpOrder = ["xformOp:translate", "xformOp:rotateXYZ", "xformOp:scale"]

            def Mesh "Mesh_4_014" (
                active = true
                prepend apiSchemas = ["MaterialBindingAPI"]
            )
            {
                uniform bool doubleSided = 0
                float3[] extent = [(-0.02, -0.475, -0.16), (0.02, 0.475, 0.16)]
                int[] faceVertexCounts = [3, 3, 3, 3, 3, 3, 3, 3, 3, 3, 3, 3]
                int[] faceVertexIndices = [0, 2, 1, 2, 3, 1, 4, 6, 5, 6, 7, 5, 8, 10, 9, 10, 11, 9, 12, 14, 13, 14, 15, 13, 16, 18, 17, 18, 19, 17, 20, 22, 21, 22, 23, 21]
                rel material:binding = </root/_materials/Material_4_014>
                normal3f[] normals = [(1, 0, 0), (1, 0, 0), (1, 0, 0), (1, 0, 0), (1, 0, 0), (1, 0, 0), (-1, 0, 0), (-1, 0, 0), (-1, 0, 0), (-1, 0, 0), (-1, 0, 0), (-1, 0, 0), (0, 0, 1), (0, 0, 1), (0, 0, 1), (0, 0, 1), (0, 0, 1), (0, 0, 1), (0, 0, -1), (0, 0, -1), (0, 0, -1), (0, 0, -1), (0, 0, -1), (0, 0, -1), (0, -1, 0), (0, -1, 0), (0, -1, 0), (0, -1, 0), (0, -1, 0), (0, -1, 0), (0, 1, 0), (0, 1, 0), (0, 1, 0), (0, 1, 0), (0, 1, 0), (0, 1, 0)] (
                    interpolation = "faceVarying"
                )
                point3f[] points = [(0.02, -0.475, 0.16), (0.02, 0.475, 0.16), (0.02, -0.475, -0.16), (0.02, 0.475, -0.16), (-0.02, 0.475, 0.16), (-0.02, -0.475, 0.16), (-0.02, 0.475, -0.16), (-0.02, -0.475, -0.16), (-0.02, 0.475, 0.16), (0.02, 0.475, 0.16), (-0.02, -0.475, 0.16), (0.02, -0.475, 0.16), (-0.02, -0.475, -0.16), (0.02, -0.475, -0.16), (-0.02, 0.475, -0.16), (0.02, 0.475, -0.16), (-0.02, -0.475, 0.16), (0.02, -0.475, 0.16), (-0.02, -0.475, -0.16), (0.02, -0.475, -0.16), (0.02, 0.475, 0.16), (-0.02, 0.475, 0.16), (0.02, 0.475, -0.16), (-0.02, 0.475, -0.16)]
                texCoord2f[] primvars:st = [(0, 0), (0, 1), (1, 0), (0, 1), (1, 1), (1, 0), (0, 0), (0, 1), (1, 0), (0, 1), (1, 1), (1, 0), (0, 0), (0, 1), (1, 0), (0, 1), (1, 1), (1, 0), (0, 0), (0, 1), (1, 0), (0, 1), (1, 1), (1, 0), (0, 0), (0, 1), (1, 0), (0, 1), (1, 1), (1, 0), (0, 0), (0, 1), (1, 0), (0, 1), (1, 1), (1, 0)] (
                    interpolation = "faceVarying"
                )
                uniform token subdivisionScheme = "none"
                custom string userProperties:blender:data_name = "Mesh_4.014"
            }
        }
    }

    def Scope "_materials"
    {
        def Material "Material_2_014"
        {
            token outputs:surface.connect = </root/_materials/Material_2_014/Principled_BSDF.outputs:surface>
            custom string userProperties:blender:data_name = "Material_2.014"

            def Shader "Principled_BSDF"
            {
                uniform token info:id = "UsdPreviewSurface"
                float inputs:clearcoat = 0
                float inputs:clearcoatRoughness = 0.03
                color3f inputs:diffuseColor = (0.004391442, 0.1746474, 0.27889428)
                float inputs:ior = 1.5
                float inputs:metallic = 0.25
                float inputs:opacity = 1
                float inputs:roughness = 0.55
                float inputs:specular = 0.5
                token outputs:surface
            }
        }

        def Material "Material_5_014"
        {
            token outputs:surface.connect = </root/_materials/Material_5_014/Principled_BSDF.outputs:surface>
            custom string userProperties:blender:data_name = "Material_5.014"

            def Shader "Principled_BSDF"
            {
                uniform token info:id = "UsdPreviewSurface"
                float inputs:clearcoat = 0
                float inputs:clearcoatRoughness = 0.03
                color3f inputs:diffuseColor = (0.004391442, 0.1746474, 0.27889428)
                float inputs:ior = 1.5
                float inputs:metallic = 0.25
                float inputs:opacity = 1
                float inputs:roughness = 0.55
                float inputs:specular = 0.5
                token outputs:surface
            }
        }

        def Material "Material_15_006"
        {
            token outputs:surface.connect = </root/_materials/Material_15_006/Principled_BSDF.outputs:surface>
            custom string userProperties:blender:data_name = "Material_15.006"

            def Shader "Principled_BSDF"
            {
                uniform token info:id = "UsdPreviewSurface"
                float inputs:clearcoat = 0
                float inputs:clearcoatRoughness = 0.03
                color3f inputs:diffuseColor = (0.0129830325, 0.022173885, 0.04373503)
                float inputs:ior = 1.5
                float inputs:metallic = 0.25
                float inputs:opacity = 1
                float inputs:roughness = 0.55
                float inputs:specular = 0.5
                token outputs:surface
            }
        }

        def Material "Material_16_006"
        {
            token outputs:surface.connect = </root/_materials/Material_16_006/Principled_BSDF.outputs:surface>
            custom string userProperties:blender:data_name = "Material_16.006"

            def Shader "Principled_BSDF"
            {
                uniform token info:id = "UsdPreviewSurface"
                float inputs:clearcoat = 0
                float inputs:clearcoatRoughness = 0.03
                color3f inputs:diffuseColor = (0.039546236, 0.50888133, 0.9386857)
                float inputs:ior = 1.5
                float inputs:metallic = 0.25
                float inputs:opacity = 1
                float inputs:roughness = 0.55
                float inputs:specular = 0.5
                token outputs:surface
            }
        }

        def Material "Material_8_010"
        {
            token outputs:surface.connect = </root/_materials/Material_8_010/Principled_BSDF.outputs:surface>
            custom string userProperties:blender:data_name = "Material_8.010"

            def Shader "Principled_BSDF"
            {
                uniform token info:id = "UsdPreviewSurface"
                float inputs:clearcoat = 0
                float inputs:clearcoatRoughness = 0.03
                color3f inputs:diffuseColor = (0.91309863, 0.34191442, 0.0033465358)
                float inputs:ior = 1.5
                float inputs:metallic = 0.25
                float inputs:opacity = 1
                float inputs:roughness = 0.55
                float inputs:specular = 0.5
                token outputs:surface
            }
        }

        def Material "Material_14_006"
        {
            token outputs:surface.connect = </root/_materials/Material_14_006/Principled_BSDF.outputs:surface>
            custom string userProperties:blender:data_name = "Material_14.006"

            def Shader "Principled_BSDF"
            {
                uniform token info:id = "UsdPreviewSurface"
                float inputs:clearcoat = 0
                float inputs:clearcoatRoughness = 0.03
                color3f inputs:diffuseColor = (0.29613826, 0.3662526, 0.47932017)
                float inputs:ior = 1.5
                float inputs:metallic = 0.25
                float inputs:opacity = 1
                float inputs:roughness = 0.55
                float inputs:specular = 0.5
                token outputs:surface
            }
        }

        def Material "Material_13_008"
        {
            token outputs:surface.connect = </root/_materials/Material_13_008/Principled_BSDF.outputs:surface>
            custom string userProperties:blender:data_name = "Material_13.008"

            def Shader "Principled_BSDF"
            {
                uniform token info:id = "UsdPreviewSurface"
                float inputs:clearcoat = 0
                float inputs:clearcoatRoughness = 0.03
                color3f inputs:diffuseColor = (0.033104766, 0.052860647, 0.09084171)
                float inputs:ior = 1.5
                float inputs:metallic = 0.25
                float inputs:opacity = 1
                float inputs:roughness = 0.55
                float inputs:specular = 0.5
                token outputs:surface
            }
        }

        def Material "Material_0_014"
        {
            token outputs:surface.connect = </root/_materials/Material_0_014/Principled_BSDF.outputs:surface>
            custom string userProperties:blender:data_name = "Material_0.014"

            def Shader "Principled_BSDF"
            {
                uniform token info:id = "UsdPreviewSurface"
                float inputs:clearcoat = 0
                float inputs:clearcoatRoughness = 0.03
                color3f inputs:diffuseColor = (0.033104766, 0.052860647, 0.09084171)
                float inputs:ior = 1.5
                float inputs:metallic = 0.25
                float inputs:opacity = 1
                float inputs:roughness = 0.55
                float inputs:specular = 0.5
                token outputs:surface
            }
        }

        def Material "Material_9_010"
        {
            token outputs:surface.connect = </root/_materials/Material_9_010/Principled_BSDF.outputs:surface>
            custom string userProperties:blender:data_name = "Material_9.010"

            def Shader "Principled_BSDF"
            {
                uniform token info:id = "UsdPreviewSurface"
                float inputs:clearcoat = 0
                float inputs:clearcoatRoughness = 0.03
                color3f inputs:diffuseColor = (0.004391442, 0.1746474, 0.27889428)
                float inputs:ior = 1.5
                float inputs:metallic = 0.25
                float inputs:opacity = 1
                float inputs:roughness = 0.55
                float inputs:specular = 0.5
                token outputs:surface
            }
        }

        def Material "Material_6_014"
        {
            token outputs:surface.connect = </root/_materials/Material_6_014/Principled_BSDF.outputs:surface>
            custom string userProperties:blender:data_name = "Material_6.014"

            def Shader "Principled_BSDF"
            {
                uniform token info:id = "UsdPreviewSurface"
                float inputs:clearcoat = 0
                float inputs:clearcoatRoughness = 0.03
                color3f inputs:diffuseColor = (0.29613826, 0.3662526, 0.47932017)
                float inputs:ior = 1.5
                float inputs:metallic = 0.25
                float inputs:opacity = 1
                float inputs:roughness = 0.55
                float inputs:specular = 0.5
                token outputs:surface
            }
        }

        def Material "Material_11_010"
        {
            token outputs:surface.connect = </root/_materials/Material_11_010/Principled_BSDF.outputs:surface>
            custom string userProperties:blender:data_name = "Material_11.010"

            def Shader "Principled_BSDF"
            {
                uniform token info:id = "UsdPreviewSurface"
                float inputs:clearcoat = 0
                float inputs:clearcoatRoughness = 0.03
                color3f inputs:diffuseColor = (0.033104766, 0.052860647, 0.09084171)
                float inputs:ior = 1.5
                float inputs:metallic = 0.25
                float inputs:opacity = 1
                float inputs:roughness = 0.55
                float inputs:specular = 0.5
                token outputs:surface
            }
        }

        def Material "Material_1_014"
        {
            token outputs:surface.connect = </root/_materials/Material_1_014/Principled_BSDF.outputs:surface>
            custom string userProperties:blender:data_name = "Material_1.014"

            def Shader "Principled_BSDF"
            {
                uniform token info:id = "UsdPreviewSurface"
                float inputs:clearcoat = 0
                float inputs:clearcoatRoughness = 0.03
                color3f inputs:diffuseColor = (0.29613826, 0.3662526, 0.47932017)
                float inputs:ior = 1.5
                float inputs:metallic = 0.25
                float inputs:opacity = 1
                float inputs:roughness = 0.55
                float inputs:specular = 0.5
                token outputs:surface
            }
        }

        def Material "Material_10_010"
        {
            token outputs:surface.connect = </root/_materials/Material_10_010/Principled_BSDF.outputs:surface>
            custom string userProperties:blender:data_name = "Material_10.010"

            def Shader "Principled_BSDF"
            {
                uniform token info:id = "UsdPreviewSurface"
                float inputs:clearcoat = 0
                float inputs:clearcoatRoughness = 0.03
                color3f inputs:diffuseColor = (0.29613826, 0.3662526, 0.47932017)
                float inputs:ior = 1.5
                float inputs:metallic = 0.25
                float inputs:opacity = 1
                float inputs:roughness = 0.55
                float inputs:specular = 0.5
                token outputs:surface
            }
        }

        def Material "Material_7_013"
        {
            token outputs:surface.connect = </root/_materials/Material_7_013/Principled_BSDF.outputs:surface>
            custom string userProperties:blender:data_name = "Material_7.013"

            def Shader "Principled_BSDF"
            {
                uniform token info:id = "UsdPreviewSurface"
                float inputs:clearcoat = 0
                float inputs:clearcoatRoughness = 0.03
                color3f inputs:diffuseColor = (0.12743768, 0.1746474, 0.25818285)
                float inputs:ior = 1.5
                float inputs:metallic = 0.25
                float inputs:opacity = 1
                float inputs:roughness = 0.55
                float inputs:specular = 0.5
                token outputs:surface
            }
        }

        def Material "Material_3_014"
        {
            token outputs:surface.connect = </root/_materials/Material_3_014/Principled_BSDF.outputs:surface>
            custom string userProperties:blender:data_name = "Material_3.014"

            def Shader "Principled_BSDF"
            {
                uniform token info:id = "UsdPreviewSurface"
                float inputs:clearcoat = 0
                float inputs:clearcoatRoughness = 0.03
                color3f inputs:diffuseColor = (0.004391442, 0.1746474, 0.27889428)
                float inputs:ior = 1.5
                float inputs:metallic = 0.25
                float inputs:opacity = 1
                float inputs:roughness = 0.55
                float inputs:specular = 0.5
                token outputs:surface
            }
        }

        def Material "Material_12_009"
        {
            token outputs:surface.connect = </root/_materials/Material_12_009/Principled_BSDF.outputs:surface>
            custom string userProperties:blender:data_name = "Material_12.009"

            def Shader "Principled_BSDF"
            {
                uniform token info:id = "UsdPreviewSurface"
                float inputs:clearcoat = 0
                float inputs:clearcoatRoughness = 0.03
                color3f inputs:diffuseColor = (0.29613826, 0.3662526, 0.47932017)
                float inputs:ior = 1.5
                float inputs:metallic = 0.25
                float inputs:opacity = 1
                float inputs:roughness = 0.55
                float inputs:specular = 0.5
                token outputs:surface
            }
        }

        def Material "Material_4_014"
        {
            token outputs:surface.connect = </root/_materials/Material_4_014/Principled_BSDF.outputs:surface>
            custom string userProperties:blender:data_name = "Material_4.014"

            def Shader "Principled_BSDF"
            {
                uniform token info:id = "UsdPreviewSurface"
                float inputs:clearcoat = 0
                float inputs:clearcoatRoughness = 0.03
                color3f inputs:diffuseColor = (0.004391442, 0.1746474, 0.27889428)
                float inputs:ior = 1.5
                float inputs:metallic = 0.25
                float inputs:opacity = 1
                float inputs:roughness = 0.55
                float inputs:specular = 0.5
                token outputs:surface
            }
        }
    }

    def DomeLight "env_light"
    {
        float inputs:intensity = 1
        asset inputs:texture:file = @./textures/color_121212.hdr@
        float3 xformOp:rotateXYZ = (90, -0, 90)
        uniform token[] xformOpOrder = ["xformOp:rotateXYZ"]
    }
}

