#usda 1.0
(
    defaultPrim = "root"
    doc = "Blender v4.5.0"
    metersPerUnit = 1
    upAxis = "Z"
)

def Xform "root" (
    customData = {
        dictionary Blender = {
            bool generated = 1
        }
    }
)
{
    def Xform "A478"
    {
        custom string userProperties:assetId = "A478"
        custom bool userProperties:authoritativeSource = 0
        custom string userProperties:blender:object_name = "A478"
        custom string userProperties:coordinateSystem = "RIGHT_HANDED_Y_UP"
        custom string userProperties:dimensionalAccuracy = "CONCEPTUAL"
        custom string userProperties:forwardDirection = "+Z"
        custom string userProperties:generatedFrom = "Catalog identity and individually authored assembly recipe"
        custom bool userProperties:motionCandidate = 0
        custom string userProperties:originPolicy = "floor centre; instance XZ unchanged"
        custom bool userProperties:physicalPortVerified = 0
        custom string userProperties:representationClass = "CUSTOM_GENERATED_CONCEPTUAL"
        custom string userProperties:unit = "m"

        def Xform "magnet_ring_2_0"
        {
            custom string userProperties:blender:object_name = "magnet_ring_2_0"
            float3 xformOp:rotateXYZ = (0, -0, 90.00001)
            float3 xformOp:scale = (1.0000001, 1.0000001, 1)
            double3 xformOp:translate = (0.14000000059604645, 0, 0.6499999761581421)
            uniform token[] xformOpOrder = ["xformOp:translate", "xformOp:rotateXYZ", "xformOp:scale"]

            def Mesh "Mesh_3_019" (
                active = true
                prepend apiSchemas = ["MaterialBindingAPI"]
            )
            {
                uniform bool doubleSided = 0
                float3[] extent = [(-0.335, -0.035, -0.335), (0.335, 0.035, 0.335)]
                int[] faceVertexCounts = [3, 3, 3, 3, 3, 3, 3, 3, 3, 3, 3, 3, 3, 3, 3, 3, 3, 3, 3, 3, 3, 3, 3, 3, 3, 3, 3, 3, 3, 3, 3, 3, 3, 3, 3, 3, 3, 3, 3, 3, 3, 3, 3, 3, 3, 3, 3, 3, 3, 3, 3, 3, 3, 3, 3, 3, 3, 3, 3, 3, 3, 3, 3, 3, 3, 3, 3, 3, 3, 3, 3, 3, 3, 3, 3, 3, 3, 3, 3, 3, 3, 3, 3, 3, 3, 3, 3, 3, 3, 3, 3, 3, 3, 3, 3, 3, 3, 3, 3, 3, 3, 3, 3, 3, 3, 3, 3, 3, 3, 3, 3, 3, 3, 3, 3, 3, 3, 3, 3, 3, 3, 3, 3, 3, 3, 3, 3, 3, 3, 3, 3, 3, 3, 3, 3, 3, 3, 3, 3, 3, 3, 3, 3, 3, 3, 3, 3, 3, 3, 3, 3, 3, 3, 3, 3, 3, 3, 3, 3, 3, 3, 3, 3, 3, 3, 3, 3, 3, 3, 3, 3, 3, 3, 3, 3, 3, 3, 3, 3, 3, 3, 3, 3, 3, 3, 3, 3, 3, 3, 3, 3, 3, 3, 3, 3, 3, 3, 3, 3, 3, 3, 3, 3, 3, 3, 3, 3, 3, 3, 3, 3, 3, 3, 3, 3, 3, 3, 3, 3, 3, 3, 3, 3, 3, 3, 3, 3, 3, 3, 3, 3, 3, 3, 3, 3, 3, 3, 3, 3, 3, 3, 3, 3, 3, 3, 3, 3, 3, 3, 3, 3, 3, 3, 3, 3, 3, 3, 3, 3, 3, 3, 3, 3, 3, 3, 3, 3, 3, 3, 3, 3, 3, 3, 3, 3, 3, 3, 3, 3, 3, 3, 3, 3, 3, 3, 3, 3, 3, 3, 3, 3, 3, 3, 3, 3, 3, 3, 3, 3, 3, 3, 3, 3, 3, 3, 3, 3, 3, 3, 3, 3, 3, 3, 3, 3, 3, 3, 3, 3, 3, 3, 3, 3, 3, 3, 3, 3, 3, 3, 3, 3, 3, 3, 3, 3, 3, 3, 3, 3, 3, 3, 3, 3, 3, 3, 3, 3, 3, 3, 3, 3, 3, 3, 3, 3, 3, 3, 3, 3, 3, 3, 3, 3, 3, 3, 3, 3, 3, 3, 3, 3, 3, 3, 3, 3, 3, 3, 3, 3, 3, 3, 3, 3, 3]
                int[] faceVertexIndices = [25, 0, 26, 0, 1, 26, 26, 1, 27, 1, 2, 27, 27, 2, 28, 2, 3, 28, 28, 3, 29, 3, 4, 29, 29, 4, 30, 4, 5, 30, 30, 5, 31, 5, 6, 31, 31, 6, 32, 6, 7, 32, 32, 7, 33, 7, 8, 33, 33, 8, 34, 8, 9, 34, 34, 9, 35, 9, 10, 35, 35, 10, 36, 10, 11, 36, 36, 11, 37, 11, 12, 37, 37, 12, 38, 12, 13, 38, 38, 13, 39, 13, 14, 39, 39, 14, 40, 14, 15, 40, 40, 15, 41, 15, 16, 41, 41, 16, 42, 16, 17, 42, 42, 17, 43, 17, 18, 43, 43, 18, 44, 18, 19, 44, 44, 19, 45, 19, 20, 45, 45, 20, 46, 20, 21, 46, 46, 21, 47, 21, 22, 47, 47, 22, 48, 22, 23, 48, 48, 23, 49, 23, 24, 49, 50, 25, 51, 25, 26, 51, 51, 26, 52, 26, 27, 52, 52, 27, 53, 27, 28, 53, 53, 28, 54, 28, 29, 54, 54, 29, 55, 29, 30, 55, 55, 30, 56, 30, 31, 56, 56, 31, 57, 31, 32, 57, 57, 32, 58, 32, 33, 58, 58, 33, 59, 33, 34, 59, 59, 34, 60, 34, 35, 60, 60, 35, 61, 35, 36, 61, 61, 36, 62, 36, 37, 62, 62, 37, 63, 37, 38, 63, 63, 38, 64, 38, 39, 64, 64, 39, 65, 39, 40, 65, 65, 40, 66, 40, 41, 66, 66, 41, 67, 41, 42, 67, 67, 42, 68, 42, 43, 68, 68, 43, 69, 43, 44, 69, 69, 44, 70, 44, 45, 70, 70, 45, 71, 45, 46, 71, 71, 46, 72, 46, 47, 72, 72, 47, 73, 47, 48, 73, 73, 48, 74, 48, 49, 74, 75, 50, 76, 50, 51, 76, 76, 51, 77, 51, 52, 77, 77, 52, 78, 52, 53, 78, 78, 53, 79, 53, 54, 79, 79, 54, 80, 54, 55, 80, 80, 55, 81, 55, 56, 81, 81, 56, 82, 56, 57, 82, 82, 57, 83, 57, 58, 83, 83, 58, 84, 58, 59, 84, 84, 59, 85, 59, 60, 85, 85, 60, 86, 60, 61, 86, 86, 61, 87, 61, 62, 87, 87, 62, 88, 62, 63, 88, 88, 63, 89, 63, 64, 89, 89, 64, 90, 64, 65, 90, 90, 65, 91, 65, 66, 91, 91, 66, 92, 66, 67, 92, 92, 67, 93, 67, 68, 93, 93, 68, 94, 68, 69, 94, 94, 69, 95, 69, 70, 95, 95, 70, 96, 70, 71, 96, 96, 71, 97, 71, 72, 97, 97, 72, 98, 72, 73, 98, 98, 73, 99, 73, 74, 99, 100, 75, 101, 75, 76, 101, 101, 76, 102, 76, 77, 102, 102, 77, 103, 77, 78, 103, 103, 78, 104, 78, 79, 104, 104, 79, 105, 79, 80, 105, 105, 80, 106, 80, 81, 106, 106, 81, 107, 81, 82, 107, 107, 82, 108, 82, 83, 108, 108, 83, 109, 83, 84, 109, 109, 84, 110, 84, 85, 110, 110, 85, 111, 85, 86, 111, 111, 86, 112, 86, 87, 112, 112, 87, 113, 87, 88, 113, 113, 88, 114, 88, 89, 114, 114, 89, 115, 89, 90, 115, 115, 90, 116, 90, 91, 116, 116, 91, 117, 91, 92, 117, 117, 92, 118, 92, 93, 118, 118, 93, 119, 93, 94, 119, 119, 94, 120, 94, 95, 120, 120, 95, 121, 95, 96, 121, 121, 96, 122, 96, 97, 122, 122, 97, 123, 97, 98, 123, 123, 98, 124, 98, 99, 124, 125, 100, 126, 100, 101, 126, 126, 101, 127, 101, 102, 127, 127, 102, 128, 102, 103, 128, 128, 103, 129, 103, 104, 129, 129, 104, 130, 104, 105, 130, 130, 105, 131, 105, 106, 131, 131, 106, 132, 106, 107, 132, 132, 107, 133, 107, 108, 133, 133, 108, 134, 108, 109, 134, 134, 109, 135, 109, 110, 135, 135, 110, 136, 110, 111, 136, 136, 111, 137, 111, 112, 137, 137, 112, 138, 112, 113, 138, 138, 113, 139, 113, 114, 139, 139, 114, 140, 114, 115, 140, 140, 115, 141, 115, 116, 141, 141, 116, 142, 116, 117, 142, 142, 117, 143, 117, 118, 143, 143, 118, 144, 118, 119, 144, 144, 119, 145, 119, 120, 145, 145, 120, 146, 120, 121, 146, 146, 121, 147, 121, 122, 147, 147, 122, 148, 122, 123, 148, 148, 123, 149, 123, 124, 149, 150, 125, 151, 125, 126, 151, 151, 126, 152, 126, 127, 152, 152, 127, 153, 127, 128, 153, 153, 128, 154, 128, 129, 154, 154, 129, 155, 129, 130, 155, 155, 130, 156, 130, 131, 156, 156, 131, 157, 131, 132, 157, 157, 132, 158, 132, 133, 158, 158, 133, 159, 133, 134, 159, 159, 134, 160, 134, 135, 160, 160, 135, 161, 135, 136, 161, 161, 136, 162, 136, 137, 162, 162, 137, 163, 137, 138, 163, 163, 138, 164, 138, 139, 164, 164, 139, 165, 139, 140, 165, 165, 140, 166, 140, 141, 166, 166, 141, 167, 141, 142, 167, 167, 142, 168, 142, 143, 168, 168, 143, 169, 143, 144, 169, 169, 144, 170, 144, 145, 170, 170, 145, 171, 145, 146, 171, 171, 146, 172, 146, 147, 172, 172, 147, 173, 147, 148, 173, 173, 148, 174, 148, 149, 174, 175, 150, 176, 150, 151, 176, 176, 151, 177, 151, 152, 177, 177, 152, 178, 152, 153, 178, 178, 153, 179, 153, 154, 179, 179, 154, 180, 154, 155, 180, 180, 155, 181, 155, 156, 181, 181, 156, 182, 156, 157, 182, 182, 157, 183, 157, 158, 183, 183, 158, 184, 158, 159, 184, 184, 159, 185, 159, 160, 185, 185, 160, 186, 160, 161, 186, 186, 161, 187, 161, 162, 187, 187, 162, 188, 162, 163, 188, 188, 163, 189, 163, 164, 189, 189, 164, 190, 164, 165, 190, 190, 165, 191, 165, 166, 191, 191, 166, 192, 166, 167, 192, 192, 167, 193, 167, 168, 193, 193, 168, 194, 168, 169, 194, 194, 169, 195, 169, 170, 195, 195, 170, 196, 170, 171, 196, 196, 171, 197, 171, 172, 197, 197, 172, 198, 172, 173, 198, 198, 173, 199, 173, 174, 199, 200, 175, 201, 175, 176, 201, 201, 176, 202, 176, 177, 202, 202, 177, 203, 177, 178, 203, 203, 178, 204, 178, 179, 204, 204, 179, 205, 179, 180, 205, 205, 180, 206, 180, 181, 206, 206, 181, 207, 181, 182, 207, 207, 182, 208, 182, 183, 208, 208, 183, 209, 183, 184, 209, 209, 184, 210, 184, 185, 210, 210, 185, 211, 185, 186, 211, 211, 186, 212, 186, 187, 212, 212, 187, 213, 187, 188, 213, 213, 188, 214, 188, 189, 214, 214, 189, 215, 189, 190, 215, 215, 190, 216, 190, 191, 216, 216, 191, 217, 191, 192, 217, 217, 192, 218, 192, 193, 218, 218, 193, 219, 193, 194, 219, 219, 194, 220, 194, 195, 220, 220, 195, 221, 195, 196, 221, 221, 196, 222, 196, 197, 222, 222, 197, 223, 197, 198, 223, 223, 198, 224, 198, 199, 224]
                rel material:binding = </root/_materials/Material_3_019>
                normal3f[] normals = [(0.70710933, -0.7071044, 0.000011637807), (1, -0.000027388334, 0.00002007559), (0.68301606, -0.70710266, 0.18301621), (1, -0.000027388334, 0.00002007559), (0.96592087, -0.000018656254, 0.2588376), (0.68301606, -0.70710266, 0.18301621), (0.68301606, -0.70710266, 0.18301621), (0.96592087, -0.000018656254, 0.2588376), (0.61237496, -0.7071024, 0.35355762), (0.96592087, -0.000018656254, 0.2588376), (0.866016, -0.000017821789, 0.5000164), (0.61237496, -0.7071024, 0.35355762), (0.61237496, -0.7071024, 0.35355762), (0.866016, -0.000017821789, 0.5000164), (0.50000125, -0.7071025, 0.5000048), (0.866016, -0.000017821789, 0.5000164), (0.7070931, -0.000018000603, 0.7071204), (0.50000125, -0.7071025, 0.5000048), (0.50000125, -0.7071025, 0.5000048), (0.7070931, -0.000018000603, 0.7071204), (0.35355353, -0.70710254, 0.61237735), (0.7070931, -0.000018000603, 0.7071204), (0.4999836, -0.000018119812, 0.86603487), (0.35355353, -0.70710254, 0.61237735), (0.35355353, -0.70710254, 0.61237735), (0.4999836, -0.000018119812, 0.86603487), (0.18301143, -0.7071025, 0.68301755), (0.4999836, -0.000018119812, 0.86603487), (0.2588005, -0.000018239021, 0.9659308), (0.18301143, -0.7071025, 0.68301755), (0.18301143, -0.7071025, 0.68301755), (0.2588005, -0.000018239021, 0.9659308), (-0.0000024670735, -0.7071025, 0.707111), (0.2588005, -0.000018239021, 0.9659308), (-0.000019205734, -0.000018268824, 0.99999994), (-0.0000024670735, -0.7071025, 0.707111), (-0.0000024670735, -0.7071025, 0.707111), (-0.000019205734, -0.000018268824, 0.99999994), (-0.18301632, -0.7071025, 0.68301624), (-0.000019205734, -0.000018268824, 0.99999994), (-0.25883764, -0.000018119812, 0.9659208), (-0.18301632, -0.7071025, 0.68301624), (-0.18301632, -0.7071025, 0.68301624), (-0.25883764, -0.000018119812, 0.9659208), (-0.35355756, -0.70710266, 0.61237484), (-0.25883764, -0.000018119812, 0.9659208), (-0.50001657, -0.000018239021, 0.8660158), (-0.35355756, -0.70710266, 0.61237484), (-0.35355756, -0.70710266, 0.61237484), (-0.50001657, -0.000018239021, 0.8660158), (-0.50000495, -0.70710224, 0.5000015), (-0.50001657, -0.000018239021, 0.8660158), (-0.7071203, -0.000017493963, 0.70709324), (-0.50000495, -0.70710224, 0.5000015), (-0.50000495, -0.70710224, 0.5000015), (-0.7071203, -0.000017493963, 0.70709324), (-0.6123771, -0.70710284, 0.35355327), (-0.7071203, -0.000017493963, 0.70709324), (-0.866035, -0.000018894672, 0.4999834), (-0.6123771, -0.70710284, 0.35355327), (-0.6123771, -0.70710284, 0.35355327), (-0.866035, -0.000018894672, 0.4999834), (-0.68301743, -0.7071026, 0.18301141), (-0.866035, -0.000018894672, 0.4999834), (-0.9659308, -0.000018239021, 0.25880063), (-0.68301743, -0.7071026, 0.18301141), (-0.68301743, -0.7071026, 0.18301141), (-0.9659308, -0.000018239021, 0.25880063), (-0.7071112, -0.7071024, -0.000002478715), (-0.9659308, -0.000018239021, 0.25880063), (-1, -0.000018239021, -0.00001916103), (-0.7071112, -0.7071024, -0.000002478715), (-0.7071112, -0.7071024, -0.000002478715), (-1, -0.000018239021, -0.00001916103), (-0.68301606, -0.70710266, -0.18301621), (-1, -0.000018239021, -0.00001916103), (-0.96592087, -0.000018656254, -0.2588376), (-0.68301606, -0.70710266, -0.18301621), (-0.68301606, -0.70710266, -0.18301621), (-0.96592087, -0.000018656254, -0.2588376), (-0.61237496, -0.7071024, -0.35355762), (-0.96592087, -0.000018656254, -0.2588376), (-0.866016, -0.000017821789, -0.5000164), (-0.61237496, -0.7071024, -0.35355762), (-0.61237496, -0.7071024, -0.35355762), (-0.866016, -0.000017821789, -0.5000164), (-0.50000125, -0.7071025, -0.5000048), (-0.866016, -0.000017821789, -0.5000164), (-0.7070931, -0.000018000603, -0.7071204), (-0.50000125, -0.7071025, -0.5000048), (-0.50000125, -0.7071025, -0.5000048), (-0.7070931, -0.000018000603, -0.7071204), (-0.35355353, -0.70710254, -0.61237735), (-0.7070931, -0.000018000603, -0.7071204), (-0.4999836, -0.000018119812, -0.86603487), (-0.35355353, -0.70710254, -0.61237735), (-0.35355353, -0.70710254, -0.61237735), (-0.4999836, -0.000018119812, -0.86603487), (-0.18301143, -0.7071025, -0.68301755), (-0.4999836, -0.000018119812, -0.86603487), (-0.2588005, -0.000018239021, -0.9659308), (-0.18301143, -0.7071025, -0.68301755), (-0.18301143, -0.7071025, -0.68301755), (-0.2588005, -0.000018239021, -0.9659308), (0.0000024670735, -0.7071025, -0.707111), (-0.2588005, -0.000018239021, -0.9659308), (0.000019205734, -0.000018268824, -0.99999994), (0.0000024670735, -0.7071025, -0.707111), (0.0000024670735, -0.7071025, -0.707111), (0.000019205734, -0.000018268824, -0.99999994), (0.18301632, -0.7071025, -0.68301624), (0.000019205734, -0.000018268824, -0.99999994), (0.25883764, -0.000018119812, -0.9659208), (0.18301632, -0.7071025, -0.68301624), (0.18301632, -0.7071025, -0.68301624), (0.25883764, -0.000018119812, -0.9659208), (0.35355756, -0.70710266, -0.61237484), (0.25883764, -0.000018119812, -0.9659208), (0.50001657, -0.000018239021, -0.8660158), (0.35355756, -0.70710266, -0.61237484), (0.35355756, -0.70710266, -0.61237484), (0.50001657, -0.000018239021, -0.8660158), (0.50000495, -0.70710224, -0.5000015), (0.50001657, -0.000018239021, -0.8660158), (0.7071203, -0.000017493963, -0.70709324), (0.50000495, -0.70710224, -0.5000015), (0.50000495, -0.70710224, -0.5000015), (0.7071203, -0.000017493963, -0.70709324), (0.6123771, -0.70710284, -0.35355327), (0.7071203, -0.000017493963, -0.70709324), (0.866035, -0.000018894672, -0.4999834), (0.6123771, -0.70710284, -0.35355327), (0.6123771, -0.70710284, -0.35355327), (0.866035, -0.000018894672, -0.4999834), (0.68301743, -0.7071026, -0.18301141), (0.866035, -0.000018894672, -0.4999834), (0.9659308, -0.000018239021, -0.25880063), (0.68301743, -0.7071026, -0.18301141), (0.68301743, -0.7071026, -0.18301141), (0.9659308, -0.000018239021, -0.25880063), (0.7071108, -0.7071027, -0.000031791627), (0.9659308, -0.000018239021, -0.25880063), (0.99999994, -0.000033019576, -0.0000051036477), (0.7071108, -0.7071027, -0.000031791627), (0.000031879088, -1, 0.0000038994476), (0.70710933, -0.7071044, 0.000011637807), (6.183982e-7, -0.99999994, -0.0000016819686), (0.70710933, -0.7071044, 0.000011637807), (0.68301606, -0.70710266, 0.18301621), (6.183982e-7, -0.99999994, -0.0000016819686), (6.183982e-7, -0.99999994, -0.0000016819686), (0.68301606, -0.70710266, 0.18301621), (4.2282045e-7, -1, -0.0000018076971), (0.68301606, -0.70710266, 0.18301621), (0.61237496, -0.7071024, 0.35355762), (4.2282045e-7, -1, -0.0000018076971), (4.2282045e-7, -1, -0.0000018076971), (0.61237496, -0.7071024, 0.35355762), (0.0000011455268, -0.99999994, -0.0000013932586), (0.61237496, -0.7071024, 0.35355762), (0.50000125, -0.7071025, 0.5000048), (0.0000011455268, -0.99999994, -0.0000013932586), (0.0000011455268, -0.99999994, -0.0000013932586), (0.50000125, -0.7071025, 0.5000048), (0.0000014789402, -0.99999994, -9.3877316e-7), (0.50000125, -0.7071025, 0.5000048), (0.35355353, -0.70710254, 0.61237735), (0.0000014789402, -0.99999994, -9.3877316e-7), (0.0000014789402, -0.99999994, -9.3877316e-7), (0.35355353, -0.70710254, 0.61237735), (0.0000018076971, -0.99999994, -3.2410026e-7), (0.35355353, -0.70710254, 0.61237735), (0.18301143, -0.7071025, 0.68301755), (0.0000018076971, -0.99999994, -3.2410026e-7), (0.0000018076971, -0.99999994, -3.2410026e-7), (0.18301143, -0.7071025, 0.68301755), (0.0000018179417, -0.99999994, 1.4156103e-7), (0.18301143, -0.7071025, 0.68301755), (-0.0000024670735, -0.7071025, 0.707111), (0.0000018179417, -0.99999994, 1.4156103e-7), (0.0000018179417, -0.99999994, 1.4156103e-7), (-0.0000024670735, -0.7071025, 0.707111), (0.0000016358681, -0.99999994, 5.9977174e-7), (-0.0000024670735, -0.7071025, 0.707111), (-0.18301632, -0.7071025, 0.68301624), (0.0000016358681, -0.99999994, 5.9977174e-7), (0.0000016358681, -0.99999994, 5.9977174e-7), (-0.18301632, -0.7071025, 0.68301624), (0.0000017425045, -0.9999999, 6.053597e-7), (-0.18301632, -0.7071025, 0.68301624), (-0.35355756, -0.70710266, 0.61237484), (0.0000017425045, -0.9999999, 6.053597e-7), (0.0000017425045, -0.9999999, 6.053597e-7), (-0.35355756, -0.70710266, 0.61237484), (0.0000014081597, -0.99999994, 0.0000011734664), (-0.35355756, -0.70710266, 0.61237484), (-0.50000495, -0.70710224, 0.5000015), (0.0000014081597, -0.99999994, 0.0000011734664), (0.0000014081597, -0.99999994, 0.0000011734664), (-0.50000495, -0.70710224, 0.5000015), (0.0000010263175, -0.99999994, 0.0000015124679), (-0.50000495, -0.70710224, 0.5000015), (-0.6123771, -0.70710284, 0.35355327), (0.0000010263175, -0.99999994, 0.0000015124679), (0.0000010263175, -0.99999994, 0.0000015124679), (-0.6123771, -0.70710284, 0.35355327), (5.4202974e-7, -0.99999994, 0.0000016419217), (-0.6123771, -0.70710284, 0.35355327), (-0.68301743, -0.7071026, 0.18301141), (5.4202974e-7, -0.99999994, 0.0000016419217), (5.4202974e-7, -0.99999994, 0.0000016419217), (-0.68301743, -0.7071026, 0.18301141), (-1.8626451e-7, -0.99999994, 0.0000017792918), (-0.68301743, -0.7071026, 0.18301141), (-0.7071112, -0.7071024, -0.000002478715), (-1.8626451e-7, -0.99999994, 0.0000017792918), (-1.8626451e-7, -0.99999994, 0.0000017792918), (-0.7071112, -0.7071024, -0.000002478715), (-6.183982e-7, -0.99999994, 0.0000016819686), (-0.7071112, -0.7071024, -0.000002478715), (-0.68301606, -0.70710266, -0.18301621), (-6.183982e-7, -0.99999994, 0.0000016819686), (-6.183982e-7, -0.99999994, 0.0000016819686), (-0.68301606, -0.70710266, -0.18301621), (-4.2282045e-7, -1, 0.0000018076971), (-0.68301606, -0.70710266, -0.18301621), (-0.61237496, -0.7071024, -0.35355762), (-4.2282045e-7, -1, 0.0000018076971), (-4.2282045e-7, -1, 0.0000018076971), (-0.61237496, -0.7071024, -0.35355762), (-0.0000011455268, -0.99999994, 0.0000013932586), (-0.61237496, -0.7071024, -0.35355762), (-0.50000125, -0.7071025, -0.5000048), (-0.0000011455268, -0.99999994, 0.0000013932586), (-0.0000011455268, -0.99999994, 0.0000013932586), (-0.50000125, -0.7071025, -0.5000048), (-0.0000014789402, -0.99999994, 9.3877316e-7), (-0.50000125, -0.7071025, -0.5000048), (-0.35355353, -0.70710254, -0.61237735), (-0.0000014789402, -0.99999994, 9.3877316e-7), (-0.0000014789402, -0.99999994, 9.3877316e-7), (-0.35355353, -0.70710254, -0.61237735), (-0.0000018076971, -0.99999994, 3.2410026e-7), (-0.35355353, -0.70710254, -0.61237735), (-0.18301143, -0.7071025, -0.68301755), (-0.0000018076971, -0.99999994, 3.2410026e-7), (-0.0000018076971, -0.99999994, 3.2410026e-7), (-0.18301143, -0.7071025, -0.68301755), (-0.0000018179417, -0.99999994, -1.4156103e-7), (-0.18301143, -0.7071025, -0.68301755), (0.0000024670735, -0.7071025, -0.707111), (-0.0000018179417, -0.99999994, -1.4156103e-7), (-0.0000018179417, -0.99999994, -1.4156103e-7), (0.0000024670735, -0.7071025, -0.707111), (-0.0000016358681, -0.99999994, -5.9977174e-7), (0.0000024670735, -0.7071025, -0.707111), (0.18301632, -0.7071025, -0.68301624), (-0.0000016358681, -0.99999994, -5.9977174e-7), (-0.0000016358681, -0.99999994, -5.9977174e-7), (0.18301632, -0.7071025, -0.68301624), (-0.0000017425045, -0.9999999, -6.053597e-7), (0.18301632, -0.7071025, -0.68301624), (0.35355756, -0.70710266, -0.61237484), (-0.0000017425045, -0.9999999, -6.053597e-7), (-0.0000017425045, -0.9999999, -6.053597e-7), (0.35355756, -0.70710266, -0.61237484), (-0.0000014081597, -0.99999994, -0.0000011734664), (0.35355756, -0.70710266, -0.61237484), (0.50000495, -0.70710224, -0.5000015), (-0.0000014081597, -0.99999994, -0.0000011734664), (-0.0000014081597, -0.99999994, -0.0000011734664), (0.50000495, -0.70710224, -0.5000015), (-0.0000010263175, -0.99999994, -0.0000015124679), (0.50000495, -0.70710224, -0.5000015), (0.6123771, -0.70710284, -0.35355327), (-0.0000010263175, -0.99999994, -0.0000015124679), (-0.0000010263175, -0.99999994, -0.0000015124679), (0.6123771, -0.70710284, -0.35355327), (-5.4202974e-7, -0.99999994, -0.0000016419217), (0.6123771, -0.70710284, -0.35355327), (0.68301743, -0.7071026, -0.18301141), (-5.4202974e-7, -0.99999994, -0.0000016419217), (-5.4202974e-7, -0.99999994, -0.0000016419217), (0.68301743, -0.7071026, -0.18301141), (0.00003323535, -0.99999994, -0.000006923452), (0.68301743, -0.7071026, -0.18301141), (0.7071108, -0.7071027, -0.000031791627), (0.00003323535, -0.99999994, -0.000006923452), (-0.70710284, -0.7071106, -0.000031150877), (0.000031879088, -1, 0.0000038994476), (-0.6830106, -0.707109, -0.18301249), (0.000031879088, -1, 0.0000038994476), (6.183982e-7, -0.99999994, -0.0000016819686), (-0.6830106, -0.707109, -0.18301249), (-0.6830106, -0.707109, -0.18301249), (6.183982e-7, -0.99999994, -0.0000016819686), (-0.61237043, -0.7071089, -0.35355264), (6.183982e-7, -0.99999994, -0.0000016819686), (4.2282045e-7, -1, -0.0000018076971), (-0.61237043, -0.7071089, -0.35355264), (-0.61237043, -0.7071089, -0.35355264), (4.2282045e-7, -1, -0.0000018076971), (-0.49999818, -0.70710903, -0.49999857), (4.2282045e-7, -1, -0.0000018076971), (0.0000011455268, -0.99999994, -0.0000013932586), (-0.49999818, -0.70710903, -0.49999857), (-0.49999818, -0.70710903, -0.49999857), (0.0000011455268, -0.99999994, -0.0000013932586), (-0.35355213, -0.707109, -0.6123707), (0.0000011455268, -0.99999994, -0.0000013932586), (0.0000014789402, -0.99999994, -9.3877316e-7), (-0.35355213, -0.707109, -0.6123707), (-0.35355213, -0.707109, -0.6123707), (0.0000014789402, -0.99999994, -9.3877316e-7), (-0.18301181, -0.70710886, -0.6830108), (0.0000014789402, -0.99999994, -9.3877316e-7), (0.0000018076971, -0.99999994, -3.2410026e-7), (-0.18301181, -0.70710886, -0.6830108), (-0.18301181, -0.70710886, -0.6830108), (0.0000018076971, -0.99999994, -3.2410026e-7), (2.195593e-7, -0.7071092, -0.7071044), (0.0000018076971, -0.99999994, -3.2410026e-7), (0.0000018179417, -0.99999994, 1.4156103e-7), (2.195593e-7, -0.7071092, -0.7071044), (2.195593e-7, -0.7071092, -0.7071044), (0.0000018179417, -0.99999994, 1.4156103e-7), (0.18301257, -0.7071088, -0.6830106), (0.0000018179417, -0.99999994, 1.4156103e-7), (0.0000016358681, -0.99999994, 5.9977174e-7), (0.18301257, -0.7071088, -0.6830106), (0.18301257, -0.7071088, -0.6830106), (0.0000016358681, -0.99999994, 5.9977174e-7), (0.35355258, -0.7071089, -0.6123705), (0.0000016358681, -0.99999994, 5.9977174e-7), (0.0000017425045, -0.9999999, 6.053597e-7), (0.35355258, -0.7071089, -0.6123705), (0.35355258, -0.7071089, -0.6123705), (0.0000017425045, -0.9999999, 6.053597e-7), (0.49999836, -0.7071093, -0.49999818), (0.0000017425045, -0.9999999, 6.053597e-7), (0.0000014081597, -0.99999994, 0.0000011734664), (0.49999836, -0.7071093, -0.49999818), (0.49999836, -0.7071093, -0.49999818), (0.0000014081597, -0.99999994, 0.0000011734664), (0.6123706, -0.70710903, -0.353552), (0.0000014081597, -0.99999994, 0.0000011734664), (0.0000010263175, -0.99999994, 0.0000015124679), (0.6123706, -0.70710903, -0.353552), (0.6123706, -0.70710903, -0.353552), (0.0000010263175, -0.99999994, 0.0000015124679), (0.68301094, -0.7071086, -0.1830119), (0.0000010263175, -0.99999994, 0.0000015124679), (5.4202974e-7, -0.99999994, 0.0000016419217), (0.68301094, -0.7071086, -0.1830119), (0.68301094, -0.7071086, -0.1830119), (5.4202974e-7, -0.99999994, 0.0000016419217), (0.70710415, -0.70710945, 1.9883737e-7), (5.4202974e-7, -0.99999994, 0.0000016419217), (-1.8626451e-7, -0.99999994, 0.0000017792918), (0.70710415, -0.70710945, 1.9883737e-7), (0.70710415, -0.70710945, 1.9883737e-7), (-1.8626451e-7, -0.99999994, 0.0000017792918), (0.6830106, -0.707109, 0.18301249), (-1.8626451e-7, -0.99999994, 0.0000017792918), (-6.183982e-7, -0.99999994, 0.0000016819686), (0.6830106, -0.707109, 0.18301249), (0.6830106, -0.707109, 0.18301249), (-6.183982e-7, -0.99999994, 0.0000016819686), (0.61237043, -0.7071089, 0.35355264), (-6.183982e-7, -0.99999994, 0.0000016819686), (-4.2282045e-7, -1, 0.0000018076971), (0.61237043, -0.7071089, 0.35355264), (0.61237043, -0.7071089, 0.35355264), (-4.2282045e-7, -1, 0.0000018076971), (0.49999818, -0.70710903, 0.49999857), (-4.2282045e-7, -1, 0.0000018076971), (-0.0000011455268, -0.99999994, 0.0000013932586), (0.49999818, -0.70710903, 0.49999857), (0.49999818, -0.70710903, 0.49999857), (-0.0000011455268, -0.99999994, 0.0000013932586), (0.35355213, -0.707109, 0.6123707), (-0.0000011455268, -0.99999994, 0.0000013932586), (-0.0000014789402, -0.99999994, 9.3877316e-7), (0.35355213, -0.707109, 0.6123707), (0.35355213, -0.707109, 0.6123707), (-0.0000014789402, -0.99999994, 9.3877316e-7), (0.18301181, -0.70710886, 0.6830108), (-0.0000014789402, -0.99999994, 9.3877316e-7), (-0.0000018076971, -0.99999994, 3.2410026e-7), (0.18301181, -0.70710886, 0.6830108), (0.18301181, -0.70710886, 0.6830108), (-0.0000018076971, -0.99999994, 3.2410026e-7), (-2.195593e-7, -0.7071092, 0.7071044), (-0.0000018076971, -0.99999994, 3.2410026e-7), (-0.0000018179417, -0.99999994, -1.4156103e-7), (-2.195593e-7, -0.7071092, 0.7071044), (-2.195593e-7, -0.7071092, 0.7071044), (-0.0000018179417, -0.99999994, -1.4156103e-7), (-0.18301257, -0.7071088, 0.6830106), (-0.0000018179417, -0.99999994, -1.4156103e-7), (-0.0000016358681, -0.99999994, -5.9977174e-7), (-0.18301257, -0.7071088, 0.6830106), (-0.18301257, -0.7071088, 0.6830106), (-0.0000016358681, -0.99999994, -5.9977174e-7), (-0.35355258, -0.7071089, 0.6123705), (-0.0000016358681, -0.99999994, -5.9977174e-7), (-0.0000017425045, -0.9999999, -6.053597e-7), (-0.35355258, -0.7071089, 0.6123705), (-0.35355258, -0.7071089, 0.6123705), (-0.0000017425045, -0.9999999, -6.053597e-7), (-0.49999836, -0.7071093, 0.49999818), (-0.0000017425045, -0.9999999, -6.053597e-7), (-0.0000014081597, -0.99999994, -0.0000011734664), (-0.49999836, -0.7071093, 0.49999818), (-0.49999836, -0.7071093, 0.49999818), (-0.0000014081597, -0.99999994, -0.0000011734664), (-0.6123706, -0.70710903, 0.353552), (-0.0000014081597, -0.99999994, -0.0000011734664), (-0.0000010263175, -0.99999994, -0.0000015124679), (-0.6123706, -0.70710903, 0.353552), (-0.6123706, -0.70710903, 0.353552), (-0.0000010263175, -0.99999994, -0.0000015124679), (-0.68301094, -0.7071086, 0.1830119), (-0.0000010263175, -0.99999994, -0.0000015124679), (-5.4202974e-7, -0.99999994, -0.0000016419217), (-0.68301094, -0.7071086, 0.1830119), (-0.68301094, -0.7071086, 0.1830119), (-5.4202974e-7, -0.99999994, -0.0000016419217), (-0.70710063, -0.70711285, 0.0000423342), (-5.4202974e-7, -0.99999994, -0.0000016419217), (0.00003323535, -0.99999994, -0.000006923452), (-0.70710063, -0.70711285, 0.0000423342), (-1, -2.4447218e-7, -0.00005286932), (-0.70710284, -0.7071106, -0.000031150877), (-0.96592593, -1.6040147e-7, -0.25881895), (-0.70710284, -0.7071106, -0.000031150877), (-0.6830106, -0.707109, -0.18301249), (-0.96592593, -1.6040147e-7, -0.25881895), (-0.96592593, -1.6040147e-7, -0.25881895), (-0.6830106, -0.707109, -0.18301249), (-0.8660254, -6.015056e-8, -0.50000006), (-0.6830106, -0.707109, -0.18301249), (-0.61237043, -0.7071089, -0.35355264), (-0.8660254, -6.015056e-8, -0.50000006), (-0.8660254, -6.015056e-8, -0.50000006), (-0.61237043, -0.7071089, -0.35355264), (-0.7071067, 1.1027606e-7, -0.7071069), (-0.61237043, -0.7071089, -0.35355264), (-0.49999818, -0.70710903, -0.49999857), (-0.7071067, 1.1027606e-7, -0.7071069), (-0.7071067, 1.1027606e-7, -0.7071069), (-0.49999818, -0.70710903, -0.49999857), (-0.5, -1.0025094e-7, -0.86602545), (-0.49999818, -0.70710903, -0.49999857), (-0.35355213, -0.707109, -0.6123707), (-0.5, -1.0025094e-7, -0.86602545), (-0.5, -1.0025094e-7, -0.86602545), (-0.35355213, -0.707109, -0.6123707), (-0.25881916, 3.0075274e-8, -0.96592575), (-0.35355213, -0.707109, -0.6123707), (-0.18301181, -0.70710886, -0.6830108), (-0.25881916, 3.0075274e-8, -0.96592575), (-0.25881916, 3.0075274e-8, -0.96592575), (-0.18301181, -0.70710886, -0.6830108), (0, 0, -1), (-0.18301181, -0.70710886, -0.6830108), (2.195593e-7, -0.7071092, -0.7071044), (0, 0, -1), (0, 0, -1), (2.195593e-7, -0.7071092, -0.7071044), (0.25881916, -1.0025091e-8, -0.9659258), (2.195593e-7, -0.7071092, -0.7071044), (0.18301257, -0.7071088, -0.6830106), (0.25881916, -1.0025091e-8, -0.9659258), (0.25881916, -1.0025091e-8, -0.9659258), (0.18301257, -0.7071088, -0.6830106), (0.49999997, 1.3032623e-7, -0.86602545), (0.18301257, -0.7071088, -0.6830106), (0.35355258, -0.7071089, -0.6123705), (0.49999997, 1.3032623e-7, -0.86602545), (0.49999997, 1.3032623e-7, -0.86602545), (0.35355258, -0.7071089, -0.6123705), (0.70710677, -1.2030115e-7, -0.7071069), (0.35355258, -0.7071089, -0.6123705), (0.49999836, -0.7071093, -0.49999818), (0.70710677, -1.2030115e-7, -0.7071069), (0.70710677, -1.2030115e-7, -0.7071069), (0.49999836, -0.7071093, -0.49999818), (0.8660254, 0, -0.5), (0.49999836, -0.7071093, -0.49999818), (0.6123706, -0.70710903, -0.353552), (0.8660254, 0, -0.5), (0.8660254, 0, -0.5), (0.6123706, -0.70710903, -0.353552), (0.9659259, 1.7042652e-7, -0.25881895), (0.6123706, -0.70710903, -0.353552), (0.68301094, -0.7071086, -0.1830119), (0.9659259, 1.7042652e-7, -0.25881895), (0.9659259, 1.7042652e-7, -0.25881895), (0.68301094, -0.7071086, -0.1830119), (1, 2.00502e-8, -2.506275e-9), (0.68301094, -0.7071086, -0.1830119), (0.70710415, -0.70710945, 1.9883737e-7), (1, 2.00502e-8, -2.506275e-9), (1, 2.00502e-8, -2.506275e-9), (0.70710415, -0.70710945, 1.9883737e-7), (0.96592593, -1.6040147e-7, 0.25881895), (0.70710415, -0.70710945, 1.9883737e-7), (0.6830106, -0.707109, 0.18301249), (0.96592593, -1.6040147e-7, 0.25881895), (0.96592593, -1.6040147e-7, 0.25881895), (0.6830106, -0.707109, 0.18301249), (0.8660254, -6.015056e-8, 0.50000006), (0.6830106, -0.707109, 0.18301249), (0.61237043, -0.7071089, 0.35355264), (0.8660254, -6.015056e-8, 0.50000006), (0.8660254, -6.015056e-8, 0.50000006), (0.61237043, -0.7071089, 0.35355264), (0.7071067, 1.1027606e-7, 0.7071069), (0.61237043, -0.7071089, 0.35355264), (0.49999818, -0.70710903, 0.49999857), (0.7071067, 1.1027606e-7, 0.7071069), (0.7071067, 1.1027606e-7, 0.7071069), (0.49999818, -0.70710903, 0.49999857), (0.5, -1.0025094e-7, 0.86602545), (0.49999818, -0.70710903, 0.49999857), (0.35355213, -0.707109, 0.6123707), (0.5, -1.0025094e-7, 0.86602545), (0.5, -1.0025094e-7, 0.86602545), (0.35355213, -0.707109, 0.6123707), (0.25881916, 3.0075274e-8, 0.96592575), (0.35355213, -0.707109, 0.6123707), (0.18301181, -0.70710886, 0.6830108), (0.25881916, 3.0075274e-8, 0.96592575), (0.25881916, 3.0075274e-8, 0.96592575), (0.18301181, -0.70710886, 0.6830108), (0, 0, 1), (0.18301181, -0.70710886, 0.6830108), (-2.195593e-7, -0.7071092, 0.7071044), (0, 0, 1), (0, 0, 1), (-2.195593e-7, -0.7071092, 0.7071044), (-0.25881916, -1.0025091e-8, 0.9659258), (-2.195593e-7, -0.7071092, 0.7071044), (-0.18301257, -0.7071088, 0.6830106), (-0.25881916, -1.0025091e-8, 0.9659258), (-0.25881916, -1.0025091e-8, 0.9659258), (-0.18301257, -0.7071088, 0.6830106), (-0.49999997, 1.3032623e-7, 0.86602545), (-0.18301257, -0.7071088, 0.6830106), (-0.35355258, -0.7071089, 0.6123705), (-0.49999997, 1.3032623e-7, 0.86602545), (-0.49999997, 1.3032623e-7, 0.86602545), (-0.35355258, -0.7071089, 0.6123705), (-0.70710677, -1.2030115e-7, 0.7071069), (-0.35355258, -0.7071089, 0.6123705), (-0.49999836, -0.7071093, 0.49999818), (-0.70710677, -1.2030115e-7, 0.7071069), (-0.70710677, -1.2030115e-7, 0.7071069), (-0.49999836, -0.7071093, 0.49999818), (-0.8660254, 0, 0.5), (-0.49999836, -0.7071093, 0.49999818), (-0.6123706, -0.70710903, 0.353552), (-0.8660254, 0, 0.5), (-0.8660254, 0, 0.5), (-0.6123706, -0.70710903, 0.353552), (-0.9659259, 1.7042652e-7, 0.25881895), (-0.6123706, -0.70710903, 0.353552), (-0.68301094, -0.7071086, 0.1830119), (-0.9659259, 1.7042652e-7, 0.25881895), (-0.9659259, 1.7042652e-7, 0.25881895), (-0.68301094, -0.7071086, 0.1830119), (-1, 2.8405339e-7, 0.00005286932), (-0.68301094, -0.7071086, 0.1830119), (-0.70710063, -0.70711285, 0.0000423342), (-1, 2.8405339e-7, 0.00005286932), (-0.70710063, 0.70711285, -0.00004232675), (-1, -2.4447218e-7, -0.00005286932), (-0.68301064, 0.70710874, -0.18301274), (-1, -2.4447218e-7, -0.00005286932), (-0.96592593, -1.6040147e-7, -0.25881895), (-0.68301064, 0.70710874, -0.18301274), (-0.68301064, 0.70710874, -0.18301274), (-0.96592593, -1.6040147e-7, -0.25881895), (-0.6123702, 0.7071091, -0.35355273), (-0.96592593, -1.6040147e-7, -0.25881895), (-0.8660254, -6.015056e-8, -0.50000006), (-0.6123702, 0.7071091, -0.35355273), (-0.6123702, 0.7071091, -0.35355273), (-0.8660254, -6.015056e-8, -0.50000006), (-0.49999776, 0.70710915, -0.49999875), (-0.8660254, -6.015056e-8, -0.50000006), (-0.7071067, 1.1027606e-7, -0.7071069), (-0.49999776, 0.70710915, -0.49999875), (-0.49999776, 0.70710915, -0.49999875), (-0.7071067, 1.1027606e-7, -0.7071069), (-0.3535518, 0.707109, -0.6123708), (-0.7071067, 1.1027606e-7, -0.7071069), (-0.5, -1.0025094e-7, -0.86602545), (-0.3535518, 0.707109, -0.6123708), (-0.3535518, 0.707109, -0.6123708), (-0.5, -1.0025094e-7, -0.86602545), (-0.18301174, 0.7071088, -0.6830108), (-0.5, -1.0025094e-7, -0.86602545), (-0.25881916, 3.0075274e-8, -0.96592575), (-0.18301174, 0.7071088, -0.6830108), (-0.18301174, 0.7071088, -0.6830108), (-0.25881916, 3.0075274e-8, -0.96592575), (6.237533e-7, 0.7071092, -0.7071043), (-0.25881916, 3.0075274e-8, -0.96592575), (0, 0, -1), (6.237533e-7, 0.7071092, -0.7071043), (6.237533e-7, 0.7071092, -0.7071043), (0, 0, -1), (0.18301266, 0.7071088, -0.6830106), (0, 0, -1), (0.25881916, -1.0025091e-8, -0.9659258), (0.18301266, 0.7071088, -0.6830106), (0.18301266, 0.7071088, -0.6830106), (0.25881916, -1.0025091e-8, -0.9659258), (0.35355282, 0.7071089, -0.6123703), (0.25881916, -1.0025091e-8, -0.9659258), (0.49999997, 1.3032623e-7, -0.86602545), (0.35355282, 0.7071089, -0.6123703), (0.35355282, 0.7071089, -0.6123703), (0.49999997, 1.3032623e-7, -0.86602545), (0.49999875, 0.70710915, -0.49999794), (0.49999997, 1.3032623e-7, -0.86602545), (0.70710677, -1.2030115e-7, -0.7071069), (0.49999875, 0.70710915, -0.49999794), (0.49999875, 0.70710915, -0.49999794), (0.70710677, -1.2030115e-7, -0.7071069), (0.61237085, 0.70710886, -0.35355186), (0.70710677, -1.2030115e-7, -0.7071069), (0.8660254, 0, -0.5), (0.61237085, 0.70710886, -0.35355186), (0.61237085, 0.70710886, -0.35355186), (0.8660254, 0, -0.5), (0.6830109, 0.70710886, -0.18301171), (0.8660254, 0, -0.5), (0.9659259, 1.7042652e-7, -0.25881895), (0.6830109, 0.70710886, -0.18301171), (0.6830109, 0.70710886, -0.18301171), (0.9659259, 1.7042652e-7, -0.25881895), (0.70710415, 0.70710945, 6.4098276e-7), (0.9659259, 1.7042652e-7, -0.25881895), (1, 2.00502e-8, -2.506275e-9), (0.70710415, 0.70710945, 6.4098276e-7), (0.70710415, 0.70710945, 6.4098276e-7), (1, 2.00502e-8, -2.506275e-9), (0.68301064, 0.70710874, 0.18301274), (1, 2.00502e-8, -2.506275e-9), (0.96592593, -1.6040147e-7, 0.25881895), (0.68301064, 0.70710874, 0.18301274), (0.68301064, 0.70710874, 0.18301274), (0.96592593, -1.6040147e-7, 0.25881895), (0.6123702, 0.7071091, 0.35355273), (0.96592593, -1.6040147e-7, 0.25881895), (0.8660254, -6.015056e-8, 0.50000006), (0.6123702, 0.7071091, 0.35355273), (0.6123702, 0.7071091, 0.35355273), (0.8660254, -6.015056e-8, 0.50000006), (0.49999776, 0.70710915, 0.49999875), (0.8660254, -6.015056e-8, 0.50000006), (0.7071067, 1.1027606e-7, 0.7071069), (0.49999776, 0.70710915, 0.49999875), (0.49999776, 0.70710915, 0.49999875), (0.7071067, 1.1027606e-7, 0.7071069), (0.3535518, 0.707109, 0.6123708), (0.7071067, 1.1027606e-7, 0.7071069), (0.5, -1.0025094e-7, 0.86602545), (0.3535518, 0.707109, 0.6123708), (0.3535518, 0.707109, 0.6123708), (0.5, -1.0025094e-7, 0.86602545), (0.18301174, 0.7071088, 0.6830108), (0.5, -1.0025094e-7, 0.86602545), (0.25881916, 3.0075274e-8, 0.96592575), (0.18301174, 0.7071088, 0.6830108), (0.18301174, 0.7071088, 0.6830108), (0.25881916, 3.0075274e-8, 0.96592575), (-6.237533e-7, 0.7071092, 0.7071043), (0.25881916, 3.0075274e-8, 0.96592575), (0, 0, 1), (-6.237533e-7, 0.7071092, 0.7071043), (-6.237533e-7, 0.7071092, 0.7071043), (0, 0, 1), (-0.18301266, 0.7071088, 0.6830106), (0, 0, 1), (-0.25881916, -1.0025091e-8, 0.9659258), (-0.18301266, 0.7071088, 0.6830106), (-0.18301266, 0.7071088, 0.6830106), (-0.25881916, -1.0025091e-8, 0.9659258), (-0.35355282, 0.7071089, 0.6123703), (-0.25881916, -1.0025091e-8, 0.9659258), (-0.49999997, 1.3032623e-7, 0.86602545), (-0.35355282, 0.7071089, 0.6123703), (-0.35355282, 0.7071089, 0.6123703), (-0.49999997, 1.3032623e-7, 0.86602545), (-0.49999875, 0.70710915, 0.49999794), (-0.49999997, 1.3032623e-7, 0.86602545), (-0.70710677, -1.2030115e-7, 0.7071069), (-0.49999875, 0.70710915, 0.49999794), (-0.49999875, 0.70710915, 0.49999794), (-0.70710677, -1.2030115e-7, 0.7071069), (-0.61237085, 0.70710886, 0.35355186), (-0.70710677, -1.2030115e-7, 0.7071069), (-0.8660254, 0, 0.5), (-0.61237085, 0.70710886, 0.35355186), (-0.61237085, 0.70710886, 0.35355186), (-0.8660254, 0, 0.5), (-0.6830109, 0.70710886, 0.18301171), (-0.8660254, 0, 0.5), (-0.9659259, 1.7042652e-7, 0.25881895), (-0.6830109, 0.70710886, 0.18301171), (-0.6830109, 0.70710886, 0.18301171), (-0.9659259, 1.7042652e-7, 0.25881895), (-0.7071029, 0.70711076, 0.000031150877), (-0.9659259, 1.7042652e-7, 0.25881895), (-1, 2.8405339e-7, 0.00005286932), (-0.7071029, 0.70711076, 0.000031150877), (0.000033609904, 0.99999994, 0.0000038952567), (-0.70710063, 0.70711285, -0.00004232675), (-9.23872e-7, 0.99999994, 0.000002216082), (-0.70710063, 0.70711285, -0.00004232675), (-0.68301064, 0.70710874, -0.18301274), (-9.23872e-7, 0.99999994, 0.000002216082), (-9.23872e-7, 0.99999994, 0.000002216082), (-0.68301064, 0.70710874, -0.18301274), (-0.0000013634562, 0.99999994, 0.0000020517036), (-0.68301064, 0.70710874, -0.18301274), (-0.6123702, 0.7071091, -0.35355273), (-0.0000013634562, 0.99999994, 0.0000020517036), (-0.0000013634562, 0.99999994, 0.0000020517036), (-0.6123702, 0.7071091, -0.35355273), (-0.000001879409, 0.99999994, 0.0000016335398), (-0.6123702, 0.7071091, -0.35355273), (-0.49999776, 0.70710915, -0.49999875), (-0.000001879409, 0.99999994, 0.0000016335398), (-0.000001879409, 0.99999994, 0.0000016335398), (-0.49999776, 0.70710915, -0.49999875), (-0.0000022668391, 0.99999994, 9.592623e-7), (-0.49999776, 0.70710915, -0.49999875), (-0.3535518, 0.707109, -0.6123708), (-0.0000022668391, 0.99999994, 9.592623e-7), (-0.0000022668391, 0.99999994, 9.592623e-7), (-0.3535518, 0.707109, -0.6123708), (-0.0000022798777, 0.99999994, 7.748604e-7), (-0.3535518, 0.707109, -0.6123708), (-0.18301174, 0.7071088, -0.6830108), (-0.0000022798777, 0.99999994, 7.748604e-7), (-0.0000022798777, 0.99999994, 7.748604e-7), (-0.18301174, 0.7071088, -0.6830108), (-0.0000024605542, 0.99999994, 1.6391277e-7), (-0.18301174, 0.7071088, -0.6830108), (6.237533e-7, 0.7071092, -0.7071043), (-0.0000024605542, 0.99999994, 1.6391277e-7), (-0.0000024605542, 0.99999994, 1.6391277e-7), (6.237533e-7, 0.7071092, -0.7071043), (-0.000002425164, 0.99999994, -5.1036477e-7), (6.237533e-7, 0.7071092, -0.7071043), (0.18301266, 0.7071088, -0.6830106), (-0.000002425164, 0.99999994, -5.1036477e-7), (-0.000002425164, 0.99999994, -5.1036477e-7), (0.18301266, 0.7071088, -0.6830106), (-0.000002012588, 0.99999994, -0.0000013001263), (0.18301266, 0.7071088, -0.6830106), (0.35355282, 0.7071089, -0.6123703), (-0.000002012588, 0.99999994, -0.0000013001263), (-0.000002012588, 0.99999994, -0.0000013001263), (0.35355282, 0.7071089, -0.6123703), (-0.0000015888363, 0.99999994, -0.0000018626451), (0.35355282, 0.7071089, -0.6123703), (0.49999875, 0.70710915, -0.49999794), (-0.0000015888363, 0.99999994, -0.0000018626451), (-0.0000015888363, 0.99999994, -0.0000018626451), (0.49999875, 0.70710915, -0.49999794), (-8.326024e-7, 0.99999994, -0.0000022873282), (0.49999875, 0.70710915, -0.49999794), (0.61237085, 0.70710886, -0.35355186), (-8.326024e-7, 0.99999994, -0.0000022873282), (-8.326024e-7, 0.99999994, -0.0000022873282), (0.61237085, 0.70710886, -0.35355186), (-9.2200935e-7, 0.99999994, -0.0000023050234), (0.61237085, 0.70710886, -0.35355186), (0.6830109, 0.70710886, -0.18301171), (-9.2200935e-7, 0.99999994, -0.0000023050234), (-9.2200935e-7, 0.99999994, -0.0000023050234), (0.6830109, 0.70710886, -0.18301171), (-1.899898e-7, 0.99999994, -0.0000024363399), (0.6830109, 0.70710886, -0.18301171), (0.70710415, 0.70710945, 6.4098276e-7), (-1.899898e-7, 0.99999994, -0.0000024363399), (-1.899898e-7, 0.99999994, -0.0000024363399), (0.70710415, 0.70710945, 6.4098276e-7), (9.23872e-7, 0.99999994, -0.000002216082), (0.70710415, 0.70710945, 6.4098276e-7), (0.68301064, 0.70710874, 0.18301274), (9.23872e-7, 0.99999994, -0.000002216082), (9.23872e-7, 0.99999994, -0.000002216082), (0.68301064, 0.70710874, 0.18301274), (0.0000013634562, 0.99999994, -0.0000020517036), (0.68301064, 0.70710874, 0.18301274), (0.6123702, 0.7071091, 0.35355273), (0.0000013634562, 0.99999994, -0.0000020517036), (0.0000013634562, 0.99999994, -0.0000020517036), (0.6123702, 0.7071091, 0.35355273), (0.000001879409, 0.99999994, -0.0000016335398), (0.6123702, 0.7071091, 0.35355273), (0.49999776, 0.70710915, 0.49999875), (0.000001879409, 0.99999994, -0.0000016335398), (0.000001879409, 0.99999994, -0.0000016335398), (0.49999776, 0.70710915, 0.49999875), (0.0000022668391, 0.99999994, -9.592623e-7), (0.49999776, 0.70710915, 0.49999875), (0.3535518, 0.707109, 0.6123708), (0.0000022668391, 0.99999994, -9.592623e-7), (0.0000022668391, 0.99999994, -9.592623e-7), (0.3535518, 0.707109, 0.6123708), (0.0000022798777, 0.99999994, -7.748604e-7), (0.3535518, 0.707109, 0.6123708), (0.18301174, 0.7071088, 0.6830108), (0.0000022798777, 0.99999994, -7.748604e-7), (0.0000022798777, 0.99999994, -7.748604e-7), (0.18301174, 0.7071088, 0.6830108), (0.0000024605542, 0.99999994, -1.6391277e-7), (0.18301174, 0.7071088, 0.6830108), (-6.237533e-7, 0.7071092, 0.7071043), (0.0000024605542, 0.99999994, -1.6391277e-7), (0.0000024605542, 0.99999994, -1.6391277e-7), (-6.237533e-7, 0.7071092, 0.7071043), (0.000002425164, 0.99999994, 5.1036477e-7), (-6.237533e-7, 0.7071092, 0.7071043), (-0.18301266, 0.7071088, 0.6830106), (0.000002425164, 0.99999994, 5.1036477e-7), (0.000002425164, 0.99999994, 5.1036477e-7), (-0.18301266, 0.7071088, 0.6830106), (0.000002012588, 0.99999994, 0.0000013001263), (-0.18301266, 0.7071088, 0.6830106), (-0.35355282, 0.7071089, 0.6123703), (0.000002012588, 0.99999994, 0.0000013001263), (0.000002012588, 0.99999994, 0.0000013001263), (-0.35355282, 0.7071089, 0.6123703), (0.0000015888363, 0.99999994, 0.0000018626451), (-0.35355282, 0.7071089, 0.6123703), (-0.49999875, 0.70710915, 0.49999794), (0.0000015888363, 0.99999994, 0.0000018626451), (0.0000015888363, 0.99999994, 0.0000018626451), (-0.49999875, 0.70710915, 0.49999794), (8.326024e-7, 0.99999994, 0.0000022873282), (-0.49999875, 0.70710915, 0.49999794), (-0.61237085, 0.70710886, 0.35355186), (8.326024e-7, 0.99999994, 0.0000022873282), (8.326024e-7, 0.99999994, 0.0000022873282), (-0.61237085, 0.70710886, 0.35355186), (9.2200935e-7, 0.99999994, 0.0000023050234), (-0.61237085, 0.70710886, 0.35355186), (-0.6830109, 0.70710886, 0.18301171), (9.2200935e-7, 0.99999994, 0.0000023050234), (9.2200935e-7, 0.99999994, 0.0000023050234), (-0.6830109, 0.70710886, 0.18301171), (0.000031920063, 1, -0.0000038966537), (-0.6830109, 0.70710886, 0.18301171), (-0.7071029, 0.70711076, 0.000031150877), (0.000031920063, 1, -0.0000038966537), (0.7071108, 0.7071027, 0.000031799078), (0.000033609904, 0.99999994, 0.0000038952567), (0.6830169, 0.7071025, 0.18301326), (0.000033609904, 0.99999994, 0.0000038952567), (-9.23872e-7, 0.99999994, 0.000002216082), (0.6830169, 0.7071025, 0.18301326), (0.6830169, 0.7071025, 0.18301326), (-9.23872e-7, 0.99999994, 0.000002216082), (0.61237633, 0.70710266, 0.35355502), (-9.23872e-7, 0.99999994, 0.000002216082), (-0.0000013634562, 0.99999994, 0.0000020517036), (0.61237633, 0.70710266, 0.35355502), (0.61237633, 0.70710266, 0.35355502), (-0.0000013634562, 0.99999994, 0.0000020517036), (0.50000364, 0.70710224, 0.50000286), (-0.0000013634562, 0.99999994, 0.0000020517036), (-0.000001879409, 0.99999994, 0.0000016335398), (0.50000364, 0.70710224, 0.50000286), (0.50000364, 0.70710224, 0.50000286), (-0.000001879409, 0.99999994, 0.0000016335398), (0.35355592, 0.70710266, 0.61237574), (-0.000001879409, 0.99999994, 0.0000016335398), (-0.0000022668391, 0.99999994, 9.592623e-7), (0.35355592, 0.70710266, 0.61237574), (0.35355592, 0.70710266, 0.61237574), (-0.0000022668391, 0.99999994, 9.592623e-7), (0.18301441, 0.7071024, 0.6830168), (-0.0000022668391, 0.99999994, 9.592623e-7), (-0.0000022798777, 0.99999994, 7.748604e-7), (0.18301441, 0.7071024, 0.6830168), (0.18301441, 0.7071024, 0.6830168), (-0.0000022798777, 0.99999994, 7.748604e-7), (5.1944517e-7, 0.7071025, 0.7071111), (-0.0000022798777, 0.99999994, 7.748604e-7), (-0.0000024605542, 0.99999994, 1.6391277e-7), (5.1944517e-7, 0.7071025, 0.7071111), (5.1944517e-7, 0.7071025, 0.7071111), (-0.0000024605542, 0.99999994, 1.6391277e-7), (-0.18301329, 0.7071025, 0.68301696), (-0.0000024605542, 0.99999994, 1.6391277e-7), (-0.000002425164, 0.99999994, -5.1036477e-7), (-0.18301329, 0.7071025, 0.68301696), (-0.18301329, 0.7071025, 0.68301696), (-0.000002425164, 0.99999994, -5.1036477e-7), (-0.3535552, 0.70710254, 0.61237633), (-0.000002425164, 0.99999994, -5.1036477e-7), (-0.000002012588, 0.99999994, -0.0000013001263), (-0.3535552, 0.70710254, 0.61237633), (-0.3535552, 0.70710254, 0.61237633), (-0.000002012588, 0.99999994, -0.0000013001263), (-0.5000026, 0.70710254, 0.50000346), (-0.000002012588, 0.99999994, -0.0000013001263), (-0.0000015888363, 0.99999994, -0.0000018626451), (-0.5000026, 0.70710254, 0.50000346), (-0.5000026, 0.70710254, 0.50000346), (-0.0000015888363, 0.99999994, -0.0000018626451), (-0.61237574, 0.70710266, 0.35355586), (-0.0000015888363, 0.99999994, -0.0000018626451), (-8.326024e-7, 0.99999994, -0.0000022873282), (-0.61237574, 0.70710266, 0.35355586), (-0.61237574, 0.70710266, 0.35355586), (-8.326024e-7, 0.99999994, -0.0000022873282), (-0.6830165, 0.70710266, 0.18301427), (-8.326024e-7, 0.99999994, -0.0000022873282), (-9.2200935e-7, 0.99999994, -0.0000023050234), (-0.6830165, 0.70710266, 0.18301427), (-0.6830165, 0.70710266, 0.18301427), (-9.2200935e-7, 0.99999994, -0.0000023050234), (-0.7071112, 0.7071024, 5.1711686e-7), (-9.2200935e-7, 0.99999994, -0.0000023050234), (-1.899898e-7, 0.99999994, -0.0000024363399), (-0.7071112, 0.7071024, 5.1711686e-7), (-0.7071112, 0.7071024, 5.1711686e-7), (-1.899898e-7, 0.99999994, -0.0000024363399), (-0.6830169, 0.7071025, -0.18301326), (-1.899898e-7, 0.99999994, -0.0000024363399), (9.23872e-7, 0.99999994, -0.000002216082), (-0.6830169, 0.7071025, -0.18301326), (-0.6830169, 0.7071025, -0.18301326), (9.23872e-7, 0.99999994, -0.000002216082), (-0.61237633, 0.70710266, -0.35355502), (9.23872e-7, 0.99999994, -0.000002216082), (0.0000013634562, 0.99999994, -0.0000020517036), (-0.61237633, 0.70710266, -0.35355502), (-0.61237633, 0.70710266, -0.35355502), (0.0000013634562, 0.99999994, -0.0000020517036), (-0.50000364, 0.70710224, -0.50000286), (0.0000013634562, 0.99999994, -0.0000020517036), (0.000001879409, 0.99999994, -0.0000016335398), (-0.50000364, 0.70710224, -0.50000286), (-0.50000364, 0.70710224, -0.50000286), (0.000001879409, 0.99999994, -0.0000016335398), (-0.35355592, 0.70710266, -0.61237574), (0.000001879409, 0.99999994, -0.0000016335398), (0.0000022668391, 0.99999994, -9.592623e-7), (-0.35355592, 0.70710266, -0.61237574), (-0.35355592, 0.70710266, -0.61237574), (0.0000022668391, 0.99999994, -9.592623e-7), (-0.18301441, 0.7071024, -0.6830168), (0.0000022668391, 0.99999994, -9.592623e-7), (0.0000022798777, 0.99999994, -7.748604e-7), (-0.18301441, 0.7071024, -0.6830168), (-0.18301441, 0.7071024, -0.6830168), (0.0000022798777, 0.99999994, -7.748604e-7), (-5.1944517e-7, 0.7071025, -0.7071111), (0.0000022798777, 0.99999994, -7.748604e-7), (0.0000024605542, 0.99999994, -1.6391277e-7), (-5.1944517e-7, 0.7071025, -0.7071111), (-5.1944517e-7, 0.7071025, -0.7071111), (0.0000024605542, 0.99999994, -1.6391277e-7), (0.18301329, 0.7071025, -0.68301696), (0.0000024605542, 0.99999994, -1.6391277e-7), (0.000002425164, 0.99999994, 5.1036477e-7), (0.18301329, 0.7071025, -0.68301696), (0.18301329, 0.7071025, -0.68301696), (0.000002425164, 0.99999994, 5.1036477e-7), (0.3535552, 0.70710254, -0.61237633), (0.000002425164, 0.99999994, 5.1036477e-7), (0.000002012588, 0.99999994, 0.0000013001263), (0.3535552, 0.70710254, -0.61237633), (0.3535552, 0.70710254, -0.61237633), (0.000002012588, 0.99999994, 0.0000013001263), (0.5000026, 0.70710254, -0.50000346), (0.000002012588, 0.99999994, 0.0000013001263), (0.0000015888363, 0.99999994, 0.0000018626451), (0.5000026, 0.70710254, -0.50000346), (0.5000026, 0.70710254, -0.50000346), (0.0000015888363, 0.99999994, 0.0000018626451), (0.61237574, 0.70710266, -0.35355586), (0.0000015888363, 0.99999994, 0.0000018626451), (8.326024e-7, 0.99999994, 0.0000022873282), (0.61237574, 0.70710266, -0.35355586), (0.61237574, 0.70710266, -0.35355586), (8.326024e-7, 0.99999994, 0.0000022873282), (0.6830165, 0.70710266, -0.18301427), (8.326024e-7, 0.99999994, 0.0000022873282), (9.2200935e-7, 0.99999994, 0.0000023050234), (0.6830165, 0.70710266, -0.18301427), (0.6830165, 0.70710266, -0.18301427), (9.2200935e-7, 0.99999994, 0.0000023050234), (0.70710933, 0.7071044, -0.000011630356), (9.2200935e-7, 0.99999994, 0.0000023050234), (0.000031920063, 1, -0.0000038966537), (0.70710933, 0.7071044, -0.000011630356), (0.99999994, 0.000033019576, 0.0000051036477), (0.7071108, 0.7071027, 0.000031799078), (0.96593076, 0.000017821789, 0.25880063), (0.7071108, 0.7071027, 0.000031799078), (0.6830169, 0.7071025, 0.18301326), (0.96593076, 0.000017821789, 0.25880063), (0.96593076, 0.000017821789, 0.25880063), (0.6830169, 0.7071025, 0.18301326), (0.866035, 0.000018268824, 0.4999833), (0.6830169, 0.7071025, 0.18301326), (0.61237633, 0.70710266, 0.35355502), (0.866035, 0.000018268824, 0.4999833), (0.866035, 0.000018268824, 0.4999833), (0.61237633, 0.70710266, 0.35355502), (0.70712036, 0.000017374754, 0.70709324), (0.61237633, 0.70710266, 0.35355502), (0.50000364, 0.70710224, 0.50000286), (0.70712036, 0.000017374754, 0.70709324), (0.70712036, 0.000017374754, 0.70709324), (0.50000364, 0.70710224, 0.50000286), (0.50001657, 0.000018209219, 0.86601573), (0.50000364, 0.70710224, 0.50000286), (0.35355592, 0.70710266, 0.61237574), (0.50001657, 0.000018209219, 0.86601573), (0.50001657, 0.000018209219, 0.86601573), (0.35355592, 0.70710266, 0.61237574), (0.25883764, 0.000018119812, 0.9659208), (0.35355592, 0.70710266, 0.61237574), (0.18301441, 0.7071024, 0.6830168), (0.25883764, 0.000018119812, 0.9659208), (0.25883764, 0.000018119812, 0.9659208), (0.18301441, 0.7071024, 0.6830168), (0.000019205734, 0.000018268824, 0.99999994), (0.18301441, 0.7071024, 0.6830168), (5.1944517e-7, 0.7071025, 0.7071111), (0.000019205734, 0.000018268824, 0.99999994), (0.000019205734, 0.000018268824, 0.99999994), (5.1944517e-7, 0.7071025, 0.7071111), (-0.2588005, 0.000018239021, 0.9659308), (5.1944517e-7, 0.7071025, 0.7071111), (-0.18301329, 0.7071025, 0.68301696), (-0.2588005, 0.000018239021, 0.9659308), (-0.2588005, 0.000018239021, 0.9659308), (-0.18301329, 0.7071025, 0.68301696), (-0.49998367, 0.00001809001, 0.8660348), (-0.18301329, 0.7071025, 0.68301696), (-0.3535552, 0.70710254, 0.61237633), (-0.49998367, 0.00001809001, 0.8660348), (-0.49998367, 0.00001809001, 0.8660348), (-0.3535552, 0.70710254, 0.61237633), (-0.7070931, 0.00001809001, 0.7071203), (-0.3535552, 0.70710254, 0.61237633), (-0.5000026, 0.70710254, 0.50000346), (-0.7070931, 0.00001809001, 0.7071203), (-0.7070931, 0.00001809001, 0.7071203), (-0.5000026, 0.70710254, 0.50000346), (-0.8660158, 0.000018328428, 0.50001657), (-0.5000026, 0.70710254, 0.50000346), (-0.61237574, 0.70710266, 0.35355586), (-0.8660158, 0.000018328428, 0.50001657), (-0.8660158, 0.000018328428, 0.50001657), (-0.61237574, 0.70710266, 0.35355586), (-0.9659208, 0.000019073486, 0.25883755), (-0.61237574, 0.70710266, 0.35355586), (-0.6830165, 0.70710266, 0.18301427), (-0.9659208, 0.000019073486, 0.25883755), (-0.9659208, 0.000019073486, 0.25883755), (-0.6830165, 0.70710266, 0.18301427), (-1, 0.000018239021, 0.00001916103), (-0.6830165, 0.70710266, 0.18301427), (-0.7071112, 0.7071024, 5.1711686e-7), (-1, 0.000018239021, 0.00001916103), (-1, 0.000018239021, 0.00001916103), (-0.7071112, 0.7071024, 5.1711686e-7), (-0.96593076, 0.000017821789, -0.25880063), (-0.7071112, 0.7071024, 5.1711686e-7), (-0.6830169, 0.7071025, -0.18301326), (-0.96593076, 0.000017821789, -0.25880063), (-0.96593076, 0.000017821789, -0.25880063), (-0.6830169, 0.7071025, -0.18301326), (-0.866035, 0.000018268824, -0.4999833), (-0.6830169, 0.7071025, -0.18301326), (-0.61237633, 0.70710266, -0.35355502), (-0.866035, 0.000018268824, -0.4999833), (-0.866035, 0.000018268824, -0.4999833), (-0.61237633, 0.70710266, -0.35355502), (-0.70712036, 0.000017374754, -0.70709324), (-0.61237633, 0.70710266, -0.35355502), (-0.50000364, 0.70710224, -0.50000286), (-0.70712036, 0.000017374754, -0.70709324), (-0.70712036, 0.000017374754, -0.70709324), (-0.50000364, 0.70710224, -0.50000286), (-0.50001657, 0.000018209219, -0.86601573), (-0.50000364, 0.70710224, -0.50000286), (-0.35355592, 0.70710266, -0.61237574), (-0.50001657, 0.000018209219, -0.86601573), (-0.50001657, 0.000018209219, -0.86601573), (-0.35355592, 0.70710266, -0.61237574), (-0.25883764, 0.000018119812, -0.9659208), (-0.35355592, 0.70710266, -0.61237574), (-0.18301441, 0.7071024, -0.6830168), (-0.25883764, 0.000018119812, -0.9659208), (-0.25883764, 0.000018119812, -0.9659208), (-0.18301441, 0.7071024, -0.6830168), (-0.000019205734, 0.000018268824, -0.99999994), (-0.18301441, 0.7071024, -0.6830168), (-5.1944517e-7, 0.7071025, -0.7071111), (-0.000019205734, 0.000018268824, -0.99999994), (-0.000019205734, 0.000018268824, -0.99999994), (-5.1944517e-7, 0.7071025, -0.7071111), (0.2588005, 0.000018239021, -0.9659308), (-5.1944517e-7, 0.7071025, -0.7071111), (0.18301329, 0.7071025, -0.68301696), (0.2588005, 0.000018239021, -0.9659308), (0.2588005, 0.000018239021, -0.9659308), (0.18301329, 0.7071025, -0.68301696), (0.49998367, 0.00001809001, -0.8660348), (0.18301329, 0.7071025, -0.68301696), (0.3535552, 0.70710254, -0.61237633), (0.49998367, 0.00001809001, -0.8660348), (0.49998367, 0.00001809001, -0.8660348), (0.3535552, 0.70710254, -0.61237633), (0.7070931, 0.00001809001, -0.7071203), (0.3535552, 0.70710254, -0.61237633), (0.5000026, 0.70710254, -0.50000346), (0.7070931, 0.00001809001, -0.7071203), (0.7070931, 0.00001809001, -0.7071203), (0.5000026, 0.70710254, -0.50000346), (0.8660158, 0.000018328428, -0.50001657), (0.5000026, 0.70710254, -0.50000346), (0.61237574, 0.70710266, -0.35355586), (0.8660158, 0.000018328428, -0.50001657), (0.8660158, 0.000018328428, -0.50001657), (0.61237574, 0.70710266, -0.35355586), (0.9659208, 0.000019073486, -0.25883755), (0.61237574, 0.70710266, -0.35355586), (0.6830165, 0.70710266, -0.18301427), (0.9659208, 0.000019073486, -0.25883755), (0.9659208, 0.000019073486, -0.25883755), (0.6830165, 0.70710266, -0.18301427), (1, 0.000027507544, -0.000020088628), (0.6830165, 0.70710266, -0.18301427), (0.70710933, 0.7071044, -0.000011630356), (1, 0.000027507544, -0.000020088628)] (
                    interpolation = "faceVarying"
                )
                point3f[] points = [(0.335, -0, 0), (0.32358515, -0, 0.08670438), (0.29011852, -0, 0.1675), (0.23688076, -0, 0.23688076), (0.1675, -0, 0.29011852), (0.08670438, -0, 0.32358515), (2.0512833e-17, -0, 0.335), (-0.08670438, -0, 0.32358515), (-0.1675, -0, 0.29011852), (-0.23688076, -0, 0.23688076), (-0.29011852, -0, 0.1675), (-0.32358515, -0, 0.08670438), (-0.335, -0, 4.1025667e-17), (-0.32358515, -0, -0.08670438), (-0.29011852, -0, -0.1675), (-0.23688076, -0, -0.23688076), (-0.1675, -0, -0.29011852), (-0.08670438, -0, -0.32358515), (-6.15385e-17, -0, -0.335), (0.08670438, -0, -0.32358515), (0.1675, -0, -0.29011852), (0.23688076, -0, -0.23688076), (0.29011852, -0, -0.1675), (0.32358515, -0, -0.08670438), (0.335, -0, -8.2051334e-17), (0.32474872, -0.024748737, 0), (0.31368318, -0.024748737, 0.084051155), (0.28124064, -0.024748737, 0.16237436), (0.22963203, -0.024748737, 0.22963203), (0.16237436, -0.024748737, 0.28124064), (0.084051155, -0.024748737, 0.31368318), (1.9885126e-17, -0.024748737, 0.32474872), (-0.084051155, -0.024748737, 0.31368318), (-0.16237436, -0.024748737, 0.28124064), (-0.22963203, -0.024748737, 0.22963203), (-0.28124064, -0.024748737, 0.16237436), (-0.31368318, -0.024748737, 0.084051155), (-0.32474872, -0.024748737, 3.977025e-17), (-0.31368318, -0.024748737, -0.084051155), (-0.28124064, -0.024748737, -0.16237436), (-0.22963203, -0.024748737, -0.22963203), (-0.16237436, -0.024748737, -0.28124064), (-0.084051155, -0.024748737, -0.31368318), (-5.965537e-17, -0.024748737, -0.32474872), (0.084051155, -0.024748737, -0.31368318), (0.16237436, -0.024748737, -0.28124064), (0.22963203, -0.024748737, -0.22963203), (0.28124064, -0.024748737, -0.16237436), (0.31368318, -0.024748737, -0.084051155), (0.32474872, -0.024748737, -7.95405e-17), (0.3, -0.035, 0), (0.28977776, -0.035, 0.07764571), (0.25980762, -0.035, 0.15), (0.21213204, -0.035, 0.21213204), (0.15, -0.035, 0.25980762), (0.07764571, -0.035, 0.28977776), (1.8369703e-17, -0.035, 0.3), (-0.07764571, -0.035, 0.28977776), (-0.15, -0.035, 0.25980762), (-0.21213204, -0.035, 0.21213204), (-0.25980762, -0.035, 0.15), (-0.28977776, -0.035, 0.07764571), (-0.3, -0.035, 3.6739406e-17), (-0.28977776, -0.035, -0.07764571), (-0.25980762, -0.035, -0.15), (-0.21213204, -0.035, -0.21213204), (-0.15, -0.035, -0.25980762), (-0.07764571, -0.035, -0.28977776), (-5.5109105e-17, -0.035, -0.3), (0.07764571, -0.035, -0.28977776), (0.15, -0.035, -0.25980762), (0.21213204, -0.035, -0.21213204), (0.25980762, -0.035, -0.15), (0.28977776, -0.035, -0.07764571), (0.3, -0.035, -7.347881e-17), (0.27525127, -0.024748737, 0), (0.2658723, -0.024748737, 0.07124027), (0.23837459, -0.024748737, 0.13762563), (0.19463204, -0.024748737, 0.19463204), (0.13762563, -0.024748737, 0.23837459), (0.07124027, -0.024748737, 0.2658723), (1.6854278e-17, -0.024748737, 0.27525127), (-0.07124027, -0.024748737, 0.2658723), (-0.13762563, -0.024748737, 0.23837459), (-0.19463204, -0.024748737, 0.19463204), (-0.23837459, -0.024748737, 0.13762563), (-0.2658723, -0.024748737, 0.07124027), (-0.27525127, -0.024748737, 3.3708556e-17), (-0.2658723, -0.024748737, -0.07124027), (-0.23837459, -0.024748737, -0.13762563), (-0.19463204, -0.024748737, -0.19463204), (-0.13762563, -0.024748737, -0.23837459), (-0.07124027, -0.024748737, -0.2658723), (-5.0562838e-17, -0.024748737, -0.27525127), (0.07124027, -0.024748737, -0.2658723), (0.13762563, -0.024748737, -0.23837459), (0.19463204, -0.024748737, -0.19463204), (0.23837459, -0.024748737, -0.13762563), (0.2658723, -0.024748737, -0.07124027), (0.27525127, -0.024748737, -6.741711e-17), (0.265, -4.286264e-18, 0), (0.25597036, -4.286264e-18, 0.06858705), (0.22949673, -4.286264e-18, 0.1325), (0.1873833, -4.286264e-18, 0.1873833), (0.1325, -4.286264e-18, 0.22949673), (0.06858705, -4.286264e-18, 0.25597036), (1.622657e-17, -4.286264e-18, 0.265), (-0.06858705, -4.286264e-18, 0.25597036), (-0.1325, -4.286264e-18, 0.22949673), (-0.1873833, -4.286264e-18, 0.1873833), (-0.22949673, -4.286264e-18, 0.1325), (-0.25597036, -4.286264e-18, 0.06858705), (-0.265, -4.286264e-18, 3.245314e-17), (-0.25597036, -4.286264e-18, -0.06858705), (-0.22949673, -4.286264e-18, -0.1325), (-0.1873833, -4.286264e-18, -0.1873833), (-0.1325, -4.286264e-18, -0.22949673), (-0.06858705, -4.286264e-18, -0.25597036), (-4.867971e-17, -4.286264e-18, -0.265), (0.06858705, -4.286264e-18, -0.25597036), (0.1325, -4.286264e-18, -0.22949673), (0.1873833, -4.286264e-18, -0.1873833), (0.22949673, -4.286264e-18, -0.1325), (0.25597036, -4.286264e-18, -0.06858705), (0.265, -4.286264e-18, -6.490628e-17), (0.27525127, 0.024748737, 0), (0.2658723, 0.024748737, 0.07124027), (0.23837459, 0.024748737, 0.13762563), (0.19463204, 0.024748737, 0.19463204), (0.13762563, 0.024748737, 0.23837459), (0.07124027, 0.024748737, 0.2658723), (1.6854278e-17, 0.024748737, 0.27525127), (-0.07124027, 0.024748737, 0.2658723), (-0.13762563, 0.024748737, 0.23837459), (-0.19463204, 0.024748737, 0.19463204), (-0.23837459, 0.024748737, 0.13762563), (-0.2658723, 0.024748737, 0.07124027), (-0.27525127, 0.024748737, 3.3708556e-17), (-0.2658723, 0.024748737, -0.07124027), (-0.23837459, 0.024748737, -0.13762563), (-0.19463204, 0.024748737, -0.19463204), (-0.13762563, 0.024748737, -0.23837459), (-0.07124027, 0.024748737, -0.2658723), (-5.0562838e-17, 0.024748737, -0.27525127), (0.07124027, 0.024748737, -0.2658723), (0.13762563, 0.024748737, -0.23837459), (0.19463204, 0.024748737, -0.19463204), (0.23837459, 0.024748737, -0.13762563), (0.2658723, 0.024748737, -0.07124027), (0.27525127, 0.024748737, -6.741711e-17), (0.3, 0.035, 0), (0.28977776, 0.035, 0.07764571), (0.25980762, 0.035, 0.15), (0.21213204, 0.035, 0.21213204), (0.15, 0.035, 0.25980762), (0.07764571, 0.035, 0.28977776), (1.8369703e-17, 0.035, 0.3), (-0.07764571, 0.035, 0.28977776), (-0.15, 0.035, 0.25980762), (-0.21213204, 0.035, 0.21213204), (-0.25980762, 0.035, 0.15), (-0.28977776, 0.035, 0.07764571), (-0.3, 0.035, 3.6739406e-17), (-0.28977776, 0.035, -0.07764571), (-0.25980762, 0.035, -0.15), (-0.21213204, 0.035, -0.21213204), (-0.15, 0.035, -0.25980762), (-0.07764571, 0.035, -0.28977776), (-5.5109105e-17, 0.035, -0.3), (0.07764571, 0.035, -0.28977776), (0.15, 0.035, -0.25980762), (0.21213204, 0.035, -0.21213204), (0.25980762, 0.035, -0.15), (0.28977776, 0.035, -0.07764571), (0.3, 0.035, -7.347881e-17), (0.32474872, 0.024748737, 0), (0.31368318, 0.024748737, 0.084051155), (0.28124064, 0.024748737, 0.16237436), (0.22963203, 0.024748737, 0.22963203), (0.16237436, 0.024748737, 0.28124064), (0.084051155, 0.024748737, 0.31368318), (1.9885126e-17, 0.024748737, 0.32474872), (-0.084051155, 0.024748737, 0.31368318), (-0.16237436, 0.024748737, 0.28124064), (-0.22963203, 0.024748737, 0.22963203), (-0.28124064, 0.024748737, 0.16237436), (-0.31368318, 0.024748737, 0.084051155), (-0.32474872, 0.024748737, 3.977025e-17), (-0.31368318, 0.024748737, -0.084051155), (-0.28124064, 0.024748737, -0.16237436), (-0.22963203, 0.024748737, -0.22963203), (-0.16237436, 0.024748737, -0.28124064), (-0.084051155, 0.024748737, -0.31368318), (-5.965537e-17, 0.024748737, -0.32474872), (0.084051155, 0.024748737, -0.31368318), (0.16237436, 0.024748737, -0.28124064), (0.22963203, 0.024748737, -0.22963203), (0.28124064, 0.024748737, -0.16237436), (0.31368318, 0.024748737, -0.084051155), (0.32474872, 0.024748737, -7.95405e-17), (0.335, 8.572528e-18, 0), (0.32358515, 8.572528e-18, 0.08670438), (0.29011852, 8.572528e-18, 0.1675), (0.23688076, 8.572528e-18, 0.23688076), (0.1675, 8.572528e-18, 0.29011852), (0.08670438, 8.572528e-18, 0.32358515), (2.0512833e-17, 8.572528e-18, 0.335), (-0.08670438, 8.572528e-18, 0.32358515), (-0.1675, 8.572528e-18, 0.29011852), (-0.23688076, 8.572528e-18, 0.23688076), (-0.29011852, 8.572528e-18, 0.1675), (-0.32358515, 8.572528e-18, 0.08670438), (-0.335, 8.572528e-18, 4.1025667e-17), (-0.32358515, 8.572528e-18, -0.08670438), (-0.29011852, 8.572528e-18, -0.1675), (-0.23688076, 8.572528e-18, -0.23688076), (-0.1675, 8.572528e-18, -0.29011852), (-0.08670438, 8.572528e-18, -0.32358515), (-6.15385e-17, 8.572528e-18, -0.335), (0.08670438, 8.572528e-18, -0.32358515), (0.1675, 8.572528e-18, -0.29011852), (0.23688076, 8.572528e-18, -0.23688076), (0.29011852, 8.572528e-18, -0.1675), (0.32358515, 8.572528e-18, -0.08670438), (0.335, 8.572528e-18, -8.2051334e-17)]
                texCoord2f[] primvars:st = [(0, 0.875), (0, 1), (0.041666668, 0.875), (0, 1), (0.041666668, 1), (0.041666668, 0.875), (0.041666668, 0.875), (0.041666668, 1), (0.083333336, 0.875), (0.041666668, 1), (0.083333336, 1), (0.083333336, 0.875), (0.083333336, 0.875), (0.083333336, 1), (0.125, 0.875), (0.083333336, 1), (0.125, 1), (0.125, 0.875), (0.125, 0.875), (0.125, 1), (0.16666667, 0.875), (0.125, 1), (0.16666667, 1), (0.16666667, 0.875), (0.16666667, 0.875), (0.16666667, 1), (0.20833333, 0.875), (0.16666667, 1), (0.20833333, 1), (0.20833333, 0.875), (0.20833333, 0.875), (0.20833333, 1), (0.25, 0.875), (0.20833333, 1), (0.25, 1), (0.25, 0.875), (0.25, 0.875), (0.25, 1), (0.29166666, 0.875), (0.25, 1), (0.29166666, 1), (0.29166666, 0.875), (0.29166666, 0.875), (0.29166666, 1), (0.33333334, 0.875), (0.29166666, 1), (0.33333334, 1), (0.33333334, 0.875), (0.33333334, 0.875), (0.33333334, 1), (0.375, 0.875), (0.33333334, 1), (0.375, 1), (0.375, 0.875), (0.375, 0.875), (0.375, 1), (0.41666666, 0.875), (0.375, 1), (0.41666666, 1), (0.41666666, 0.875), (0.41666666, 0.875), (0.41666666, 1), (0.45833334, 0.875), (0.41666666, 1), (0.45833334, 1), (0.45833334, 0.875), (0.45833334, 0.875), (0.45833334, 1), (0.5, 0.875), (0.45833334, 1), (0.5, 1), (0.5, 0.875), (0.5, 0.875), (0.5, 1), (0.5416667, 0.875), (0.5, 1), (0.5416667, 1), (0.5416667, 0.875), (0.5416667, 0.875), (0.5416667, 1), (0.5833333, 0.875), (0.5416667, 1), (0.5833333, 1), (0.5833333, 0.875), (0.5833333, 0.875), (0.5833333, 1), (0.625, 0.875), (0.5833333, 1), (0.625, 1), (0.625, 0.875), (0.625, 0.875), (0.625, 1), (0.6666667, 0.875), (0.625, 1), (0.6666667, 1), (0.6666667, 0.875), (0.6666667, 0.875), (0.6666667, 1), (0.7083333, 0.875), (0.6666667, 1), (0.7083333, 1), (0.7083333, 0.875), (0.7083333, 0.875), (0.7083333, 1), (0.75, 0.875), (0.7083333, 1), (0.75, 1), (0.75, 0.875), (0.75, 0.875), (0.75, 1), (0.7916667, 0.875), (0.75, 1), (0.7916667, 1), (0.7916667, 0.875), (0.7916667, 0.875), (0.7916667, 1), (0.8333333, 0.875), (0.7916667, 1), (0.8333333, 1), (0.8333333, 0.875), (0.8333333, 0.875), (0.8333333, 1), (0.875, 0.875), (0.8333333, 1), (0.875, 1), (0.875, 0.875), (0.875, 0.875), (0.875, 1), (0.9166667, 0.875), (0.875, 1), (0.9166667, 1), (0.9166667, 0.875), (0.9166667, 0.875), (0.9166667, 1), (0.9583333, 0.875), (0.9166667, 1), (0.9583333, 1), (0.9583333, 0.875), (0.9583333, 0.875), (0.9583333, 1), (1, 0.875), (0.9583333, 1), (1, 1), (1, 0.875), (0, 0.75), (0, 0.875), (0.041666668, 0.75), (0, 0.875), (0.041666668, 0.875), (0.041666668, 0.75), (0.041666668, 0.75), (0.041666668, 0.875), (0.083333336, 0.75), (0.041666668, 0.875), (0.083333336, 0.875), (0.083333336, 0.75), (0.083333336, 0.75), (0.083333336, 0.875), (0.125, 0.75), (0.083333336, 0.875), (0.125, 0.875), (0.125, 0.75), (0.125, 0.75), (0.125, 0.875), (0.16666667, 0.75), (0.125, 0.875), (0.16666667, 0.875), (0.16666667, 0.75), (0.16666667, 0.75), (0.16666667, 0.875), (0.20833333, 0.75), (0.16666667, 0.875), (0.20833333, 0.875), (0.20833333, 0.75), (0.20833333, 0.75), (0.20833333, 0.875), (0.25, 0.75), (0.20833333, 0.875), (0.25, 0.875), (0.25, 0.75), (0.25, 0.75), (0.25, 0.875), (0.29166666, 0.75), (0.25, 0.875), (0.29166666, 0.875), (0.29166666, 0.75), (0.29166666, 0.75), (0.29166666, 0.875), (0.33333334, 0.75), (0.29166666, 0.875), (0.33333334, 0.875), (0.33333334, 0.75), (0.33333334, 0.75), (0.33333334, 0.875), (0.375, 0.75), (0.33333334, 0.875), (0.375, 0.875), (0.375, 0.75), (0.375, 0.75), (0.375, 0.875), (0.41666666, 0.75), (0.375, 0.875), (0.41666666, 0.875), (0.41666666, 0.75), (0.41666666, 0.75), (0.41666666, 0.875), (0.45833334, 0.75), (0.41666666, 0.875), (0.45833334, 0.875), (0.45833334, 0.75), (0.45833334, 0.75), (0.45833334, 0.875), (0.5, 0.75), (0.45833334, 0.875), (0.5, 0.875), (0.5, 0.75), (0.5, 0.75), (0.5, 0.875), (0.5416667, 0.75), (0.5, 0.875), (0.5416667, 0.875), (0.5416667, 0.75), (0.5416667, 0.75), (0.5416667, 0.875), (0.5833333, 0.75), (0.5416667, 0.875), (0.5833333, 0.875), (0.5833333, 0.75), (0.5833333, 0.75), (0.5833333, 0.875), (0.625, 0.75), (0.5833333, 0.875), (0.625, 0.875), (0.625, 0.75), (0.625, 0.75), (0.625, 0.875), (0.6666667, 0.75), (0.625, 0.875), (0.6666667, 0.875), (0.6666667, 0.75), (0.6666667, 0.75), (0.6666667, 0.875), (0.7083333, 0.75), (0.6666667, 0.875), (0.7083333, 0.875), (0.7083333, 0.75), (0.7083333, 0.75), (0.7083333, 0.875), (0.75, 0.75), (0.7083333, 0.875), (0.75, 0.875), (0.75, 0.75), (0.75, 0.75), (0.75, 0.875), (0.7916667, 0.75), (0.75, 0.875), (0.7916667, 0.875), (0.7916667, 0.75), (0.7916667, 0.75), (0.7916667, 0.875), (0.8333333, 0.75), (0.7916667, 0.875), (0.8333333, 0.875), (0.8333333, 0.75), (0.8333333, 0.75), (0.8333333, 0.875), (0.875, 0.75), (0.8333333, 0.875), (0.875, 0.875), (0.875, 0.75), (0.875, 0.75), (0.875, 0.875), (0.9166667, 0.75), (0.875, 0.875), (0.9166667, 0.875), (0.9166667, 0.75), (0.9166667, 0.75), (0.9166667, 0.875), (0.9583333, 0.75), (0.9166667, 0.875), (0.9583333, 0.875), (0.9583333, 0.75), (0.9583333, 0.75), (0.9583333, 0.875), (1, 0.75), (0.9583333, 0.875), (1, 0.875), (1, 0.75), (0, 0.625), (0, 0.75), (0.041666668, 0.625), (0, 0.75), (0.041666668, 0.75), (0.041666668, 0.625), (0.041666668, 0.625), (0.041666668, 0.75), (0.083333336, 0.625), (0.041666668, 0.75), (0.083333336, 0.75), (0.083333336, 0.625), (0.083333336, 0.625), (0.083333336, 0.75), (0.125, 0.625), (0.083333336, 0.75), (0.125, 0.75), (0.125, 0.625), (0.125, 0.625), (0.125, 0.75), (0.16666667, 0.625), (0.125, 0.75), (0.16666667, 0.75), (0.16666667, 0.625), (0.16666667, 0.625), (0.16666667, 0.75), (0.20833333, 0.625), (0.16666667, 0.75), (0.20833333, 0.75), (0.20833333, 0.625), (0.20833333, 0.625), (0.20833333, 0.75), (0.25, 0.625), (0.20833333, 0.75), (0.25, 0.75), (0.25, 0.625), (0.25, 0.625), (0.25, 0.75), (0.29166666, 0.625), (0.25, 0.75), (0.29166666, 0.75), (0.29166666, 0.625), (0.29166666, 0.625), (0.29166666, 0.75), (0.33333334, 0.625), (0.29166666, 0.75), (0.33333334, 0.75), (0.33333334, 0.625), (0.33333334, 0.625), (0.33333334, 0.75), (0.375, 0.625), (0.33333334, 0.75), (0.375, 0.75), (0.375, 0.625), (0.375, 0.625), (0.375, 0.75), (0.41666666, 0.625), (0.375, 0.75), (0.41666666, 0.75), (0.41666666, 0.625), (0.41666666, 0.625), (0.41666666, 0.75), (0.45833334, 0.625), (0.41666666, 0.75), (0.45833334, 0.75), (0.45833334, 0.625), (0.45833334, 0.625), (0.45833334, 0.75), (0.5, 0.625), (0.45833334, 0.75), (0.5, 0.75), (0.5, 0.625), (0.5, 0.625), (0.5, 0.75), (0.5416667, 0.625), (0.5, 0.75), (0.5416667, 0.75), (0.5416667, 0.625), (0.5416667, 0.625), (0.5416667, 0.75), (0.5833333, 0.625), (0.5416667, 0.75), (0.5833333, 0.75), (0.5833333, 0.625), (0.5833333, 0.625), (0.5833333, 0.75), (0.625, 0.625), (0.5833333, 0.75), (0.625, 0.75), (0.625, 0.625), (0.625, 0.625), (0.625, 0.75), (0.6666667, 0.625), (0.625, 0.75), (0.6666667, 0.75), (0.6666667, 0.625), (0.6666667, 0.625), (0.6666667, 0.75), (0.7083333, 0.625), (0.6666667, 0.75), (0.7083333, 0.75), (0.7083333, 0.625), (0.7083333, 0.625), (0.7083333, 0.75), (0.75, 0.625), (0.7083333, 0.75), (0.75, 0.75), (0.75, 0.625), (0.75, 0.625), (0.75, 0.75), (0.7916667, 0.625), (0.75, 0.75), (0.7916667, 0.75), (0.7916667, 0.625), (0.7916667, 0.625), (0.7916667, 0.75), (0.8333333, 0.625), (0.7916667, 0.75), (0.8333333, 0.75), (0.8333333, 0.625), (0.8333333, 0.625), (0.8333333, 0.75), (0.875, 0.625), (0.8333333, 0.75), (0.875, 0.75), (0.875, 0.625), (0.875, 0.625), (0.875, 0.75), (0.9166667, 0.625), (0.875, 0.75), (0.9166667, 0.75), (0.9166667, 0.625), (0.9166667, 0.625), (0.9166667, 0.75), (0.9583333, 0.625), (0.9166667, 0.75), (0.9583333, 0.75), (0.9583333, 0.625), (0.9583333, 0.625), (0.9583333, 0.75), (1, 0.625), (0.9583333, 0.75), (1, 0.75), (1, 0.625), (0, 0.5), (0, 0.625), (0.041666668, 0.5), (0, 0.625), (0.041666668, 0.625), (0.041666668, 0.5), (0.041666668, 0.5), (0.041666668, 0.625), (0.083333336, 0.5), (0.041666668, 0.625), (0.083333336, 0.625), (0.083333336, 0.5), (0.083333336, 0.5), (0.083333336, 0.625), (0.125, 0.5), (0.083333336, 0.625), (0.125, 0.625), (0.125, 0.5), (0.125, 0.5), (0.125, 0.625), (0.16666667, 0.5), (0.125, 0.625), (0.16666667, 0.625), (0.16666667, 0.5), (0.16666667, 0.5), (0.16666667, 0.625), (0.20833333, 0.5), (0.16666667, 0.625), (0.20833333, 0.625), (0.20833333, 0.5), (0.20833333, 0.5), (0.20833333, 0.625), (0.25, 0.5), (0.20833333, 0.625), (0.25, 0.625), (0.25, 0.5), (0.25, 0.5), (0.25, 0.625), (0.29166666, 0.5), (0.25, 0.625), (0.29166666, 0.625), (0.29166666, 0.5), (0.29166666, 0.5), (0.29166666, 0.625), (0.33333334, 0.5), (0.29166666, 0.625), (0.33333334, 0.625), (0.33333334, 0.5), (0.33333334, 0.5), (0.33333334, 0.625), (0.375, 0.5), (0.33333334, 0.625), (0.375, 0.625), (0.375, 0.5), (0.375, 0.5), (0.375, 0.625), (0.41666666, 0.5), (0.375, 0.625), (0.41666666, 0.625), (0.41666666, 0.5), (0.41666666, 0.5), (0.41666666, 0.625), (0.45833334, 0.5), (0.41666666, 0.625), (0.45833334, 0.625), (0.45833334, 0.5), (0.45833334, 0.5), (0.45833334, 0.625), (0.5, 0.5), (0.45833334, 0.625), (0.5, 0.625), (0.5, 0.5), (0.5, 0.5), (0.5, 0.625), (0.5416667, 0.5), (0.5, 0.625), (0.5416667, 0.625), (0.5416667, 0.5), (0.5416667, 0.5), (0.5416667, 0.625), (0.5833333, 0.5), (0.5416667, 0.625), (0.5833333, 0.625), (0.5833333, 0.5), (0.5833333, 0.5), (0.5833333, 0.625), (0.625, 0.5), (0.5833333, 0.625), (0.625, 0.625), (0.625, 0.5), (0.625, 0.5), (0.625, 0.625), (0.6666667, 0.5), (0.625, 0.625), (0.6666667, 0.625), (0.6666667, 0.5), (0.6666667, 0.5), (0.6666667, 0.625), (0.7083333, 0.5), (0.6666667, 0.625), (0.7083333, 0.625), (0.7083333, 0.5), (0.7083333, 0.5), (0.7083333, 0.625), (0.75, 0.5), (0.7083333, 0.625), (0.75, 0.625), (0.75, 0.5), (0.75, 0.5), (0.75, 0.625), (0.7916667, 0.5), (0.75, 0.625), (0.7916667, 0.625), (0.7916667, 0.5), (0.7916667, 0.5), (0.7916667, 0.625), (0.8333333, 0.5), (0.7916667, 0.625), (0.8333333, 0.625), (0.8333333, 0.5), (0.8333333, 0.5), (0.8333333, 0.625), (0.875, 0.5), (0.8333333, 0.625), (0.875, 0.625), (0.875, 0.5), (0.875, 0.5), (0.875, 0.625), (0.9166667, 0.5), (0.875, 0.625), (0.9166667, 0.625), (0.9166667, 0.5), (0.9166667, 0.5), (0.9166667, 0.625), (0.9583333, 0.5), (0.9166667, 0.625), (0.9583333, 0.625), (0.9583333, 0.5), (0.9583333, 0.5), (0.9583333, 0.625), (1, 0.5), (0.9583333, 0.625), (1, 0.625), (1, 0.5), (0, 0.375), (0, 0.5), (0.041666668, 0.375), (0, 0.5), (0.041666668, 0.5), (0.041666668, 0.375), (0.041666668, 0.375), (0.041666668, 0.5), (0.083333336, 0.375), (0.041666668, 0.5), (0.083333336, 0.5), (0.083333336, 0.375), (0.083333336, 0.375), (0.083333336, 0.5), (0.125, 0.375), (0.083333336, 0.5), (0.125, 0.5), (0.125, 0.375), (0.125, 0.375), (0.125, 0.5), (0.16666667, 0.375), (0.125, 0.5), (0.16666667, 0.5), (0.16666667, 0.375), (0.16666667, 0.375), (0.16666667, 0.5), (0.20833333, 0.375), (0.16666667, 0.5), (0.20833333, 0.5), (0.20833333, 0.375), (0.20833333, 0.375), (0.20833333, 0.5), (0.25, 0.375), (0.20833333, 0.5), (0.25, 0.5), (0.25, 0.375), (0.25, 0.375), (0.25, 0.5), (0.29166666, 0.375), (0.25, 0.5), (0.29166666, 0.5), (0.29166666, 0.375), (0.29166666, 0.375), (0.29166666, 0.5), (0.33333334, 0.375), (0.29166666, 0.5), (0.33333334, 0.5), (0.33333334, 0.375), (0.33333334, 0.375), (0.33333334, 0.5), (0.375, 0.375), (0.33333334, 0.5), (0.375, 0.5), (0.375, 0.375), (0.375, 0.375), (0.375, 0.5), (0.41666666, 0.375), (0.375, 0.5), (0.41666666, 0.5), (0.41666666, 0.375), (0.41666666, 0.375), (0.41666666, 0.5), (0.45833334, 0.375), (0.41666666, 0.5), (0.45833334, 0.5), (0.45833334, 0.375), (0.45833334, 0.375), (0.45833334, 0.5), (0.5, 0.375), (0.45833334, 0.5), (0.5, 0.5), (0.5, 0.375), (0.5, 0.375), (0.5, 0.5), (0.5416667, 0.375), (0.5, 0.5), (0.5416667, 0.5), (0.5416667, 0.375), (0.5416667, 0.375), (0.5416667, 0.5), (0.5833333, 0.375), (0.5416667, 0.5), (0.5833333, 0.5), (0.5833333, 0.375), (0.5833333, 0.375), (0.5833333, 0.5), (0.625, 0.375), (0.5833333, 0.5), (0.625, 0.5), (0.625, 0.375), (0.625, 0.375), (0.625, 0.5), (0.6666667, 0.375), (0.625, 0.5), (0.6666667, 0.5), (0.6666667, 0.375), (0.6666667, 0.375), (0.6666667, 0.5), (0.7083333, 0.375), (0.6666667, 0.5), (0.7083333, 0.5), (0.7083333, 0.375), (0.7083333, 0.375), (0.7083333, 0.5), (0.75, 0.375), (0.7083333, 0.5), (0.75, 0.5), (0.75, 0.375), (0.75, 0.375), (0.75, 0.5), (0.7916667, 0.375), (0.75, 0.5), (0.7916667, 0.5), (0.7916667, 0.375), (0.7916667, 0.375), (0.7916667, 0.5), (0.8333333, 0.375), (0.7916667, 0.5), (0.8333333, 0.5), (0.8333333, 0.375), (0.8333333, 0.375), (0.8333333, 0.5), (0.875, 0.375), (0.8333333, 0.5), (0.875, 0.5), (0.875, 0.375), (0.875, 0.375), (0.875, 0.5), (0.9166667, 0.375), (0.875, 0.5), (0.9166667, 0.5), (0.9166667, 0.375), (0.9166667, 0.375), (0.9166667, 0.5), (0.9583333, 0.375), (0.9166667, 0.5), (0.9583333, 0.5), (0.9583333, 0.375), (0.9583333, 0.375), (0.9583333, 0.5), (1, 0.375), (0.9583333, 0.5), (1, 0.5), (1, 0.375), (0, 0.25), (0, 0.375), (0.041666668, 0.25), (0, 0.375), (0.041666668, 0.375), (0.041666668, 0.25), (0.041666668, 0.25), (0.041666668, 0.375), (0.083333336, 0.25), (0.041666668, 0.375), (0.083333336, 0.375), (0.083333336, 0.25), (0.083333336, 0.25), (0.083333336, 0.375), (0.125, 0.25), (0.083333336, 0.375), (0.125, 0.375), (0.125, 0.25), (0.125, 0.25), (0.125, 0.375), (0.16666667, 0.25), (0.125, 0.375), (0.16666667, 0.375), (0.16666667, 0.25), (0.16666667, 0.25), (0.16666667, 0.375), (0.20833333, 0.25), (0.16666667, 0.375), (0.20833333, 0.375), (0.20833333, 0.25), (0.20833333, 0.25), (0.20833333, 0.375), (0.25, 0.25), (0.20833333, 0.375), (0.25, 0.375), (0.25, 0.25), (0.25, 0.25), (0.25, 0.375), (0.29166666, 0.25), (0.25, 0.375), (0.29166666, 0.375), (0.29166666, 0.25), (0.29166666, 0.25), (0.29166666, 0.375), (0.33333334, 0.25), (0.29166666, 0.375), (0.33333334, 0.375), (0.33333334, 0.25), (0.33333334, 0.25), (0.33333334, 0.375), (0.375, 0.25), (0.33333334, 0.375), (0.375, 0.375), (0.375, 0.25), (0.375, 0.25), (0.375, 0.375), (0.41666666, 0.25), (0.375, 0.375), (0.41666666, 0.375), (0.41666666, 0.25), (0.41666666, 0.25), (0.41666666, 0.375), (0.45833334, 0.25), (0.41666666, 0.375), (0.45833334, 0.375), (0.45833334, 0.25), (0.45833334, 0.25), (0.45833334, 0.375), (0.5, 0.25), (0.45833334, 0.375), (0.5, 0.375), (0.5, 0.25), (0.5, 0.25), (0.5, 0.375), (0.5416667, 0.25), (0.5, 0.375), (0.5416667, 0.375), (0.5416667, 0.25), (0.5416667, 0.25), (0.5416667, 0.375), (0.5833333, 0.25), (0.5416667, 0.375), (0.5833333, 0.375), (0.5833333, 0.25), (0.5833333, 0.25), (0.5833333, 0.375), (0.625, 0.25), (0.5833333, 0.375), (0.625, 0.375), (0.625, 0.25), (0.625, 0.25), (0.625, 0.375), (0.6666667, 0.25), (0.625, 0.375), (0.6666667, 0.375), (0.6666667, 0.25), (0.6666667, 0.25), (0.6666667, 0.375), (0.7083333, 0.25), (0.6666667, 0.375), (0.7083333, 0.375), (0.7083333, 0.25), (0.7083333, 0.25), (0.7083333, 0.375), (0.75, 0.25), (0.7083333, 0.375), (0.75, 0.375), (0.75, 0.25), (0.75, 0.25), (0.75, 0.375), (0.7916667, 0.25), (0.75, 0.375), (0.7916667, 0.375), (0.7916667, 0.25), (0.7916667, 0.25), (0.7916667, 0.375), (0.8333333, 0.25), (0.7916667, 0.375), (0.8333333, 0.375), (0.8333333, 0.25), (0.8333333, 0.25), (0.8333333, 0.375), (0.875, 0.25), (0.8333333, 0.375), (0.875, 0.375), (0.875, 0.25), (0.875, 0.25), (0.875, 0.375), (0.9166667, 0.25), (0.875, 0.375), (0.9166667, 0.375), (0.9166667, 0.25), (0.9166667, 0.25), (0.9166667, 0.375), (0.9583333, 0.25), (0.9166667, 0.375), (0.9583333, 0.375), (0.9583333, 0.25), (0.9583333, 0.25), (0.9583333, 0.375), (1, 0.25), (0.9583333, 0.375), (1, 0.375), (1, 0.25), (0, 0.125), (0, 0.25), (0.041666668, 0.125), (0, 0.25), (0.041666668, 0.25), (0.041666668, 0.125), (0.041666668, 0.125), (0.041666668, 0.25), (0.083333336, 0.125), (0.041666668, 0.25), (0.083333336, 0.25), (0.083333336, 0.125), (0.083333336, 0.125), (0.083333336, 0.25), (0.125, 0.125), (0.083333336, 0.25), (0.125, 0.25), (0.125, 0.125), (0.125, 0.125), (0.125, 0.25), (0.16666667, 0.125), (0.125, 0.25), (0.16666667, 0.25), (0.16666667, 0.125), (0.16666667, 0.125), (0.16666667, 0.25), (0.20833333, 0.125), (0.16666667, 0.25), (0.20833333, 0.25), (0.20833333, 0.125), (0.20833333, 0.125), (0.20833333, 0.25), (0.25, 0.125), (0.20833333, 0.25), (0.25, 0.25), (0.25, 0.125), (0.25, 0.125), (0.25, 0.25), (0.29166666, 0.125), (0.25, 0.25), (0.29166666, 0.25), (0.29166666, 0.125), (0.29166666, 0.125), (0.29166666, 0.25), (0.33333334, 0.125), (0.29166666, 0.25), (0.33333334, 0.25), (0.33333334, 0.125), (0.33333334, 0.125), (0.33333334, 0.25), (0.375, 0.125), (0.33333334, 0.25), (0.375, 0.25), (0.375, 0.125), (0.375, 0.125), (0.375, 0.25), (0.41666666, 0.125), (0.375, 0.25), (0.41666666, 0.25), (0.41666666, 0.125), (0.41666666, 0.125), (0.41666666, 0.25), (0.45833334, 0.125), (0.41666666, 0.25), (0.45833334, 0.25), (0.45833334, 0.125), (0.45833334, 0.125), (0.45833334, 0.25), (0.5, 0.125), (0.45833334, 0.25), (0.5, 0.25), (0.5, 0.125), (0.5, 0.125), (0.5, 0.25), (0.5416667, 0.125), (0.5, 0.25), (0.5416667, 0.25), (0.5416667, 0.125), (0.5416667, 0.125), (0.5416667, 0.25), (0.5833333, 0.125), (0.5416667, 0.25), (0.5833333, 0.25), (0.5833333, 0.125), (0.5833333, 0.125), (0.5833333, 0.25), (0.625, 0.125), (0.5833333, 0.25), (0.625, 0.25), (0.625, 0.125), (0.625, 0.125), (0.625, 0.25), (0.6666667, 0.125), (0.625, 0.25), (0.6666667, 0.25), (0.6666667, 0.125), (0.6666667, 0.125), (0.6666667, 0.25), (0.7083333, 0.125), (0.6666667, 0.25), (0.7083333, 0.25), (0.7083333, 0.125), (0.7083333, 0.125), (0.7083333, 0.25), (0.75, 0.125), (0.7083333, 0.25), (0.75, 0.25), (0.75, 0.125), (0.75, 0.125), (0.75, 0.25), (0.7916667, 0.125), (0.75, 0.25), (0.7916667, 0.25), (0.7916667, 0.125), (0.7916667, 0.125), (0.7916667, 0.25), (0.8333333, 0.125), (0.7916667, 0.25), (0.8333333, 0.25), (0.8333333, 0.125), (0.8333333, 0.125), (0.8333333, 0.25), (0.875, 0.125), (0.8333333, 0.25), (0.875, 0.25), (0.875, 0.125), (0.875, 0.125), (0.875, 0.25), (0.9166667, 0.125), (0.875, 0.25), (0.9166667, 0.25), (0.9166667, 0.125), (0.9166667, 0.125), (0.9166667, 0.25), (0.9583333, 0.125), (0.9166667, 0.25), (0.9583333, 0.25), (0.9583333, 0.125), (0.9583333, 0.125), (0.9583333, 0.25), (1, 0.125), (0.9583333, 0.25), (1, 0.25), (1, 0.125), (0, 0), (0, 0.125), (0.041666668, 0), (0, 0.125), (0.041666668, 0.125), (0.041666668, 0), (0.041666668, 0), (0.041666668, 0.125), (0.083333336, 0), (0.041666668, 0.125), (0.083333336, 0.125), (0.083333336, 0), (0.083333336, 0), (0.083333336, 0.125), (0.125, 0), (0.083333336, 0.125), (0.125, 0.125), (0.125, 0), (0.125, 0), (0.125, 0.125), (0.16666667, 0), (0.125, 0.125), (0.16666667, 0.125), (0.16666667, 0), (0.16666667, 0), (0.16666667, 0.125), (0.20833333, 0), (0.16666667, 0.125), (0.20833333, 0.125), (0.20833333, 0), (0.20833333, 0), (0.20833333, 0.125), (0.25, 0), (0.20833333, 0.125), (0.25, 0.125), (0.25, 0), (0.25, 0), (0.25, 0.125), (0.29166666, 0), (0.25, 0.125), (0.29166666, 0.125), (0.29166666, 0), (0.29166666, 0), (0.29166666, 0.125), (0.33333334, 0), (0.29166666, 0.125), (0.33333334, 0.125), (0.33333334, 0), (0.33333334, 0), (0.33333334, 0.125), (0.375, 0), (0.33333334, 0.125), (0.375, 0.125), (0.375, 0), (0.375, 0), (0.375, 0.125), (0.41666666, 0), (0.375, 0.125), (0.41666666, 0.125), (0.41666666, 0), (0.41666666, 0), (0.41666666, 0.125), (0.45833334, 0), (0.41666666, 0.125), (0.45833334, 0.125), (0.45833334, 0), (0.45833334, 0), (0.45833334, 0.125), (0.5, 0), (0.45833334, 0.125), (0.5, 0.125), (0.5, 0), (0.5, 0), (0.5, 0.125), (0.5416667, 0), (0.5, 0.125), (0.5416667, 0.125), (0.5416667, 0), (0.5416667, 0), (0.5416667, 0.125), (0.5833333, 0), (0.5416667, 0.125), (0.5833333, 0.125), (0.5833333, 0), (0.5833333, 0), (0.5833333, 0.125), (0.625, 0), (0.5833333, 0.125), (0.625, 0.125), (0.625, 0), (0.625, 0), (0.625, 0.125), (0.6666667, 0), (0.625, 0.125), (0.6666667, 0.125), (0.6666667, 0), (0.6666667, 0), (0.6666667, 0.125), (0.7083333, 0), (0.6666667, 0.125), (0.7083333, 0.125), (0.7083333, 0), (0.7083333, 0), (0.7083333, 0.125), (0.75, 0), (0.7083333, 0.125), (0.75, 0.125), (0.75, 0), (0.75, 0), (0.75, 0.125), (0.7916667, 0), (0.75, 0.125), (0.7916667, 0.125), (0.7916667, 0), (0.7916667, 0), (0.7916667, 0.125), (0.8333333, 0), (0.7916667, 0.125), (0.8333333, 0.125), (0.8333333, 0), (0.8333333, 0), (0.8333333, 0.125), (0.875, 0), (0.8333333, 0.125), (0.875, 0.125), (0.875, 0), (0.875, 0), (0.875, 0.125), (0.9166667, 0), (0.875, 0.125), (0.9166667, 0.125), (0.9166667, 0), (0.9166667, 0), (0.9166667, 0.125), (0.9583333, 0), (0.9166667, 0.125), (0.9583333, 0.125), (0.9583333, 0), (0.9583333, 0), (0.9583333, 0.125), (1, 0), (0.9583333, 0.125), (1, 0.125), (1, 0)] (
                    interpolation = "faceVarying"
                )
                uniform token subdivisionScheme = "none"
                custom string userProperties:blender:data_name = "Mesh_3.019"
            }
        }

        def Xform "chamber_3"
        {
            custom string userProperties:blender:object_name = "chamber_3"
            float3 xformOp:rotateXYZ = (0, -0, 0)
            float3 xformOp:scale = (1, 1, 1)
            double3 xformOp:translate = (1.0800000429153442, 0, 0.7699999809265137)
            uniform token[] xformOpOrder = ["xformOp:translate", "xformOp:rotateXYZ", "xformOp:scale"]

            def Mesh "Mesh_9_013" (
                active = true
                prepend apiSchemas = ["MaterialBindingAPI"]
            )
            {
                uniform bool doubleSided = 0
                float3[] extent = [(-0.34, -0.34, -0.55), (0.34, 0.34, 0.55)]
                int[] faceVertexCounts = [3, 3, 3, 3, 3, 3, 3, 3, 3, 3, 3, 3, 3, 3, 3, 3, 3, 3, 3, 3, 3, 3, 3, 3, 3, 3, 3, 3, 3, 3, 3, 3, 3, 3, 3, 3, 3, 3, 3, 3, 3, 3, 3, 3, 3, 3, 3, 3, 3, 3, 3, 3, 3, 3, 3, 3, 3, 3, 3, 3, 3, 3, 3, 3, 3, 3, 3, 3, 3, 3, 3, 3, 3, 3, 3, 3, 3, 3, 3, 3, 3, 3, 3, 3, 3, 3, 3, 3, 3, 3, 3, 3, 3, 3, 3, 3]
                int[] faceVertexIndices = [0, 25, 1, 25, 26, 1, 1, 26, 2, 26, 27, 2, 2, 27, 3, 27, 28, 3, 3, 28, 4, 28, 29, 4, 4, 29, 5, 29, 30, 5, 5, 30, 6, 30, 31, 6, 6, 31, 7, 31, 32, 7, 7, 32, 8, 32, 33, 8, 8, 33, 9, 33, 34, 9, 9, 34, 10, 34, 35, 10, 10, 35, 11, 35, 36, 11, 11, 36, 12, 36, 37, 12, 12, 37, 13, 37, 38, 13, 13, 38, 14, 38, 39, 14, 14, 39, 15, 39, 40, 15, 15, 40, 16, 40, 41, 16, 16, 41, 17, 41, 42, 17, 17, 42, 18, 42, 43, 18, 18, 43, 19, 43, 44, 19, 19, 44, 20, 44, 45, 20, 20, 45, 21, 45, 46, 21, 21, 46, 22, 46, 47, 22, 22, 47, 23, 47, 48, 23, 23, 48, 24, 48, 49, 24, 74, 75, 50, 75, 76, 51, 76, 77, 52, 77, 78, 53, 78, 79, 54, 79, 80, 55, 80, 81, 56, 81, 82, 57, 82, 83, 58, 83, 84, 59, 84, 85, 60, 85, 86, 61, 86, 87, 62, 87, 88, 63, 88, 89, 64, 89, 90, 65, 90, 91, 66, 91, 92, 67, 92, 93, 68, 93, 94, 69, 94, 95, 70, 95, 96, 71, 96, 97, 72, 97, 98, 73, 124, 123, 99, 125, 124, 100, 126, 125, 101, 127, 126, 102, 128, 127, 103, 129, 128, 104, 130, 129, 105, 131, 130, 106, 132, 131, 107, 133, 132, 108, 134, 133, 109, 135, 134, 110, 136, 135, 111, 137, 136, 112, 138, 137, 113, 139, 138, 114, 140, 139, 115, 141, 140, 116, 142, 141, 117, 143, 142, 118, 144, 143, 119, 145, 144, 120, 146, 145, 121, 147, 146, 122]
                rel material:binding = </root/_materials/Material_9_013>
                normal3f[] normals = [(0.000028163195, -1, -0.0000062636177), (0.000028148293, -1, 0.0000062340605), (0.25881806, -0.9659261, 0), (0.000028148293, -1, 0.0000062340605), (0.25882, -0.9659256, 0), (0.25881806, -0.9659261, 0), (0.25881806, -0.9659261, 0), (0.25882, -0.9659256, 0), (0.4999991, -0.866026, 0), (0.25882, -0.9659256, 0), (0.50000083, -0.866025, 0), (0.4999991, -0.866026, 0), (0.4999991, -0.866026, 0), (0.50000083, -0.866025, 0), (0.707106, -0.7071076, 0), (0.50000083, -0.866025, 0), (0.7071076, -0.707106, 0), (0.707106, -0.7071076, 0), (0.707106, -0.7071076, 0), (0.7071076, -0.707106, 0), (0.86602485, -0.500001, 0), (0.7071076, -0.707106, 0), (0.86602604, -0.4999988, 0), (0.86602485, -0.500001, 0), (0.86602485, -0.500001, 0), (0.86602604, -0.4999988, 0), (0.9659256, -0.25882018, 0), (0.86602604, -0.4999988, 0), (0.9659261, -0.25881788, 0), (0.9659256, -0.25882018, 0), (0.9659256, -0.25882018, 0), (0.9659261, -0.25881788, 0), (1, -0.000001028577, 0), (0.9659261, -0.25881788, 0), (1, 0.000001028577, 0), (1, -0.000001028577, 0), (1, -0.000001028577, 0), (1, 0.000001028577, 0), (0.9659261, 0.25881788, 0), (1, 0.000001028577, 0), (0.9659256, 0.25882018, 0), (0.9659261, 0.25881788, 0), (0.9659261, 0.25881788, 0), (0.9659256, 0.25882018, 0), (0.86602604, 0.4999988, 0), (0.9659256, 0.25882018, 0), (0.86602485, 0.500001, 0), (0.86602604, 0.4999988, 0), (0.86602604, 0.4999988, 0), (0.86602485, 0.500001, 0), (0.7071076, 0.707106, 0), (0.86602485, 0.500001, 0), (0.707106, 0.7071076, 0), (0.7071076, 0.707106, 0), (0.7071076, 0.707106, 0), (0.707106, 0.7071076, 0), (0.50000083, 0.866025, 0), (0.707106, 0.7071076, 0), (0.4999991, 0.866026, 0), (0.50000083, 0.866025, 0), (0.50000083, 0.866025, 0), (0.4999991, 0.866026, 0), (0.25882, 0.9659256, 0), (0.4999991, 0.866026, 0), (0.25881806, 0.9659261, 0), (0.25882, 0.9659256, 0), (0.25882, 0.9659256, 0), (0.25881806, 0.9659261, 0), (0.0000010285768, 1, 0), (0.25881806, 0.9659261, 0), (-0.0000010285768, 1, 0), (0.0000010285768, 1, 0), (0.0000010285768, 1, 0), (-0.0000010285768, 1, 0), (-0.25881806, 0.9659261, 0), (-0.0000010285768, 1, 0), (-0.25882, 0.9659256, 0), (-0.25881806, 0.9659261, 0), (-0.25881806, 0.9659261, 0), (-0.25882, 0.9659256, 0), (-0.4999991, 0.866026, 0), (-0.25882, 0.9659256, 0), (-0.50000083, 0.866025, 0), (-0.4999991, 0.866026, 0), (-0.4999991, 0.866026, 0), (-0.50000083, 0.866025, 0), (-0.707106, 0.7071076, 0), (-0.50000083, 0.866025, 0), (-0.7071076, 0.707106, 0), (-0.707106, 0.7071076, 0), (-0.707106, 0.7071076, 0), (-0.7071076, 0.707106, 0), (-0.86602485, 0.500001, 0), (-0.7071076, 0.707106, 0), (-0.86602604, 0.4999988, 0), (-0.86602485, 0.500001, 0), (-0.86602485, 0.500001, 0), (-0.86602604, 0.4999988, 0), (-0.9659256, 0.25882018, 0), (-0.86602604, 0.4999988, 0), (-0.9659261, 0.25881788, 0), (-0.9659256, 0.25882018, 0), (-0.9659256, 0.25882018, 0), (-0.9659261, 0.25881788, 0), (-1, 0.000001028577, 0), (-0.9659261, 0.25881788, 0), (-1, -0.000001028577, 0), (-1, 0.000001028577, 0), (-1, 0.000001028577, 0), (-1, -0.000001028577, 0), (-0.9659261, -0.25881788, 0), (-1, -0.000001028577, 0), (-0.9659256, -0.25882018, 0), (-0.9659261, -0.25881788, 0), (-0.9659261, -0.25881788, 0), (-0.9659256, -0.25882018, 0), (-0.86602604, -0.4999988, 0), (-0.9659256, -0.25882018, 0), (-0.86602485, -0.500001, 0), (-0.86602604, -0.4999988, 0), (-0.86602604, -0.4999988, 0), (-0.86602485, -0.500001, 0), (-0.7071076, -0.707106, 0), (-0.86602485, -0.500001, 0), (-0.707106, -0.7071076, 0), (-0.7071076, -0.707106, 0), (-0.7071076, -0.707106, 0), (-0.707106, -0.7071076, 0), (-0.50000083, -0.866025, 0), (-0.707106, -0.7071076, 0), (-0.4999991, -0.866026, 0), (-0.50000083, -0.866025, 0), (-0.50000083, -0.866025, 0), (-0.4999991, -0.866026, 0), (-0.25882, -0.9659256, 0), (-0.4999991, -0.866026, 0), (-0.25881806, -0.9659261, 0), (-0.25882, -0.9659256, 0), (-0.25882, -0.9659256, 0), (-0.25881806, -0.9659261, 0), (-0.000028148293, -1, -0.0000062340605), (-0.25881806, -0.9659261, 0), (-0.000028163195, -1, 0.0000062636177), (-0.000028148293, -1, -0.0000062340605), (0, 0, 1), (0, 0, 1), (0, 0, 1), (0, 0, 1), (0, 0, 1), (0, 0, 1), (0, 0, 1), (0, 0, 1), (0, 0, 1), (0, 0, 1), (0, 0, 1), (0, 0, 1), (0, 0, 1), (0, 0, 1), (0, 0, 1), (-7.654175e-16, 0, 0.99999994), (-7.654175e-16, 0, 0.99999994), (-7.654175e-16, 0, 0.99999994), (0, 0, 0.99999994), (0, 0, 0.99999994), (0, 0, 0.99999994), (0, 0, 1), (0, 0, 1), (0, 0, 1), (0, 0, 0.99999994), (0, 0, 0.99999994), (0, 0, 0.99999994), (0, 0, 1), (0, 0, 1), (0, 0, 1), (0, 0, 1), (0, 0, 1), (0, 0, 1), (0, 0, 1), (0, 0, 1), (0, 0, 1), (0, 0, 1), (0, 0, 1), (0, 0, 1), (0, 0, 1), (0, 0, 1), (0, 0, 1), (0, 0, 1), (0, 0, 1), (0, 0, 1), (0, 0, 1), (0, 0, 1), (0, 0, 1), (0, 0, 1), (0, 0, 1), (0, 0, 1), (2.2962527e-15, 0, 0.99999994), (2.2962527e-15, 0, 0.99999994), (2.2962527e-15, 0, 0.99999994), (0, 0, 0.99999994), (0, 0, 0.99999994), (0, 0, 0.99999994), (0, 0, 1), (0, 0, 1), (0, 0, 1), (0, 0, 0.99999994), (0, 0, 0.99999994), (0, 0, 0.99999994), (0, 0, 1), (0, 0, 1), (0, 0, 1), (0, 0, 1), (0, 0, 1), (0, 0, 1), (0, 0, 1), (0, 0, 1), (0, 0, 1), (0, 0, -1), (0, 0, -1), (0, 0, -1), (0, 0, -1), (0, 0, -1), (0, 0, -1), (0, 0, -1), (0, 0, -1), (0, 0, -1), (0, 0, -0.99999994), (0, 0, -0.99999994), (0, 0, -0.99999994), (0, 0, -1), (0, 0, -1), (0, 0, -1), (0, 0, -0.99999994), (0, 0, -0.99999994), (0, 0, -0.99999994), (7.654175e-16, 0, -0.99999994), (7.654175e-16, 0, -0.99999994), (7.654175e-16, 0, -0.99999994), (0, 0, -1), (0, 0, -1), (0, 0, -1), (0, 0, -1), (0, 0, -1), (0, 0, -1), (0, 0, -1), (0, 0, -1), (0, 0, -1), (0, 0, -1), (0, 0, -1), (0, 0, -1), (0, 0, -1), (0, 0, -1), (0, 0, -1), (0, 0, -1), (0, 0, -1), (0, 0, -1), (0, 0, -1), (0, 0, -1), (0, 0, -1), (0, 0, -1), (0, 0, -1), (0, 0, -1), (0, 0, -0.99999994), (0, 0, -0.99999994), (0, 0, -0.99999994), (0, 0, -1), (0, 0, -1), (0, 0, -1), (0, 0, -0.99999994), (0, 0, -0.99999994), (0, 0, -0.99999994), (-2.2962527e-15, 0, -0.99999994), (-2.2962527e-15, 0, -0.99999994), (-2.2962527e-15, 0, -0.99999994), (0, 0, -1), (0, 0, -1), (0, 0, -1), (0, 0, -1), (0, 0, -1), (0, 0, -1), (0, 0, -1), (0, 0, -1), (0, 0, -1), (0, 0, -1), (0, 0, -1), (0, 0, -1), (0, 0, -1), (0, 0, -1), (0, 0, -1)] (
                    interpolation = "faceVarying"
                )
                point3f[] points = [(0, -0.34, 0.55), (0.08799847, -0.32841477, 0.55), (0.17, -0.29444864, 0.55), (0.2404163, -0.2404163, 0.55), (0.29444864, -0.17, 0.55), (0.32841477, -0.08799847, 0.55), (0.34, -2.0818996e-17, 0.55), (0.32841477, 0.08799847, 0.55), (0.29444864, 0.17, 0.55), (0.2404163, 0.2404163, 0.55), (0.17, 0.29444864, 0.55), (0.08799847, 0.32841477, 0.55), (4.1637992e-17, 0.34, 0.55), (-0.08799847, 0.32841477, 0.55), (-0.17, 0.29444864, 0.55), (-0.2404163, 0.2404163, 0.55), (-0.29444864, 0.17, 0.55), (-0.32841477, 0.08799847, 0.55), (-0.34, 6.245699e-17, 0.55), (-0.32841477, -0.08799847, 0.55), (-0.29444864, -0.17, 0.55), (-0.2404163, -0.2404163, 0.55), (-0.17, -0.29444864, 0.55), (-0.08799847, -0.32841477, 0.55), (-8.3275985e-17, -0.34, 0.55), (0, -0.34, -0.55), (0.08799847, -0.32841477, -0.55), (0.17, -0.29444864, -0.55), (0.2404163, -0.2404163, -0.55), (0.29444864, -0.17, -0.55), (0.32841477, -0.08799847, -0.55), (0.34, -2.0818996e-17, -0.55), (0.32841477, 0.08799847, -0.55), (0.29444864, 0.17, -0.55), (0.2404163, 0.2404163, -0.55), (0.17, 0.29444864, -0.55), (0.08799847, 0.32841477, -0.55), (4.1637992e-17, 0.34, -0.55), (-0.08799847, 0.32841477, -0.55), (-0.17, 0.29444864, -0.55), (-0.2404163, 0.2404163, -0.55), (-0.29444864, 0.17, -0.55), (-0.32841477, 0.08799847, -0.55), (-0.34, 6.245699e-17, -0.55), (-0.32841477, -0.08799847, -0.55), (-0.29444864, -0.17, -0.55), (-0.2404163, -0.2404163, -0.55), (-0.17, -0.29444864, -0.55), (-0.08799847, -0.32841477, -0.55), (-8.3275985e-17, -0.34, -0.55), (0, -0, 0.55), (0, -0, 0.55), (0, -0, 0.55), (0, -0, 0.55), (0, -0, 0.55), (0, -0, 0.55), (0, -0, 0.55), (0, -0, 0.55), (0, -0, 0.55), (0, -0, 0.55), (0, -0, 0.55), (0, -0, 0.55), (0, -0, 0.55), (0, -0, 0.55), (0, -0, 0.55), (0, -0, 0.55), (0, -0, 0.55), (0, -0, 0.55), (0, -0, 0.55), (0, -0, 0.55), (0, -0, 0.55), (0, -0, 0.55), (0, -0, 0.55), (0, -0, 0.55), (0, -0.34, 0.55), (0.08799847, -0.32841477, 0.55), (0.17, -0.29444864, 0.55), (0.2404163, -0.2404163, 0.55), (0.29444864, -0.17, 0.55), (0.32841477, -0.08799847, 0.55), (0.34, -2.0818996e-17, 0.55), (0.32841477, 0.08799847, 0.55), (0.29444864, 0.17, 0.55), (0.2404163, 0.2404163, 0.55), (0.17, 0.29444864, 0.55), (0.08799847, 0.32841477, 0.55), (4.1637992e-17, 0.34, 0.55), (-0.08799847, 0.32841477, 0.55), (-0.17, 0.29444864, 0.55), (-0.2404163, 0.2404163, 0.55), (-0.29444864, 0.17, 0.55), (-0.32841477, 0.08799847, 0.55), (-0.34, 6.245699e-17, 0.55), (-0.32841477, -0.08799847, 0.55), (-0.29444864, -0.17, 0.55), (-0.2404163, -0.2404163, 0.55), (-0.17, -0.29444864, 0.55), (-0.08799847, -0.32841477, 0.55), (-8.3275985e-17, -0.34, 0.55), (0, -0, -0.55), (0, -0, -0.55), (0, -0, -0.55), (0, -0, -0.55), (0, -0, -0.55), (0, -0, -0.55), (0, -0, -0.55), (0, -0, -0.55), (0, -0, -0.55), (0, -0, -0.55), (0, -0, -0.55), (0, -0, -0.55), (0, -0, -0.55), (0, -0, -0.55), (0, -0, -0.55), (0, -0, -0.55), (0, -0, -0.55), (0, -0, -0.55), (0, -0, -0.55), (0, -0, -0.55), (0, -0, -0.55), (0, -0, -0.55), (0, -0, -0.55), (0, -0, -0.55), (0, -0.34, -0.55), (0.08799847, -0.32841477, -0.55), (0.17, -0.29444864, -0.55), (0.2404163, -0.2404163, -0.55), (0.29444864, -0.17, -0.55), (0.32841477, -0.08799847, -0.55), (0.34, -2.0818996e-17, -0.55), (0.32841477, 0.08799847, -0.55), (0.29444864, 0.17, -0.55), (0.2404163, 0.2404163, -0.55), (0.17, 0.29444864, -0.55), (0.08799847, 0.32841477, -0.55), (4.1637992e-17, 0.34, -0.55), (-0.08799847, 0.32841477, -0.55), (-0.17, 0.29444864, -0.55), (-0.2404163, 0.2404163, -0.55), (-0.29444864, 0.17, -0.55), (-0.32841477, 0.08799847, -0.55), (-0.34, 6.245699e-17, -0.55), (-0.32841477, -0.08799847, -0.55), (-0.29444864, -0.17, -0.55), (-0.2404163, -0.2404163, -0.55), (-0.17, -0.29444864, -0.55), (-0.08799847, -0.32841477, -0.55), (-8.3275985e-17, -0.34, -0.55)]
                texCoord2f[] primvars:st = [(0, 0), (0, 1), (0.041666668, 0), (0, 1), (0.041666668, 1), (0.041666668, 0), (0.041666668, 0), (0.041666668, 1), (0.083333336, 0), (0.041666668, 1), (0.083333336, 1), (0.083333336, 0), (0.083333336, 0), (0.083333336, 1), (0.125, 0), (0.083333336, 1), (0.125, 1), (0.125, 0), (0.125, 0), (0.125, 1), (0.16666667, 0), (0.125, 1), (0.16666667, 1), (0.16666667, 0), (0.16666667, 0), (0.16666667, 1), (0.20833333, 0), (0.16666667, 1), (0.20833333, 1), (0.20833333, 0), (0.20833333, 0), (0.20833333, 1), (0.25, 0), (0.20833333, 1), (0.25, 1), (0.25, 0), (0.25, 0), (0.25, 1), (0.29166666, 0), (0.25, 1), (0.29166666, 1), (0.29166666, 0), (0.29166666, 0), (0.29166666, 1), (0.33333334, 0), (0.29166666, 1), (0.33333334, 1), (0.33333334, 0), (0.33333334, 0), (0.33333334, 1), (0.375, 0), (0.33333334, 1), (0.375, 1), (0.375, 0), (0.375, 0), (0.375, 1), (0.41666666, 0), (0.375, 1), (0.41666666, 1), (0.41666666, 0), (0.41666666, 0), (0.41666666, 1), (0.45833334, 0), (0.41666666, 1), (0.45833334, 1), (0.45833334, 0), (0.45833334, 0), (0.45833334, 1), (0.5, 0), (0.45833334, 1), (0.5, 1), (0.5, 0), (0.5, 0), (0.5, 1), (0.5416667, 0), (0.5, 1), (0.5416667, 1), (0.5416667, 0), (0.5416667, 0), (0.5416667, 1), (0.5833333, 0), (0.5416667, 1), (0.5833333, 1), (0.5833333, 0), (0.5833333, 0), (0.5833333, 1), (0.625, 0), (0.5833333, 1), (0.625, 1), (0.625, 0), (0.625, 0), (0.625, 1), (0.6666667, 0), (0.625, 1), (0.6666667, 1), (0.6666667, 0), (0.6666667, 0), (0.6666667, 1), (0.7083333, 0), (0.6666667, 1), (0.7083333, 1), (0.7083333, 0), (0.7083333, 0), (0.7083333, 1), (0.75, 0), (0.7083333, 1), (0.75, 1), (0.75, 0), (0.75, 0), (0.75, 1), (0.7916667, 0), (0.75, 1), (0.7916667, 1), (0.7916667, 0), (0.7916667, 0), (0.7916667, 1), (0.8333333, 0), (0.7916667, 1), (0.8333333, 1), (0.8333333, 0), (0.8333333, 0), (0.8333333, 1), (0.875, 0), (0.8333333, 1), (0.875, 1), (0.875, 0), (0.875, 0), (0.875, 1), (0.9166667, 0), (0.875, 1), (0.9166667, 1), (0.9166667, 0), (0.9166667, 0), (0.9166667, 1), (0.9583333, 0), (0.9166667, 1), (0.9583333, 1), (0.9583333, 0), (0.9583333, 0), (0.9583333, 1), (1, 0), (0.9583333, 1), (1, 1), (1, 0), (1, 0.5), (0.9829629, 0.37059045), (0.5, 0.5), (0.9829629, 0.37059045), (0.9330127, 0.25), (0.5, 0.5), (0.9330127, 0.25), (0.8535534, 0.14644659), (0.5, 0.5), (0.8535534, 0.14644659), (0.75, 0.066987276), (0.5, 0.5), (0.75, 0.066987276), (0.62940955, 0.017037094), (0.5, 0.5), (0.62940955, 0.017037094), (0.5, 0), (0.5, 0.5), (0.5, 0), (0.37059048, 0.017037094), (0.5, 0.5), (0.37059048, 0.017037094), (0.25, 0.066987276), (0.5, 0.5), (0.25, 0.066987276), (0.14644662, 0.14644659), (0.5, 0.5), (0.14644662, 0.14644659), (0.0669873, 0.25), (0.5, 0.5), (0.0669873, 0.25), (0.017037086, 0.37059045), (0.5, 0.5), (0.017037086, 0.37059045), (0, 0.5), (0.5, 0.5), (0, 0.5), (0.017037086, 0.62940955), (0.5, 0.5), (0.017037086, 0.62940955), (0.0669873, 0.75), (0.5, 0.5), (0.0669873, 0.75), (0.14644662, 0.8535534), (0.5, 0.5), (0.14644662, 0.8535534), (0.25, 0.9330127), (0.5, 0.5), (0.25, 0.9330127), (0.37059048, 0.9829629), (0.5, 0.5), (0.37059048, 0.9829629), (0.5, 1), (0.5, 0.5), (0.5, 1), (0.62940955, 0.9829629), (0.5, 0.5), (0.62940955, 0.9829629), (0.75, 0.9330127), (0.5, 0.5), (0.75, 0.9330127), (0.8535534, 0.8535534), (0.5, 0.5), (0.8535534, 0.8535534), (0.9330127, 0.75), (0.5, 0.5), (0.9330127, 0.75), (0.9829629, 0.62940955), (0.5, 0.5), (0.9829629, 0.62940955), (1, 0.5), (0.5, 0.5), (0.9829629, 0.62940955), (1, 0.5), (0.5, 0.5), (0.9330127, 0.75), (0.9829629, 0.62940955), (0.5, 0.5), (0.8535534, 0.8535534), (0.9330127, 0.75), (0.5, 0.5), (0.75, 0.9330127), (0.8535534, 0.8535534), (0.5, 0.5), (0.62940955, 0.9829629), (0.75, 0.9330127), (0.5, 0.5), (0.5, 1), (0.62940955, 0.9829629), (0.5, 0.5), (0.37059048, 0.9829629), (0.5, 1), (0.5, 0.5), (0.25, 0.9330127), (0.37059048, 0.9829629), (0.5, 0.5), (0.14644662, 0.8535534), (0.25, 0.9330127), (0.5, 0.5), (0.0669873, 0.75), (0.14644662, 0.8535534), (0.5, 0.5), (0.017037086, 0.62940955), (0.0669873, 0.75), (0.5, 0.5), (0, 0.5), (0.017037086, 0.62940955), (0.5, 0.5), (0.017037086, 0.37059045), (0, 0.5), (0.5, 0.5), (0.0669873, 0.25), (0.017037086, 0.37059045), (0.5, 0.5), (0.14644662, 0.14644659), (0.0669873, 0.25), (0.5, 0.5), (0.25, 0.066987276), (0.14644662, 0.14644659), (0.5, 0.5), (0.37059048, 0.017037094), (0.25, 0.066987276), (0.5, 0.5), (0.5, 0), (0.37059048, 0.017037094), (0.5, 0.5), (0.62940955, 0.017037094), (0.5, 0), (0.5, 0.5), (0.75, 0.066987276), (0.62940955, 0.017037094), (0.5, 0.5), (0.8535534, 0.14644659), (0.75, 0.066987276), (0.5, 0.5), (0.9330127, 0.25), (0.8535534, 0.14644659), (0.5, 0.5), (0.9829629, 0.37059045), (0.9330127, 0.25), (0.5, 0.5), (1, 0.5), (0.9829629, 0.37059045), (0.5, 0.5)] (
                    interpolation = "faceVarying"
                )
                uniform token subdivisionScheme = "none"
                custom string userProperties:blender:data_name = "Mesh_9.013"
            }
        }

        def Xform "support_base"
        {
            custom string userProperties:blender:object_name = "support_base"
            float3 xformOp:rotateXYZ = (0, -0, 0)
            float3 xformOp:scale = (1, 1, 1)
            double3 xformOp:translate = (0, 0, 0.10999999940395355)
            uniform token[] xformOpOrder = ["xformOp:translate", "xformOp:rotateXYZ", "xformOp:scale"]

            def Mesh "Mesh_0_019" (
                active = true
                prepend apiSchemas = ["MaterialBindingAPI"]
            )
            {
                uniform bool doubleSided = 0
                float3[] extent = [(-1.44, -0.8, -0.11), (1.44, 0.8, 0.11)]
                int[] faceVertexCounts = [3, 3, 3, 3, 3, 3, 3, 3, 3, 3, 3, 3]
                int[] faceVertexIndices = [0, 2, 1, 2, 3, 1, 4, 6, 5, 6, 7, 5, 8, 10, 9, 10, 11, 9, 12, 14, 13, 14, 15, 13, 16, 18, 17, 18, 19, 17, 20, 22, 21, 22, 23, 21]
                rel material:binding = </root/_materials/Material_0_019>
                normal3f[] normals = [(0.99999994, 0, 0), (0.99999994, 0, 0), (0.99999994, 0, 0), (0.99999994, 0, 0), (0.99999994, 0, 0), (0.99999994, 0, 0), (-0.99999994, 0, 0), (-0.99999994, 0, 0), (-0.99999994, 0, 0), (-0.99999994, 0, 0), (-0.99999994, 0, 0), (-0.99999994, 0, 0), (0, 0, 1), (0, 0, 1), (0, 0, 1), (0, 0, 1), (0, 0, 1), (0, 0, 1), (0, 0, -1), (0, 0, -1), (0, 0, -1), (0, 0, -1), (0, 0, -1), (0, 0, -1), (0, -1, 0), (0, -1, 0), (0, -1, 0), (0, -1, 0), (0, -1, 0), (0, -1, 0), (0, 1, 0), (0, 1, 0), (0, 1, 0), (0, 1, 0), (0, 1, 0), (0, 1, 0)] (
                    interpolation = "faceVarying"
                )
                point3f[] points = [(1.44, -0.8, 0.11), (1.44, 0.8, 0.11), (1.44, -0.8, -0.11), (1.44, 0.8, -0.11), (-1.44, 0.8, 0.11), (-1.44, -0.8, 0.11), (-1.44, 0.8, -0.11), (-1.44, -0.8, -0.11), (-1.44, 0.8, 0.11), (1.44, 0.8, 0.11), (-1.44, -0.8, 0.11), (1.44, -0.8, 0.11), (-1.44, -0.8, -0.11), (1.44, -0.8, -0.11), (-1.44, 0.8, -0.11), (1.44, 0.8, -0.11), (-1.44, -0.8, 0.11), (1.44, -0.8, 0.11), (-1.44, -0.8, -0.11), (1.44, -0.8, -0.11), (1.44, 0.8, 0.11), (-1.44, 0.8, 0.11), (1.44, 0.8, -0.11), (-1.44, 0.8, -0.11)]
                texCoord2f[] primvars:st = [(0, 0), (0, 1), (1, 0), (0, 1), (1, 1), (1, 0), (0, 0), (0, 1), (1, 0), (0, 1), (1, 1), (1, 0), (0, 0), (0, 1), (1, 0), (0, 1), (1, 1), (1, 0), (0, 0), (0, 1), (1, 0), (0, 1), (1, 1), (1, 0), (0, 0), (0, 1), (1, 0), (0, 1), (1, 1), (1, 0), (0, 0), (0, 1), (1, 0), (0, 1), (1, 1), (1, 0)] (
                    interpolation = "faceVarying"
                )
                uniform token subdivisionScheme = "none"
                custom string userProperties:blender:data_name = "Mesh_0.019"
            }
        }

        def Xform "beamline_pipe_1"
        {
            custom string userProperties:blender:object_name = "beamline_pipe_1"
            float3 xformOp:rotateXYZ = (90.000015, -0, 0)
            float3 xformOp:scale = (1, 1.0000001, 1.0000001)
            double3 xformOp:translate = (-0.36000001430511475, 0, 0.800000011920929)
            uniform token[] xformOpOrder = ["xformOp:translate", "xformOp:rotateXYZ", "xformOp:scale"]

            def Mesh "Mesh_2_019" (
                active = true
                prepend apiSchemas = ["MaterialBindingAPI"]
            )
            {
                uniform bool doubleSided = 0
                float3[] extent = [(-0.065, -0.065, -0.55), (0.065, 0.065, 0.55)]
                int[] faceVertexCounts = [3, 3, 3, 3, 3, 3, 3, 3, 3, 3, 3, 3, 3, 3, 3, 3, 3, 3, 3, 3, 3, 3, 3, 3, 3, 3, 3, 3, 3, 3, 3, 3, 3, 3, 3, 3, 3, 3, 3, 3, 3, 3, 3, 3, 3, 3, 3, 3, 3, 3, 3, 3, 3, 3, 3, 3, 3, 3, 3, 3, 3, 3, 3, 3]
                int[] faceVertexIndices = [0, 17, 1, 17, 18, 1, 1, 18, 2, 18, 19, 2, 2, 19, 3, 19, 20, 3, 3, 20, 4, 20, 21, 4, 4, 21, 5, 21, 22, 5, 5, 22, 6, 22, 23, 6, 6, 23, 7, 23, 24, 7, 7, 24, 8, 24, 25, 8, 8, 25, 9, 25, 26, 9, 9, 26, 10, 26, 27, 10, 10, 27, 11, 27, 28, 11, 11, 28, 12, 28, 29, 12, 12, 29, 13, 29, 30, 13, 13, 30, 14, 30, 31, 14, 14, 31, 15, 31, 32, 15, 15, 32, 16, 32, 33, 16, 50, 51, 34, 51, 52, 35, 52, 53, 36, 53, 54, 37, 54, 55, 38, 55, 56, 39, 56, 57, 40, 57, 58, 41, 58, 59, 42, 59, 60, 43, 60, 61, 44, 61, 62, 45, 62, 63, 46, 63, 64, 47, 64, 65, 48, 65, 66, 49, 84, 83, 67, 85, 84, 68, 86, 85, 69, 87, 86, 70, 88, 87, 71, 89, 88, 72, 90, 89, 73, 91, 90, 74, 92, 91, 75, 93, 92, 76, 94, 93, 77, 95, 94, 78, 96, 95, 79, 97, 96, 80, 98, 97, 81, 99, 98, 82]
                rel material:binding = </root/_materials/Material_2_019>
                normal3f[] normals = [(0.000041797757, -1.0000001, -0.000009361899), (0.000041797757, -1, 0.000009317721), (0.38268235, -0.9238799, 0), (0.000041797757, -1, 0.000009317721), (0.38268435, -0.92387915, 0), (0.38268235, -0.9238799, 0), (0.38268235, -0.9238799, 0), (0.38268435, -0.92387915, 0), (0.707106, -0.70710754, 0), (0.38268435, -0.92387915, 0), (0.70710754, -0.707106, 0), (0.707106, -0.70710754, 0), (0.707106, -0.70710754, 0), (0.70710754, -0.707106, 0), (0.92387915, -0.3826843, 0), (0.70710754, -0.707106, 0), (0.92388, -0.38268226, 0), (0.92387915, -0.3826843, 0), (0.92387915, -0.3826843, 0), (0.92388, -0.38268226, 0), (1, -0.0000010639387, 0), (0.92388, -0.38268226, 0), (1, 0.0000010639387, 0), (1, -0.0000010639387, 0), (1, -0.0000010639387, 0), (1, 0.0000010639387, 0), (0.92388, 0.38268226, 0), (1, 0.0000010639387, 0), (0.92387915, 0.3826843, 0), (0.92388, 0.38268226, 0), (0.92388, 0.38268226, 0), (0.92387915, 0.3826843, 0), (0.70710754, 0.707106, 0), (0.92387915, 0.3826843, 0), (0.707106, 0.70710754, 0), (0.70710754, 0.707106, 0), (0.70710754, 0.707106, 0), (0.707106, 0.70710754, 0), (0.38268435, 0.92387915, 0), (0.707106, 0.70710754, 0), (0.38268235, 0.9238799, 0), (0.38268435, 0.92387915, 0), (0.38268435, 0.92387915, 0), (0.38268235, 0.9238799, 0), (0.0000010542666, 1, 0), (0.38268235, 0.9238799, 0), (-0.0000010542666, 1, 0), (0.0000010542666, 1, 0), (0.0000010542666, 1, 0), (-0.0000010542666, 1, 0), (-0.38268235, 0.9238799, 0), (-0.0000010542666, 1, 0), (-0.38268435, 0.92387915, 0), (-0.38268235, 0.9238799, 0), (-0.38268235, 0.9238799, 0), (-0.38268435, 0.92387915, 0), (-0.707106, 0.70710754, 0), (-0.38268435, 0.92387915, 0), (-0.70710754, 0.707106, 0), (-0.707106, 0.70710754, 0), (-0.707106, 0.70710754, 0), (-0.70710754, 0.707106, 0), (-0.92387915, 0.3826843, 0), (-0.70710754, 0.707106, 0), (-0.92388, 0.38268226, 0), (-0.92387915, 0.3826843, 0), (-0.92387915, 0.3826843, 0), (-0.92388, 0.38268226, 0), (-1, 0.0000010639387, 0), (-0.92388, 0.38268226, 0), (-1, -0.0000010639387, 0), (-1, 0.0000010639387, 0), (-1, 0.0000010639387, 0), (-1, -0.0000010639387, 0), (-0.92388, -0.38268226, 0), (-1, -0.0000010639387, 0), (-0.92387915, -0.3826843, 0), (-0.92388, -0.38268226, 0), (-0.92388, -0.38268226, 0), (-0.92387915, -0.3826843, 0), (-0.70710754, -0.707106, 0), (-0.92387915, -0.3826843, 0), (-0.707106, -0.70710754, 0), (-0.70710754, -0.707106, 0), (-0.70710754, -0.707106, 0), (-0.707106, -0.70710754, 0), (-0.38268435, -0.92387915, 0), (-0.707106, -0.70710754, 0), (-0.38268235, -0.9238799, 0), (-0.38268435, -0.92387915, 0), (-0.38268435, -0.92387915, 0), (-0.38268235, -0.9238799, 0), (-0.000041797757, -1, -0.000009317721), (-0.38268235, -0.9238799, 0), (-0.000041797757, -1.0000001, 0.000009361899), (-0.000041797757, -1, -0.000009317721), (-0.00000460812, 0, 1), (-0.00000460812, 0, 1), (-0.00000460812, 0, 1), (0, 0, 1), (0, 0, 1), (0, 0, 1), (0, 0, 1), (0, 0, 1), (0, 0, 1), (-2.7078248e-15, 0, 1), (-2.7078248e-15, 0, 1), (-2.7078248e-15, 0, 1), (0, 0, 1), (0, 0, 1), (0, 0, 1), (0, 0, 1), (0, 0, 1), (0, 0, 1), (0, 0, 1), (0, 0, 1), (0, 0, 1), (-0.00000460812, 0, 1), (-0.00000460812, 0, 1), (-0.00000460812, 0, 1), (0.00000460812, 0, 1), (0.00000460812, 0, 1), (0.00000460812, 0, 1), (0, 0, 1), (0, 0, 1), (0, 0, 1), (0, 0, 1), (0, 0, 1), (0, 0, 1), (8.1234746e-15, 0, 1), (8.1234746e-15, 0, 1), (8.1234746e-15, 0, 1), (0, 0, 1), (0, 0, 1), (0, 0, 1), (0, 0, 1), (0, 0, 1), (0, 0, 1), (0, 0, 1), (0, 0, 1), (0, 0, 1), (0.00000460812, 0, 1), (0.00000460812, 0, 1), (0.00000460812, 0, 1), (-0.00000460812, 0, -1), (-0.00000460812, 0, -1), (-0.00000460812, 0, -1), (0, 0, -1), (0, 0, -1), (0, 0, -1), (0, 0, -1), (0, 0, -1), (0, 0, -1), (0, 0, -1), (0, 0, -1), (0, 0, -1), (2.7078248e-15, 0, -1), (2.7078248e-15, 0, -1), (2.7078248e-15, 0, -1), (0, 0, -1), (0, 0, -1), (0, 0, -1), (0, 0, -1), (0, 0, -1), (0, 0, -1), (-0.00000460812, 0, -1), (-0.00000460812, 0, -1), (-0.00000460812, 0, -1), (0.00000460812, 0, -1), (0.00000460812, 0, -1), (0.00000460812, 0, -1), (0, 0, -1), (0, 0, -1), (0, 0, -1), (0, 0, -1), (0, 0, -1), (0, 0, -1), (0, 0, -1), (0, 0, -1), (0, 0, -1), (-8.1234746e-15, 0, -1), (-8.1234746e-15, 0, -1), (-8.1234746e-15, 0, -1), (0, 0, -1), (0, 0, -1), (0, 0, -1), (0, 0, -1), (0, 0, -1), (0, 0, -1), (0.00000460812, 0, -1), (0.00000460812, 0, -1), (0.00000460812, 0, -1)] (
                    interpolation = "faceVarying"
                )
                point3f[] points = [(0, -0.065, 0.55), (0.024874423, -0.06005217, 0.55), (0.045961943, -0.045961943, 0.55), (0.06005217, -0.024874423, 0.55), (0.065, -3.980102e-18, 0.55), (0.06005217, 0.024874423, 0.55), (0.045961943, 0.045961943, 0.55), (0.024874423, 0.06005217, 0.55), (7.960204e-18, 0.065, 0.55), (-0.024874423, 0.06005217, 0.55), (-0.045961943, 0.045961943, 0.55), (-0.06005217, 0.024874423, 0.55), (-0.065, 1.1940307e-17, 0.55), (-0.06005217, -0.024874423, 0.55), (-0.045961943, -0.045961943, 0.55), (-0.024874423, -0.06005217, 0.55), (-1.5920408e-17, -0.065, 0.55), (0, -0.065, -0.55), (0.024874423, -0.06005217, -0.55), (0.045961943, -0.045961943, -0.55), (0.06005217, -0.024874423, -0.55), (0.065, -3.980102e-18, -0.55), (0.06005217, 0.024874423, -0.55), (0.045961943, 0.045961943, -0.55), (0.024874423, 0.06005217, -0.55), (7.960204e-18, 0.065, -0.55), (-0.024874423, 0.06005217, -0.55), (-0.045961943, 0.045961943, -0.55), (-0.06005217, 0.024874423, -0.55), (-0.065, 1.1940307e-17, -0.55), (-0.06005217, -0.024874423, -0.55), (-0.045961943, -0.045961943, -0.55), (-0.024874423, -0.06005217, -0.55), (-1.5920408e-17, -0.065, -0.55), (0, -0, 0.55), (0, -0, 0.55), (0, -0, 0.55), (0, -0, 0.55), (0, -0, 0.55), (0, -0, 0.55), (0, -0, 0.55), (0, -0, 0.55), (0, -0, 0.55), (0, -0, 0.55), (0, -0, 0.55), (0, -0, 0.55), (0, -0, 0.55), (0, -0, 0.55), (0, -0, 0.55), (0, -0, 0.55), (0, -0.065, 0.55), (0.024874423, -0.06005217, 0.55), (0.045961943, -0.045961943, 0.55), (0.06005217, -0.024874423, 0.55), (0.065, -3.980102e-18, 0.55), (0.06005217, 0.024874423, 0.55), (0.045961943, 0.045961943, 0.55), (0.024874423, 0.06005217, 0.55), (7.960204e-18, 0.065, 0.55), (-0.024874423, 0.06005217, 0.55), (-0.045961943, 0.045961943, 0.55), (-0.06005217, 0.024874423, 0.55), (-0.065, 1.1940307e-17, 0.55), (-0.06005217, -0.024874423, 0.55), (-0.045961943, -0.045961943, 0.55), (-0.024874423, -0.06005217, 0.55), (-1.5920408e-17, -0.065, 0.55), (0, -0, -0.55), (0, -0, -0.55), (0, -0, -0.55), (0, -0, -0.55), (0, -0, -0.55), (0, -0, -0.55), (0, -0, -0.55), (0, -0, -0.55), (0, -0, -0.55), (0, -0, -0.55), (0, -0, -0.55), (0, -0, -0.55), (0, -0, -0.55), (0, -0, -0.55), (0, -0, -0.55), (0, -0, -0.55), (0, -0.065, -0.55), (0.024874423, -0.06005217, -0.55), (0.045961943, -0.045961943, -0.55), (0.06005217, -0.024874423, -0.55), (0.065, -3.980102e-18, -0.55), (0.06005217, 0.024874423, -0.55), (0.045961943, 0.045961943, -0.55), (0.024874423, 0.06005217, -0.55), (7.960204e-18, 0.065, -0.55), (-0.024874423, 0.06005217, -0.55), (-0.045961943, 0.045961943, -0.55), (-0.06005217, 0.024874423, -0.55), (-0.065, 1.1940307e-17, -0.55), (-0.06005217, -0.024874423, -0.55), (-0.045961943, -0.045961943, -0.55), (-0.024874423, -0.06005217, -0.55), (-1.5920408e-17, -0.065, -0.55)]
                texCoord2f[] primvars:st = [(0, 0), (0, 1), (0.0625, 0), (0, 1), (0.0625, 1), (0.0625, 0), (0.0625, 0), (0.0625, 1), (0.125, 0), (0.0625, 1), (0.125, 1), (0.125, 0), (0.125, 0), (0.125, 1), (0.1875, 0), (0.125, 1), (0.1875, 1), (0.1875, 0), (0.1875, 0), (0.1875, 1), (0.25, 0), (0.1875, 1), (0.25, 1), (0.25, 0), (0.25, 0), (0.25, 1), (0.3125, 0), (0.25, 1), (0.3125, 1), (0.3125, 0), (0.3125, 0), (0.3125, 1), (0.375, 0), (0.3125, 1), (0.375, 1), (0.375, 0), (0.375, 0), (0.375, 1), (0.4375, 0), (0.375, 1), (0.4375, 1), (0.4375, 0), (0.4375, 0), (0.4375, 1), (0.5, 0), (0.4375, 1), (0.5, 1), (0.5, 0), (0.5, 0), (0.5, 1), (0.5625, 0), (0.5, 1), (0.5625, 1), (0.5625, 0), (0.5625, 0), (0.5625, 1), (0.625, 0), (0.5625, 1), (0.625, 1), (0.625, 0), (0.625, 0), (0.625, 1), (0.6875, 0), (0.625, 1), (0.6875, 1), (0.6875, 0), (0.6875, 0), (0.6875, 1), (0.75, 0), (0.6875, 1), (0.75, 1), (0.75, 0), (0.75, 0), (0.75, 1), (0.8125, 0), (0.75, 1), (0.8125, 1), (0.8125, 0), (0.8125, 0), (0.8125, 1), (0.875, 0), (0.8125, 1), (0.875, 1), (0.875, 0), (0.875, 0), (0.875, 1), (0.9375, 0), (0.875, 1), (0.9375, 1), (0.9375, 0), (0.9375, 0), (0.9375, 1), (1, 0), (0.9375, 1), (1, 1), (1, 0), (1, 0.5), (0.96193975, 0.3086583), (0.5, 0.5), (0.96193975, 0.3086583), (0.8535534, 0.14644659), (0.5, 0.5), (0.8535534, 0.14644659), (0.6913417, 0.038060248), (0.5, 0.5), (0.6913417, 0.038060248), (0.5, 0), (0.5, 0.5), (0.5, 0), (0.30865827, 0.038060248), (0.5, 0.5), (0.30865827, 0.038060248), (0.14644662, 0.14644659), (0.5, 0.5), (0.14644662, 0.14644659), (0.038060233, 0.3086583), (0.5, 0.5), (0.038060233, 0.3086583), (0, 0.5), (0.5, 0.5), (0, 0.5), (0.038060233, 0.69134176), (0.5, 0.5), (0.038060233, 0.69134176), (0.14644662, 0.8535534), (0.5, 0.5), (0.14644662, 0.8535534), (0.30865827, 0.96193975), (0.5, 0.5), (0.30865827, 0.96193975), (0.5, 1), (0.5, 0.5), (0.5, 1), (0.6913417, 0.96193975), (0.5, 0.5), (0.6913417, 0.96193975), (0.8535534, 0.8535534), (0.5, 0.5), (0.8535534, 0.8535534), (0.96193975, 0.69134176), (0.5, 0.5), (0.96193975, 0.69134176), (1, 0.5), (0.5, 0.5), (0.96193975, 0.69134176), (1, 0.5), (0.5, 0.5), (0.8535534, 0.8535534), (0.96193975, 0.69134176), (0.5, 0.5), (0.6913417, 0.96193975), (0.8535534, 0.8535534), (0.5, 0.5), (0.5, 1), (0.6913417, 0.96193975), (0.5, 0.5), (0.30865827, 0.96193975), (0.5, 1), (0.5, 0.5), (0.14644662, 0.8535534), (0.30865827, 0.96193975), (0.5, 0.5), (0.038060233, 0.69134176), (0.14644662, 0.8535534), (0.5, 0.5), (0, 0.5), (0.038060233, 0.69134176), (0.5, 0.5), (0.038060233, 0.3086583), (0, 0.5), (0.5, 0.5), (0.14644662, 0.14644659), (0.038060233, 0.3086583), (0.5, 0.5), (0.30865827, 0.038060248), (0.14644662, 0.14644659), (0.5, 0.5), (0.5, 0), (0.30865827, 0.038060248), (0.5, 0.5), (0.6913417, 0.038060248), (0.5, 0), (0.5, 0.5), (0.8535534, 0.14644659), (0.6913417, 0.038060248), (0.5, 0.5), (0.96193975, 0.3086583), (0.8535534, 0.14644659), (0.5, 0.5), (1, 0.5), (0.96193975, 0.3086583), (0.5, 0.5)] (
                    interpolation = "faceVarying"
                )
                uniform token subdivisionScheme = "none"
                custom string userProperties:blender:data_name = "Mesh_2.019"
            }
        }

        def Xform "magnet_ring_2_2"
        {
            custom string userProperties:blender:object_name = "magnet_ring_2_2"
            float3 xformOp:rotateXYZ = (0, -0, 90.00001)
            float3 xformOp:scale = (1.0000001, 1.0000001, 1)
            double3 xformOp:translate = (0.3199999928474426, 0, 0.6499999761581421)
            uniform token[] xformOpOrder = ["xformOp:translate", "xformOp:rotateXYZ", "xformOp:scale"]

            def Mesh "Mesh_5_019" (
                active = true
                prepend apiSchemas = ["MaterialBindingAPI"]
            )
            {
                uniform bool doubleSided = 0
                float3[] extent = [(-0.335, -0.035, -0.335), (0.335, 0.035, 0.335)]
                int[] faceVertexCounts = [3, 3, 3, 3, 3, 3, 3, 3, 3, 3, 3, 3, 3, 3, 3, 3, 3, 3, 3, 3, 3, 3, 3, 3, 3, 3, 3, 3, 3, 3, 3, 3, 3, 3, 3, 3, 3, 3, 3, 3, 3, 3, 3, 3, 3, 3, 3, 3, 3, 3, 3, 3, 3, 3, 3, 3, 3, 3, 3, 3, 3, 3, 3, 3, 3, 3, 3, 3, 3, 3, 3, 3, 3, 3, 3, 3, 3, 3, 3, 3, 3, 3, 3, 3, 3, 3, 3, 3, 3, 3, 3, 3, 3, 3, 3, 3, 3, 3, 3, 3, 3, 3, 3, 3, 3, 3, 3, 3, 3, 3, 3, 3, 3, 3, 3, 3, 3, 3, 3, 3, 3, 3, 3, 3, 3, 3, 3, 3, 3, 3, 3, 3, 3, 3, 3, 3, 3, 3, 3, 3, 3, 3, 3, 3, 3, 3, 3, 3, 3, 3, 3, 3, 3, 3, 3, 3, 3, 3, 3, 3, 3, 3, 3, 3, 3, 3, 3, 3, 3, 3, 3, 3, 3, 3, 3, 3, 3, 3, 3, 3, 3, 3, 3, 3, 3, 3, 3, 3, 3, 3, 3, 3, 3, 3, 3, 3, 3, 3, 3, 3, 3, 3, 3, 3, 3, 3, 3, 3, 3, 3, 3, 3, 3, 3, 3, 3, 3, 3, 3, 3, 3, 3, 3, 3, 3, 3, 3, 3, 3, 3, 3, 3, 3, 3, 3, 3, 3, 3, 3, 3, 3, 3, 3, 3, 3, 3, 3, 3, 3, 3, 3, 3, 3, 3, 3, 3, 3, 3, 3, 3, 3, 3, 3, 3, 3, 3, 3, 3, 3, 3, 3, 3, 3, 3, 3, 3, 3, 3, 3, 3, 3, 3, 3, 3, 3, 3, 3, 3, 3, 3, 3, 3, 3, 3, 3, 3, 3, 3, 3, 3, 3, 3, 3, 3, 3, 3, 3, 3, 3, 3, 3, 3, 3, 3, 3, 3, 3, 3, 3, 3, 3, 3, 3, 3, 3, 3, 3, 3, 3, 3, 3, 3, 3, 3, 3, 3, 3, 3, 3, 3, 3, 3, 3, 3, 3, 3, 3, 3, 3, 3, 3, 3, 3, 3, 3, 3, 3, 3, 3, 3, 3, 3, 3, 3, 3, 3, 3, 3, 3, 3, 3, 3, 3, 3, 3, 3, 3, 3, 3, 3, 3, 3, 3, 3]
                int[] faceVertexIndices = [25, 0, 26, 0, 1, 26, 26, 1, 27, 1, 2, 27, 27, 2, 28, 2, 3, 28, 28, 3, 29, 3, 4, 29, 29, 4, 30, 4, 5, 30, 30, 5, 31, 5, 6, 31, 31, 6, 32, 6, 7, 32, 32, 7, 33, 7, 8, 33, 33, 8, 34, 8, 9, 34, 34, 9, 35, 9, 10, 35, 35, 10, 36, 10, 11, 36, 36, 11, 37, 11, 12, 37, 37, 12, 38, 12, 13, 38, 38, 13, 39, 13, 14, 39, 39, 14, 40, 14, 15, 40, 40, 15, 41, 15, 16, 41, 41, 16, 42, 16, 17, 42, 42, 17, 43, 17, 18, 43, 43, 18, 44, 18, 19, 44, 44, 19, 45, 19, 20, 45, 45, 20, 46, 20, 21, 46, 46, 21, 47, 21, 22, 47, 47, 22, 48, 22, 23, 48, 48, 23, 49, 23, 24, 49, 50, 25, 51, 25, 26, 51, 51, 26, 52, 26, 27, 52, 52, 27, 53, 27, 28, 53, 53, 28, 54, 28, 29, 54, 54, 29, 55, 29, 30, 55, 55, 30, 56, 30, 31, 56, 56, 31, 57, 31, 32, 57, 57, 32, 58, 32, 33, 58, 58, 33, 59, 33, 34, 59, 59, 34, 60, 34, 35, 60, 60, 35, 61, 35, 36, 61, 61, 36, 62, 36, 37, 62, 62, 37, 63, 37, 38, 63, 63, 38, 64, 38, 39, 64, 64, 39, 65, 39, 40, 65, 65, 40, 66, 40, 41, 66, 66, 41, 67, 41, 42, 67, 67, 42, 68, 42, 43, 68, 68, 43, 69, 43, 44, 69, 69, 44, 70, 44, 45, 70, 70, 45, 71, 45, 46, 71, 71, 46, 72, 46, 47, 72, 72, 47, 73, 47, 48, 73, 73, 48, 74, 48, 49, 74, 75, 50, 76, 50, 51, 76, 76, 51, 77, 51, 52, 77, 77, 52, 78, 52, 53, 78, 78, 53, 79, 53, 54, 79, 79, 54, 80, 54, 55, 80, 80, 55, 81, 55, 56, 81, 81, 56, 82, 56, 57, 82, 82, 57, 83, 57, 58, 83, 83, 58, 84, 58, 59, 84, 84, 59, 85, 59, 60, 85, 85, 60, 86, 60, 61, 86, 86, 61, 87, 61, 62, 87, 87, 62, 88, 62, 63, 88, 88, 63, 89, 63, 64, 89, 89, 64, 90, 64, 65, 90, 90, 65, 91, 65, 66, 91, 91, 66, 92, 66, 67, 92, 92, 67, 93, 67, 68, 93, 93, 68, 94, 68, 69, 94, 94, 69, 95, 69, 70, 95, 95, 70, 96, 70, 71, 96, 96, 71, 97, 71, 72, 97, 97, 72, 98, 72, 73, 98, 98, 73, 99, 73, 74, 99, 100, 75, 101, 75, 76, 101, 101, 76, 102, 76, 77, 102, 102, 77, 103, 77, 78, 103, 103, 78, 104, 78, 79, 104, 104, 79, 105, 79, 80, 105, 105, 80, 106, 80, 81, 106, 106, 81, 107, 81, 82, 107, 107, 82, 108, 82, 83, 108, 108, 83, 109, 83, 84, 109, 109, 84, 110, 84, 85, 110, 110, 85, 111, 85, 86, 111, 111, 86, 112, 86, 87, 112, 112, 87, 113, 87, 88, 113, 113, 88, 114, 88, 89, 114, 114, 89, 115, 89, 90, 115, 115, 90, 116, 90, 91, 116, 116, 91, 117, 91, 92, 117, 117, 92, 118, 92, 93, 118, 118, 93, 119, 93, 94, 119, 119, 94, 120, 94, 95, 120, 120, 95, 121, 95, 96, 121, 121, 96, 122, 96, 97, 122, 122, 97, 123, 97, 98, 123, 123, 98, 124, 98, 99, 124, 125, 100, 126, 100, 101, 126, 126, 101, 127, 101, 102, 127, 127, 102, 128, 102, 103, 128, 128, 103, 129, 103, 104, 129, 129, 104, 130, 104, 105, 130, 130, 105, 131, 105, 106, 131, 131, 106, 132, 106, 107, 132, 132, 107, 133, 107, 108, 133, 133, 108, 134, 108, 109, 134, 134, 109, 135, 109, 110, 135, 135, 110, 136, 110, 111, 136, 136, 111, 137, 111, 112, 137, 137, 112, 138, 112, 113, 138, 138, 113, 139, 113, 114, 139, 139, 114, 140, 114, 115, 140, 140, 115, 141, 115, 116, 141, 141, 116, 142, 116, 117, 142, 142, 117, 143, 117, 118, 143, 143, 118, 144, 118, 119, 144, 144, 119, 145, 119, 120, 145, 145, 120, 146, 120, 121, 146, 146, 121, 147, 121, 122, 147, 147, 122, 148, 122, 123, 148, 148, 123, 149, 123, 124, 149, 150, 125, 151, 125, 126, 151, 151, 126, 152, 126, 127, 152, 152, 127, 153, 127, 128, 153, 153, 128, 154, 128, 129, 154, 154, 129, 155, 129, 130, 155, 155, 130, 156, 130, 131, 156, 156, 131, 157, 131, 132, 157, 157, 132, 158, 132, 133, 158, 158, 133, 159, 133, 134, 159, 159, 134, 160, 134, 135, 160, 160, 135, 161, 135, 136, 161, 161, 136, 162, 136, 137, 162, 162, 137, 163, 137, 138, 163, 163, 138, 164, 138, 139, 164, 164, 139, 165, 139, 140, 165, 165, 140, 166, 140, 141, 166, 166, 141, 167, 141, 142, 167, 167, 142, 168, 142, 143, 168, 168, 143, 169, 143, 144, 169, 169, 144, 170, 144, 145, 170, 170, 145, 171, 145, 146, 171, 171, 146, 172, 146, 147, 172, 172, 147, 173, 147, 148, 173, 173, 148, 174, 148, 149, 174, 175, 150, 176, 150, 151, 176, 176, 151, 177, 151, 152, 177, 177, 152, 178, 152, 153, 178, 178, 153, 179, 153, 154, 179, 179, 154, 180, 154, 155, 180, 180, 155, 181, 155, 156, 181, 181, 156, 182, 156, 157, 182, 182, 157, 183, 157, 158, 183, 183, 158, 184, 158, 159, 184, 184, 159, 185, 159, 160, 185, 185, 160, 186, 160, 161, 186, 186, 161, 187, 161, 162, 187, 187, 162, 188, 162, 163, 188, 188, 163, 189, 163, 164, 189, 189, 164, 190, 164, 165, 190, 190, 165, 191, 165, 166, 191, 191, 166, 192, 166, 167, 192, 192, 167, 193, 167, 168, 193, 193, 168, 194, 168, 169, 194, 194, 169, 195, 169, 170, 195, 195, 170, 196, 170, 171, 196, 196, 171, 197, 171, 172, 197, 197, 172, 198, 172, 173, 198, 198, 173, 199, 173, 174, 199, 200, 175, 201, 175, 176, 201, 201, 176, 202, 176, 177, 202, 202, 177, 203, 177, 178, 203, 203, 178, 204, 178, 179, 204, 204, 179, 205, 179, 180, 205, 205, 180, 206, 180, 181, 206, 206, 181, 207, 181, 182, 207, 207, 182, 208, 182, 183, 208, 208, 183, 209, 183, 184, 209, 209, 184, 210, 184, 185, 210, 210, 185, 211, 185, 186, 211, 211, 186, 212, 186, 187, 212, 212, 187, 213, 187, 188, 213, 213, 188, 214, 188, 189, 214, 214, 189, 215, 189, 190, 215, 215, 190, 216, 190, 191, 216, 216, 191, 217, 191, 192, 217, 217, 192, 218, 192, 193, 218, 218, 193, 219, 193, 194, 219, 219, 194, 220, 194, 195, 220, 220, 195, 221, 195, 196, 221, 221, 196, 222, 196, 197, 222, 222, 197, 223, 197, 198, 223, 223, 198, 224, 198, 199, 224]
                rel material:binding = </root/_materials/Material_5_019>
                normal3f[] normals = [(0.70710933, -0.7071044, 0.000011637807), (1, -0.000027388334, 0.00002007559), (0.68301606, -0.70710266, 0.18301621), (1, -0.000027388334, 0.00002007559), (0.96592087, -0.000018656254, 0.2588376), (0.68301606, -0.70710266, 0.18301621), (0.68301606, -0.70710266, 0.18301621), (0.96592087, -0.000018656254, 0.2588376), (0.61237496, -0.7071024, 0.35355762), (0.96592087, -0.000018656254, 0.2588376), (0.866016, -0.000017821789, 0.5000164), (0.61237496, -0.7071024, 0.35355762), (0.61237496, -0.7071024, 0.35355762), (0.866016, -0.000017821789, 0.5000164), (0.50000125, -0.7071025, 0.5000048), (0.866016, -0.000017821789, 0.5000164), (0.7070931, -0.000018000603, 0.7071204), (0.50000125, -0.7071025, 0.5000048), (0.50000125, -0.7071025, 0.5000048), (0.7070931, -0.000018000603, 0.7071204), (0.35355353, -0.70710254, 0.61237735), (0.7070931, -0.000018000603, 0.7071204), (0.4999836, -0.000018119812, 0.86603487), (0.35355353, -0.70710254, 0.61237735), (0.35355353, -0.70710254, 0.61237735), (0.4999836, -0.000018119812, 0.86603487), (0.18301143, -0.7071025, 0.68301755), (0.4999836, -0.000018119812, 0.86603487), (0.2588005, -0.000018239021, 0.9659308), (0.18301143, -0.7071025, 0.68301755), (0.18301143, -0.7071025, 0.68301755), (0.2588005, -0.000018239021, 0.9659308), (-0.0000024670735, -0.7071025, 0.707111), (0.2588005, -0.000018239021, 0.9659308), (-0.000019205734, -0.000018268824, 0.99999994), (-0.0000024670735, -0.7071025, 0.707111), (-0.0000024670735, -0.7071025, 0.707111), (-0.000019205734, -0.000018268824, 0.99999994), (-0.18301632, -0.7071025, 0.68301624), (-0.000019205734, -0.000018268824, 0.99999994), (-0.25883764, -0.000018119812, 0.9659208), (-0.18301632, -0.7071025, 0.68301624), (-0.18301632, -0.7071025, 0.68301624), (-0.25883764, -0.000018119812, 0.9659208), (-0.35355756, -0.70710266, 0.61237484), (-0.25883764, -0.000018119812, 0.9659208), (-0.50001657, -0.000018239021, 0.8660158), (-0.35355756, -0.70710266, 0.61237484), (-0.35355756, -0.70710266, 0.61237484), (-0.50001657, -0.000018239021, 0.8660158), (-0.50000495, -0.70710224, 0.5000015), (-0.50001657, -0.000018239021, 0.8660158), (-0.7071203, -0.000017493963, 0.70709324), (-0.50000495, -0.70710224, 0.5000015), (-0.50000495, -0.70710224, 0.5000015), (-0.7071203, -0.000017493963, 0.70709324), (-0.6123771, -0.70710284, 0.35355327), (-0.7071203, -0.000017493963, 0.70709324), (-0.866035, -0.000018894672, 0.4999834), (-0.6123771, -0.70710284, 0.35355327), (-0.6123771, -0.70710284, 0.35355327), (-0.866035, -0.000018894672, 0.4999834), (-0.68301743, -0.7071026, 0.18301141), (-0.866035, -0.000018894672, 0.4999834), (-0.9659308, -0.000018239021, 0.25880063), (-0.68301743, -0.7071026, 0.18301141), (-0.68301743, -0.7071026, 0.18301141), (-0.9659308, -0.000018239021, 0.25880063), (-0.7071112, -0.7071024, -0.000002478715), (-0.9659308, -0.000018239021, 0.25880063), (-1, -0.000018239021, -0.00001916103), (-0.7071112, -0.7071024, -0.000002478715), (-0.7071112, -0.7071024, -0.000002478715), (-1, -0.000018239021, -0.00001916103), (-0.68301606, -0.70710266, -0.18301621), (-1, -0.000018239021, -0.00001916103), (-0.96592087, -0.000018656254, -0.2588376), (-0.68301606, -0.70710266, -0.18301621), (-0.68301606, -0.70710266, -0.18301621), (-0.96592087, -0.000018656254, -0.2588376), (-0.61237496, -0.7071024, -0.35355762), (-0.96592087, -0.000018656254, -0.2588376), (-0.866016, -0.000017821789, -0.5000164), (-0.61237496, -0.7071024, -0.35355762), (-0.61237496, -0.7071024, -0.35355762), (-0.866016, -0.000017821789, -0.5000164), (-0.50000125, -0.7071025, -0.5000048), (-0.866016, -0.000017821789, -0.5000164), (-0.7070931, -0.000018000603, -0.7071204), (-0.50000125, -0.7071025, -0.5000048), (-0.50000125, -0.7071025, -0.5000048), (-0.7070931, -0.000018000603, -0.7071204), (-0.35355353, -0.70710254, -0.61237735), (-0.7070931, -0.000018000603, -0.7071204), (-0.4999836, -0.000018119812, -0.86603487), (-0.35355353, -0.70710254, -0.61237735), (-0.35355353, -0.70710254, -0.61237735), (-0.4999836, -0.000018119812, -0.86603487), (-0.18301143, -0.7071025, -0.68301755), (-0.4999836, -0.000018119812, -0.86603487), (-0.2588005, -0.000018239021, -0.9659308), (-0.18301143, -0.7071025, -0.68301755), (-0.18301143, -0.7071025, -0.68301755), (-0.2588005, -0.000018239021, -0.9659308), (0.0000024670735, -0.7071025, -0.707111), (-0.2588005, -0.000018239021, -0.9659308), (0.000019205734, -0.000018268824, -0.99999994), (0.0000024670735, -0.7071025, -0.707111), (0.0000024670735, -0.7071025, -0.707111), (0.000019205734, -0.000018268824, -0.99999994), (0.18301632, -0.7071025, -0.68301624), (0.000019205734, -0.000018268824, -0.99999994), (0.25883764, -0.000018119812, -0.9659208), (0.18301632, -0.7071025, -0.68301624), (0.18301632, -0.7071025, -0.68301624), (0.25883764, -0.000018119812, -0.9659208), (0.35355756, -0.70710266, -0.61237484), (0.25883764, -0.000018119812, -0.9659208), (0.50001657, -0.000018239021, -0.8660158), (0.35355756, -0.70710266, -0.61237484), (0.35355756, -0.70710266, -0.61237484), (0.50001657, -0.000018239021, -0.8660158), (0.50000495, -0.70710224, -0.5000015), (0.50001657, -0.000018239021, -0.8660158), (0.7071203, -0.000017493963, -0.70709324), (0.50000495, -0.70710224, -0.5000015), (0.50000495, -0.70710224, -0.5000015), (0.7071203, -0.000017493963, -0.70709324), (0.6123771, -0.70710284, -0.35355327), (0.7071203, -0.000017493963, -0.70709324), (0.866035, -0.000018894672, -0.4999834), (0.6123771, -0.70710284, -0.35355327), (0.6123771, -0.70710284, -0.35355327), (0.866035, -0.000018894672, -0.4999834), (0.68301743, -0.7071026, -0.18301141), (0.866035, -0.000018894672, -0.4999834), (0.9659308, -0.000018239021, -0.25880063), (0.68301743, -0.7071026, -0.18301141), (0.68301743, -0.7071026, -0.18301141), (0.9659308, -0.000018239021, -0.25880063), (0.7071108, -0.7071027, -0.000031791627), (0.9659308, -0.000018239021, -0.25880063), (0.99999994, -0.000033019576, -0.0000051036477), (0.7071108, -0.7071027, -0.000031791627), (0.000031879088, -1, 0.0000038994476), (0.70710933, -0.7071044, 0.000011637807), (6.183982e-7, -0.99999994, -0.0000016819686), (0.70710933, -0.7071044, 0.000011637807), (0.68301606, -0.70710266, 0.18301621), (6.183982e-7, -0.99999994, -0.0000016819686), (6.183982e-7, -0.99999994, -0.0000016819686), (0.68301606, -0.70710266, 0.18301621), (4.2282045e-7, -1, -0.0000018076971), (0.68301606, -0.70710266, 0.18301621), (0.61237496, -0.7071024, 0.35355762), (4.2282045e-7, -1, -0.0000018076971), (4.2282045e-7, -1, -0.0000018076971), (0.61237496, -0.7071024, 0.35355762), (0.0000011455268, -0.99999994, -0.0000013932586), (0.61237496, -0.7071024, 0.35355762), (0.50000125, -0.7071025, 0.5000048), (0.0000011455268, -0.99999994, -0.0000013932586), (0.0000011455268, -0.99999994, -0.0000013932586), (0.50000125, -0.7071025, 0.5000048), (0.0000014789402, -0.99999994, -9.3877316e-7), (0.50000125, -0.7071025, 0.5000048), (0.35355353, -0.70710254, 0.61237735), (0.0000014789402, -0.99999994, -9.3877316e-7), (0.0000014789402, -0.99999994, -9.3877316e-7), (0.35355353, -0.70710254, 0.61237735), (0.0000018076971, -0.99999994, -3.2410026e-7), (0.35355353, -0.70710254, 0.61237735), (0.18301143, -0.7071025, 0.68301755), (0.0000018076971, -0.99999994, -3.2410026e-7), (0.0000018076971, -0.99999994, -3.2410026e-7), (0.18301143, -0.7071025, 0.68301755), (0.0000018179417, -0.99999994, 1.4156103e-7), (0.18301143, -0.7071025, 0.68301755), (-0.0000024670735, -0.7071025, 0.707111), (0.0000018179417, -0.99999994, 1.4156103e-7), (0.0000018179417, -0.99999994, 1.4156103e-7), (-0.0000024670735, -0.7071025, 0.707111), (0.0000016358681, -0.99999994, 5.9977174e-7), (-0.0000024670735, -0.7071025, 0.707111), (-0.18301632, -0.7071025, 0.68301624), (0.0000016358681, -0.99999994, 5.9977174e-7), (0.0000016358681, -0.99999994, 5.9977174e-7), (-0.18301632, -0.7071025, 0.68301624), (0.0000017425045, -0.9999999, 6.053597e-7), (-0.18301632, -0.7071025, 0.68301624), (-0.35355756, -0.70710266, 0.61237484), (0.0000017425045, -0.9999999, 6.053597e-7), (0.0000017425045, -0.9999999, 6.053597e-7), (-0.35355756, -0.70710266, 0.61237484), (0.0000014081597, -0.99999994, 0.0000011734664), (-0.35355756, -0.70710266, 0.61237484), (-0.50000495, -0.70710224, 0.5000015), (0.0000014081597, -0.99999994, 0.0000011734664), (0.0000014081597, -0.99999994, 0.0000011734664), (-0.50000495, -0.70710224, 0.5000015), (0.0000010263175, -0.99999994, 0.0000015124679), (-0.50000495, -0.70710224, 0.5000015), (-0.6123771, -0.70710284, 0.35355327), (0.0000010263175, -0.99999994, 0.0000015124679), (0.0000010263175, -0.99999994, 0.0000015124679), (-0.6123771, -0.70710284, 0.35355327), (5.4202974e-7, -0.99999994, 0.0000016419217), (-0.6123771, -0.70710284, 0.35355327), (-0.68301743, -0.7071026, 0.18301141), (5.4202974e-7, -0.99999994, 0.0000016419217), (5.4202974e-7, -0.99999994, 0.0000016419217), (-0.68301743, -0.7071026, 0.18301141), (-1.8626451e-7, -0.99999994, 0.0000017792918), (-0.68301743, -0.7071026, 0.18301141), (-0.7071112, -0.7071024, -0.000002478715), (-1.8626451e-7, -0.99999994, 0.0000017792918), (-1.8626451e-7, -0.99999994, 0.0000017792918), (-0.7071112, -0.7071024, -0.000002478715), (-6.183982e-7, -0.99999994, 0.0000016819686), (-0.7071112, -0.7071024, -0.000002478715), (-0.68301606, -0.70710266, -0.18301621), (-6.183982e-7, -0.99999994, 0.0000016819686), (-6.183982e-7, -0.99999994, 0.0000016819686), (-0.68301606, -0.70710266, -0.18301621), (-4.2282045e-7, -1, 0.0000018076971), (-0.68301606, -0.70710266, -0.18301621), (-0.61237496, -0.7071024, -0.35355762), (-4.2282045e-7, -1, 0.0000018076971), (-4.2282045e-7, -1, 0.0000018076971), (-0.61237496, -0.7071024, -0.35355762), (-0.0000011455268, -0.99999994, 0.0000013932586), (-0.61237496, -0.7071024, -0.35355762), (-0.50000125, -0.7071025, -0.5000048), (-0.0000011455268, -0.99999994, 0.0000013932586), (-0.0000011455268, -0.99999994, 0.0000013932586), (-0.50000125, -0.7071025, -0.5000048), (-0.0000014789402, -0.99999994, 9.3877316e-7), (-0.50000125, -0.7071025, -0.5000048), (-0.35355353, -0.70710254, -0.61237735), (-0.0000014789402, -0.99999994, 9.3877316e-7), (-0.0000014789402, -0.99999994, 9.3877316e-7), (-0.35355353, -0.70710254, -0.61237735), (-0.0000018076971, -0.99999994, 3.2410026e-7), (-0.35355353, -0.70710254, -0.61237735), (-0.18301143, -0.7071025, -0.68301755), (-0.0000018076971, -0.99999994, 3.2410026e-7), (-0.0000018076971, -0.99999994, 3.2410026e-7), (-0.18301143, -0.7071025, -0.68301755), (-0.0000018179417, -0.99999994, -1.4156103e-7), (-0.18301143, -0.7071025, -0.68301755), (0.0000024670735, -0.7071025, -0.707111), (-0.0000018179417, -0.99999994, -1.4156103e-7), (-0.0000018179417, -0.99999994, -1.4156103e-7), (0.0000024670735, -0.7071025, -0.707111), (-0.0000016358681, -0.99999994, -5.9977174e-7), (0.0000024670735, -0.7071025, -0.707111), (0.18301632, -0.7071025, -0.68301624), (-0.0000016358681, -0.99999994, -5.9977174e-7), (-0.0000016358681, -0.99999994, -5.9977174e-7), (0.18301632, -0.7071025, -0.68301624), (-0.0000017425045, -0.9999999, -6.053597e-7), (0.18301632, -0.7071025, -0.68301624), (0.35355756, -0.70710266, -0.61237484), (-0.0000017425045, -0.9999999, -6.053597e-7), (-0.0000017425045, -0.9999999, -6.053597e-7), (0.35355756, -0.70710266, -0.61237484), (-0.0000014081597, -0.99999994, -0.0000011734664), (0.35355756, -0.70710266, -0.61237484), (0.50000495, -0.70710224, -0.5000015), (-0.0000014081597, -0.99999994, -0.0000011734664), (-0.0000014081597, -0.99999994, -0.0000011734664), (0.50000495, -0.70710224, -0.5000015), (-0.0000010263175, -0.99999994, -0.0000015124679), (0.50000495, -0.70710224, -0.5000015), (0.6123771, -0.70710284, -0.35355327), (-0.0000010263175, -0.99999994, -0.0000015124679), (-0.0000010263175, -0.99999994, -0.0000015124679), (0.6123771, -0.70710284, -0.35355327), (-5.4202974e-7, -0.99999994, -0.0000016419217), (0.6123771, -0.70710284, -0.35355327), (0.68301743, -0.7071026, -0.18301141), (-5.4202974e-7, -0.99999994, -0.0000016419217), (-5.4202974e-7, -0.99999994, -0.0000016419217), (0.68301743, -0.7071026, -0.18301141), (0.00003323535, -0.99999994, -0.000006923452), (0.68301743, -0.7071026, -0.18301141), (0.7071108, -0.7071027, -0.000031791627), (0.00003323535, -0.99999994, -0.000006923452), (-0.70710284, -0.7071106, -0.000031150877), (0.000031879088, -1, 0.0000038994476), (-0.6830106, -0.707109, -0.18301249), (0.000031879088, -1, 0.0000038994476), (6.183982e-7, -0.99999994, -0.0000016819686), (-0.6830106, -0.707109, -0.18301249), (-0.6830106, -0.707109, -0.18301249), (6.183982e-7, -0.99999994, -0.0000016819686), (-0.61237043, -0.7071089, -0.35355264), (6.183982e-7, -0.99999994, -0.0000016819686), (4.2282045e-7, -1, -0.0000018076971), (-0.61237043, -0.7071089, -0.35355264), (-0.61237043, -0.7071089, -0.35355264), (4.2282045e-7, -1, -0.0000018076971), (-0.49999818, -0.70710903, -0.49999857), (4.2282045e-7, -1, -0.0000018076971), (0.0000011455268, -0.99999994, -0.0000013932586), (-0.49999818, -0.70710903, -0.49999857), (-0.49999818, -0.70710903, -0.49999857), (0.0000011455268, -0.99999994, -0.0000013932586), (-0.35355213, -0.707109, -0.6123707), (0.0000011455268, -0.99999994, -0.0000013932586), (0.0000014789402, -0.99999994, -9.3877316e-7), (-0.35355213, -0.707109, -0.6123707), (-0.35355213, -0.707109, -0.6123707), (0.0000014789402, -0.99999994, -9.3877316e-7), (-0.18301181, -0.70710886, -0.6830108), (0.0000014789402, -0.99999994, -9.3877316e-7), (0.0000018076971, -0.99999994, -3.2410026e-7), (-0.18301181, -0.70710886, -0.6830108), (-0.18301181, -0.70710886, -0.6830108), (0.0000018076971, -0.99999994, -3.2410026e-7), (2.195593e-7, -0.7071092, -0.7071044), (0.0000018076971, -0.99999994, -3.2410026e-7), (0.0000018179417, -0.99999994, 1.4156103e-7), (2.195593e-7, -0.7071092, -0.7071044), (2.195593e-7, -0.7071092, -0.7071044), (0.0000018179417, -0.99999994, 1.4156103e-7), (0.18301257, -0.7071088, -0.6830106), (0.0000018179417, -0.99999994, 1.4156103e-7), (0.0000016358681, -0.99999994, 5.9977174e-7), (0.18301257, -0.7071088, -0.6830106), (0.18301257, -0.7071088, -0.6830106), (0.0000016358681, -0.99999994, 5.9977174e-7), (0.35355258, -0.7071089, -0.6123705), (0.0000016358681, -0.99999994, 5.9977174e-7), (0.0000017425045, -0.9999999, 6.053597e-7), (0.35355258, -0.7071089, -0.6123705), (0.35355258, -0.7071089, -0.6123705), (0.0000017425045, -0.9999999, 6.053597e-7), (0.49999836, -0.7071093, -0.49999818), (0.0000017425045, -0.9999999, 6.053597e-7), (0.0000014081597, -0.99999994, 0.0000011734664), (0.49999836, -0.7071093, -0.49999818), (0.49999836, -0.7071093, -0.49999818), (0.0000014081597, -0.99999994, 0.0000011734664), (0.6123706, -0.70710903, -0.353552), (0.0000014081597, -0.99999994, 0.0000011734664), (0.0000010263175, -0.99999994, 0.0000015124679), (0.6123706, -0.70710903, -0.353552), (0.6123706, -0.70710903, -0.353552), (0.0000010263175, -0.99999994, 0.0000015124679), (0.68301094, -0.7071086, -0.1830119), (0.0000010263175, -0.99999994, 0.0000015124679), (5.4202974e-7, -0.99999994, 0.0000016419217), (0.68301094, -0.7071086, -0.1830119), (0.68301094, -0.7071086, -0.1830119), (5.4202974e-7, -0.99999994, 0.0000016419217), (0.70710415, -0.70710945, 1.9883737e-7), (5.4202974e-7, -0.99999994, 0.0000016419217), (-1.8626451e-7, -0.99999994, 0.0000017792918), (0.70710415, -0.70710945, 1.9883737e-7), (0.70710415, -0.70710945, 1.9883737e-7), (-1.8626451e-7, -0.99999994, 0.0000017792918), (0.6830106, -0.707109, 0.18301249), (-1.8626451e-7, -0.99999994, 0.0000017792918), (-6.183982e-7, -0.99999994, 0.0000016819686), (0.6830106, -0.707109, 0.18301249), (0.6830106, -0.707109, 0.18301249), (-6.183982e-7, -0.99999994, 0.0000016819686), (0.61237043, -0.7071089, 0.35355264), (-6.183982e-7, -0.99999994, 0.0000016819686), (-4.2282045e-7, -1, 0.0000018076971), (0.61237043, -0.7071089, 0.35355264), (0.61237043, -0.7071089, 0.35355264), (-4.2282045e-7, -1, 0.0000018076971), (0.49999818, -0.70710903, 0.49999857), (-4.2282045e-7, -1, 0.0000018076971), (-0.0000011455268, -0.99999994, 0.0000013932586), (0.49999818, -0.70710903, 0.49999857), (0.49999818, -0.70710903, 0.49999857), (-0.0000011455268, -0.99999994, 0.0000013932586), (0.35355213, -0.707109, 0.6123707), (-0.0000011455268, -0.99999994, 0.0000013932586), (-0.0000014789402, -0.99999994, 9.3877316e-7), (0.35355213, -0.707109, 0.6123707), (0.35355213, -0.707109, 0.6123707), (-0.0000014789402, -0.99999994, 9.3877316e-7), (0.18301181, -0.70710886, 0.6830108), (-0.0000014789402, -0.99999994, 9.3877316e-7), (-0.0000018076971, -0.99999994, 3.2410026e-7), (0.18301181, -0.70710886, 0.6830108), (0.18301181, -0.70710886, 0.6830108), (-0.0000018076971, -0.99999994, 3.2410026e-7), (-2.195593e-7, -0.7071092, 0.7071044), (-0.0000018076971, -0.99999994, 3.2410026e-7), (-0.0000018179417, -0.99999994, -1.4156103e-7), (-2.195593e-7, -0.7071092, 0.7071044), (-2.195593e-7, -0.7071092, 0.7071044), (-0.0000018179417, -0.99999994, -1.4156103e-7), (-0.18301257, -0.7071088, 0.6830106), (-0.0000018179417, -0.99999994, -1.4156103e-7), (-0.0000016358681, -0.99999994, -5.9977174e-7), (-0.18301257, -0.7071088, 0.6830106), (-0.18301257, -0.7071088, 0.6830106), (-0.0000016358681, -0.99999994, -5.9977174e-7), (-0.35355258, -0.7071089, 0.6123705), (-0.0000016358681, -0.99999994, -5.9977174e-7), (-0.0000017425045, -0.9999999, -6.053597e-7), (-0.35355258, -0.7071089, 0.6123705), (-0.35355258, -0.7071089, 0.6123705), (-0.0000017425045, -0.9999999, -6.053597e-7), (-0.49999836, -0.7071093, 0.49999818), (-0.0000017425045, -0.9999999, -6.053597e-7), (-0.0000014081597, -0.99999994, -0.0000011734664), (-0.49999836, -0.7071093, 0.49999818), (-0.49999836, -0.7071093, 0.49999818), (-0.0000014081597, -0.99999994, -0.0000011734664), (-0.6123706, -0.70710903, 0.353552), (-0.0000014081597, -0.99999994, -0.0000011734664), (-0.0000010263175, -0.99999994, -0.0000015124679), (-0.6123706, -0.70710903, 0.353552), (-0.6123706, -0.70710903, 0.353552), (-0.0000010263175, -0.99999994, -0.0000015124679), (-0.68301094, -0.7071086, 0.1830119), (-0.0000010263175, -0.99999994, -0.0000015124679), (-5.4202974e-7, -0.99999994, -0.0000016419217), (-0.68301094, -0.7071086, 0.1830119), (-0.68301094, -0.7071086, 0.1830119), (-5.4202974e-7, -0.99999994, -0.0000016419217), (-0.70710063, -0.70711285, 0.0000423342), (-5.4202974e-7, -0.99999994, -0.0000016419217), (0.00003323535, -0.99999994, -0.000006923452), (-0.70710063, -0.70711285, 0.0000423342), (-1, -2.4447218e-7, -0.00005286932), (-0.70710284, -0.7071106, -0.000031150877), (-0.96592593, -1.6040147e-7, -0.25881895), (-0.70710284, -0.7071106, -0.000031150877), (-0.6830106, -0.707109, -0.18301249), (-0.96592593, -1.6040147e-7, -0.25881895), (-0.96592593, -1.6040147e-7, -0.25881895), (-0.6830106, -0.707109, -0.18301249), (-0.8660254, -6.015056e-8, -0.50000006), (-0.6830106, -0.707109, -0.18301249), (-0.61237043, -0.7071089, -0.35355264), (-0.8660254, -6.015056e-8, -0.50000006), (-0.8660254, -6.015056e-8, -0.50000006), (-0.61237043, -0.7071089, -0.35355264), (-0.7071067, 1.1027606e-7, -0.7071069), (-0.61237043, -0.7071089, -0.35355264), (-0.49999818, -0.70710903, -0.49999857), (-0.7071067, 1.1027606e-7, -0.7071069), (-0.7071067, 1.1027606e-7, -0.7071069), (-0.49999818, -0.70710903, -0.49999857), (-0.5, -1.0025094e-7, -0.86602545), (-0.49999818, -0.70710903, -0.49999857), (-0.35355213, -0.707109, -0.6123707), (-0.5, -1.0025094e-7, -0.86602545), (-0.5, -1.0025094e-7, -0.86602545), (-0.35355213, -0.707109, -0.6123707), (-0.25881916, 3.0075274e-8, -0.96592575), (-0.35355213, -0.707109, -0.6123707), (-0.18301181, -0.70710886, -0.6830108), (-0.25881916, 3.0075274e-8, -0.96592575), (-0.25881916, 3.0075274e-8, -0.96592575), (-0.18301181, -0.70710886, -0.6830108), (0, 0, -1), (-0.18301181, -0.70710886, -0.6830108), (2.195593e-7, -0.7071092, -0.7071044), (0, 0, -1), (0, 0, -1), (2.195593e-7, -0.7071092, -0.7071044), (0.25881916, -1.0025091e-8, -0.9659258), (2.195593e-7, -0.7071092, -0.7071044), (0.18301257, -0.7071088, -0.6830106), (0.25881916, -1.0025091e-8, -0.9659258), (0.25881916, -1.0025091e-8, -0.9659258), (0.18301257, -0.7071088, -0.6830106), (0.49999997, 1.3032623e-7, -0.86602545), (0.18301257, -0.7071088, -0.6830106), (0.35355258, -0.7071089, -0.6123705), (0.49999997, 1.3032623e-7, -0.86602545), (0.49999997, 1.3032623e-7, -0.86602545), (0.35355258, -0.7071089, -0.6123705), (0.70710677, -1.2030115e-7, -0.7071069), (0.35355258, -0.7071089, -0.6123705), (0.49999836, -0.7071093, -0.49999818), (0.70710677, -1.2030115e-7, -0.7071069), (0.70710677, -1.2030115e-7, -0.7071069), (0.49999836, -0.7071093, -0.49999818), (0.8660254, 0, -0.5), (0.49999836, -0.7071093, -0.49999818), (0.6123706, -0.70710903, -0.353552), (0.8660254, 0, -0.5), (0.8660254, 0, -0.5), (0.6123706, -0.70710903, -0.353552), (0.9659259, 1.7042652e-7, -0.25881895), (0.6123706, -0.70710903, -0.353552), (0.68301094, -0.7071086, -0.1830119), (0.9659259, 1.7042652e-7, -0.25881895), (0.9659259, 1.7042652e-7, -0.25881895), (0.68301094, -0.7071086, -0.1830119), (1, 2.00502e-8, -2.506275e-9), (0.68301094, -0.7071086, -0.1830119), (0.70710415, -0.70710945, 1.9883737e-7), (1, 2.00502e-8, -2.506275e-9), (1, 2.00502e-8, -2.506275e-9), (0.70710415, -0.70710945, 1.9883737e-7), (0.96592593, -1.6040147e-7, 0.25881895), (0.70710415, -0.70710945, 1.9883737e-7), (0.6830106, -0.707109, 0.18301249), (0.96592593, -1.6040147e-7, 0.25881895), (0.96592593, -1.6040147e-7, 0.25881895), (0.6830106, -0.707109, 0.18301249), (0.8660254, -6.015056e-8, 0.50000006), (0.6830106, -0.707109, 0.18301249), (0.61237043, -0.7071089, 0.35355264), (0.8660254, -6.015056e-8, 0.50000006), (0.8660254, -6.015056e-8, 0.50000006), (0.61237043, -0.7071089, 0.35355264), (0.7071067, 1.1027606e-7, 0.7071069), (0.61237043, -0.7071089, 0.35355264), (0.49999818, -0.70710903, 0.49999857), (0.7071067, 1.1027606e-7, 0.7071069), (0.7071067, 1.1027606e-7, 0.7071069), (0.49999818, -0.70710903, 0.49999857), (0.5, -1.0025094e-7, 0.86602545), (0.49999818, -0.70710903, 0.49999857), (0.35355213, -0.707109, 0.6123707), (0.5, -1.0025094e-7, 0.86602545), (0.5, -1.0025094e-7, 0.86602545), (0.35355213, -0.707109, 0.6123707), (0.25881916, 3.0075274e-8, 0.96592575), (0.35355213, -0.707109, 0.6123707), (0.18301181, -0.70710886, 0.6830108), (0.25881916, 3.0075274e-8, 0.96592575), (0.25881916, 3.0075274e-8, 0.96592575), (0.18301181, -0.70710886, 0.6830108), (0, 0, 1), (0.18301181, -0.70710886, 0.6830108), (-2.195593e-7, -0.7071092, 0.7071044), (0, 0, 1), (0, 0, 1), (-2.195593e-7, -0.7071092, 0.7071044), (-0.25881916, -1.0025091e-8, 0.9659258), (-2.195593e-7, -0.7071092, 0.7071044), (-0.18301257, -0.7071088, 0.6830106), (-0.25881916, -1.0025091e-8, 0.9659258), (-0.25881916, -1.0025091e-8, 0.9659258), (-0.18301257, -0.7071088, 0.6830106), (-0.49999997, 1.3032623e-7, 0.86602545), (-0.18301257, -0.7071088, 0.6830106), (-0.35355258, -0.7071089, 0.6123705), (-0.49999997, 1.3032623e-7, 0.86602545), (-0.49999997, 1.3032623e-7, 0.86602545), (-0.35355258, -0.7071089, 0.6123705), (-0.70710677, -1.2030115e-7, 0.7071069), (-0.35355258, -0.7071089, 0.6123705), (-0.49999836, -0.7071093, 0.49999818), (-0.70710677, -1.2030115e-7, 0.7071069), (-0.70710677, -1.2030115e-7, 0.7071069), (-0.49999836, -0.7071093, 0.49999818), (-0.8660254, 0, 0.5), (-0.49999836, -0.7071093, 0.49999818), (-0.6123706, -0.70710903, 0.353552), (-0.8660254, 0, 0.5), (-0.8660254, 0, 0.5), (-0.6123706, -0.70710903, 0.353552), (-0.9659259, 1.7042652e-7, 0.25881895), (-0.6123706, -0.70710903, 0.353552), (-0.68301094, -0.7071086, 0.1830119), (-0.9659259, 1.7042652e-7, 0.25881895), (-0.9659259, 1.7042652e-7, 0.25881895), (-0.68301094, -0.7071086, 0.1830119), (-1, 2.8405339e-7, 0.00005286932), (-0.68301094, -0.7071086, 0.1830119), (-0.70710063, -0.70711285, 0.0000423342), (-1, 2.8405339e-7, 0.00005286932), (-0.70710063, 0.70711285, -0.00004232675), (-1, -2.4447218e-7, -0.00005286932), (-0.68301064, 0.70710874, -0.18301274), (-1, -2.4447218e-7, -0.00005286932), (-0.96592593, -1.6040147e-7, -0.25881895), (-0.68301064, 0.70710874, -0.18301274), (-0.68301064, 0.70710874, -0.18301274), (-0.96592593, -1.6040147e-7, -0.25881895), (-0.6123702, 0.7071091, -0.35355273), (-0.96592593, -1.6040147e-7, -0.25881895), (-0.8660254, -6.015056e-8, -0.50000006), (-0.6123702, 0.7071091, -0.35355273), (-0.6123702, 0.7071091, -0.35355273), (-0.8660254, -6.015056e-8, -0.50000006), (-0.49999776, 0.70710915, -0.49999875), (-0.8660254, -6.015056e-8, -0.50000006), (-0.7071067, 1.1027606e-7, -0.7071069), (-0.49999776, 0.70710915, -0.49999875), (-0.49999776, 0.70710915, -0.49999875), (-0.7071067, 1.1027606e-7, -0.7071069), (-0.3535518, 0.707109, -0.6123708), (-0.7071067, 1.1027606e-7, -0.7071069), (-0.5, -1.0025094e-7, -0.86602545), (-0.3535518, 0.707109, -0.6123708), (-0.3535518, 0.707109, -0.6123708), (-0.5, -1.0025094e-7, -0.86602545), (-0.18301174, 0.7071088, -0.6830108), (-0.5, -1.0025094e-7, -0.86602545), (-0.25881916, 3.0075274e-8, -0.96592575), (-0.18301174, 0.7071088, -0.6830108), (-0.18301174, 0.7071088, -0.6830108), (-0.25881916, 3.0075274e-8, -0.96592575), (6.237533e-7, 0.7071092, -0.7071043), (-0.25881916, 3.0075274e-8, -0.96592575), (0, 0, -1), (6.237533e-7, 0.7071092, -0.7071043), (6.237533e-7, 0.7071092, -0.7071043), (0, 0, -1), (0.18301266, 0.7071088, -0.6830106), (0, 0, -1), (0.25881916, -1.0025091e-8, -0.9659258), (0.18301266, 0.7071088, -0.6830106), (0.18301266, 0.7071088, -0.6830106), (0.25881916, -1.0025091e-8, -0.9659258), (0.35355282, 0.7071089, -0.6123703), (0.25881916, -1.0025091e-8, -0.9659258), (0.49999997, 1.3032623e-7, -0.86602545), (0.35355282, 0.7071089, -0.6123703), (0.35355282, 0.7071089, -0.6123703), (0.49999997, 1.3032623e-7, -0.86602545), (0.49999875, 0.70710915, -0.49999794), (0.49999997, 1.3032623e-7, -0.86602545), (0.70710677, -1.2030115e-7, -0.7071069), (0.49999875, 0.70710915, -0.49999794), (0.49999875, 0.70710915, -0.49999794), (0.70710677, -1.2030115e-7, -0.7071069), (0.61237085, 0.70710886, -0.35355186), (0.70710677, -1.2030115e-7, -0.7071069), (0.8660254, 0, -0.5), (0.61237085, 0.70710886, -0.35355186), (0.61237085, 0.70710886, -0.35355186), (0.8660254, 0, -0.5), (0.6830109, 0.70710886, -0.18301171), (0.8660254, 0, -0.5), (0.9659259, 1.7042652e-7, -0.25881895), (0.6830109, 0.70710886, -0.18301171), (0.6830109, 0.70710886, -0.18301171), (0.9659259, 1.7042652e-7, -0.25881895), (0.70710415, 0.70710945, 6.4098276e-7), (0.9659259, 1.7042652e-7, -0.25881895), (1, 2.00502e-8, -2.506275e-9), (0.70710415, 0.70710945, 6.4098276e-7), (0.70710415, 0.70710945, 6.4098276e-7), (1, 2.00502e-8, -2.506275e-9), (0.68301064, 0.70710874, 0.18301274), (1, 2.00502e-8, -2.506275e-9), (0.96592593, -1.6040147e-7, 0.25881895), (0.68301064, 0.70710874, 0.18301274), (0.68301064, 0.70710874, 0.18301274), (0.96592593, -1.6040147e-7, 0.25881895), (0.6123702, 0.7071091, 0.35355273), (0.96592593, -1.6040147e-7, 0.25881895), (0.8660254, -6.015056e-8, 0.50000006), (0.6123702, 0.7071091, 0.35355273), (0.6123702, 0.7071091, 0.35355273), (0.8660254, -6.015056e-8, 0.50000006), (0.49999776, 0.70710915, 0.49999875), (0.8660254, -6.015056e-8, 0.50000006), (0.7071067, 1.1027606e-7, 0.7071069), (0.49999776, 0.70710915, 0.49999875), (0.49999776, 0.70710915, 0.49999875), (0.7071067, 1.1027606e-7, 0.7071069), (0.3535518, 0.707109, 0.6123708), (0.7071067, 1.1027606e-7, 0.7071069), (0.5, -1.0025094e-7, 0.86602545), (0.3535518, 0.707109, 0.6123708), (0.3535518, 0.707109, 0.6123708), (0.5, -1.0025094e-7, 0.86602545), (0.18301174, 0.7071088, 0.6830108), (0.5, -1.0025094e-7, 0.86602545), (0.25881916, 3.0075274e-8, 0.96592575), (0.18301174, 0.7071088, 0.6830108), (0.18301174, 0.7071088, 0.6830108), (0.25881916, 3.0075274e-8, 0.96592575), (-6.237533e-7, 0.7071092, 0.7071043), (0.25881916, 3.0075274e-8, 0.96592575), (0, 0, 1), (-6.237533e-7, 0.7071092, 0.7071043), (-6.237533e-7, 0.7071092, 0.7071043), (0, 0, 1), (-0.18301266, 0.7071088, 0.6830106), (0, 0, 1), (-0.25881916, -1.0025091e-8, 0.9659258), (-0.18301266, 0.7071088, 0.6830106), (-0.18301266, 0.7071088, 0.6830106), (-0.25881916, -1.0025091e-8, 0.9659258), (-0.35355282, 0.7071089, 0.6123703), (-0.25881916, -1.0025091e-8, 0.9659258), (-0.49999997, 1.3032623e-7, 0.86602545), (-0.35355282, 0.7071089, 0.6123703), (-0.35355282, 0.7071089, 0.6123703), (-0.49999997, 1.3032623e-7, 0.86602545), (-0.49999875, 0.70710915, 0.49999794), (-0.49999997, 1.3032623e-7, 0.86602545), (-0.70710677, -1.2030115e-7, 0.7071069), (-0.49999875, 0.70710915, 0.49999794), (-0.49999875, 0.70710915, 0.49999794), (-0.70710677, -1.2030115e-7, 0.7071069), (-0.61237085, 0.70710886, 0.35355186), (-0.70710677, -1.2030115e-7, 0.7071069), (-0.8660254, 0, 0.5), (-0.61237085, 0.70710886, 0.35355186), (-0.61237085, 0.70710886, 0.35355186), (-0.8660254, 0, 0.5), (-0.6830109, 0.70710886, 0.18301171), (-0.8660254, 0, 0.5), (-0.9659259, 1.7042652e-7, 0.25881895), (-0.6830109, 0.70710886, 0.18301171), (-0.6830109, 0.70710886, 0.18301171), (-0.9659259, 1.7042652e-7, 0.25881895), (-0.7071029, 0.70711076, 0.000031150877), (-0.9659259, 1.7042652e-7, 0.25881895), (-1, 2.8405339e-7, 0.00005286932), (-0.7071029, 0.70711076, 0.000031150877), (0.000033609904, 0.99999994, 0.0000038952567), (-0.70710063, 0.70711285, -0.00004232675), (-9.23872e-7, 0.99999994, 0.000002216082), (-0.70710063, 0.70711285, -0.00004232675), (-0.68301064, 0.70710874, -0.18301274), (-9.23872e-7, 0.99999994, 0.000002216082), (-9.23872e-7, 0.99999994, 0.000002216082), (-0.68301064, 0.70710874, -0.18301274), (-0.0000013634562, 0.99999994, 0.0000020517036), (-0.68301064, 0.70710874, -0.18301274), (-0.6123702, 0.7071091, -0.35355273), (-0.0000013634562, 0.99999994, 0.0000020517036), (-0.0000013634562, 0.99999994, 0.0000020517036), (-0.6123702, 0.7071091, -0.35355273), (-0.000001879409, 0.99999994, 0.0000016335398), (-0.6123702, 0.7071091, -0.35355273), (-0.49999776, 0.70710915, -0.49999875), (-0.000001879409, 0.99999994, 0.0000016335398), (-0.000001879409, 0.99999994, 0.0000016335398), (-0.49999776, 0.70710915, -0.49999875), (-0.0000022668391, 0.99999994, 9.592623e-7), (-0.49999776, 0.70710915, -0.49999875), (-0.3535518, 0.707109, -0.6123708), (-0.0000022668391, 0.99999994, 9.592623e-7), (-0.0000022668391, 0.99999994, 9.592623e-7), (-0.3535518, 0.707109, -0.6123708), (-0.0000022798777, 0.99999994, 7.748604e-7), (-0.3535518, 0.707109, -0.6123708), (-0.18301174, 0.7071088, -0.6830108), (-0.0000022798777, 0.99999994, 7.748604e-7), (-0.0000022798777, 0.99999994, 7.748604e-7), (-0.18301174, 0.7071088, -0.6830108), (-0.0000024605542, 0.99999994, 1.6391277e-7), (-0.18301174, 0.7071088, -0.6830108), (6.237533e-7, 0.7071092, -0.7071043), (-0.0000024605542, 0.99999994, 1.6391277e-7), (-0.0000024605542, 0.99999994, 1.6391277e-7), (6.237533e-7, 0.7071092, -0.7071043), (-0.000002425164, 0.99999994, -5.1036477e-7), (6.237533e-7, 0.7071092, -0.7071043), (0.18301266, 0.7071088, -0.6830106), (-0.000002425164, 0.99999994, -5.1036477e-7), (-0.000002425164, 0.99999994, -5.1036477e-7), (0.18301266, 0.7071088, -0.6830106), (-0.000002012588, 0.99999994, -0.0000013001263), (0.18301266, 0.7071088, -0.6830106), (0.35355282, 0.7071089, -0.6123703), (-0.000002012588, 0.99999994, -0.0000013001263), (-0.000002012588, 0.99999994, -0.0000013001263), (0.35355282, 0.7071089, -0.6123703), (-0.0000015888363, 0.99999994, -0.0000018626451), (0.35355282, 0.7071089, -0.6123703), (0.49999875, 0.70710915, -0.49999794), (-0.0000015888363, 0.99999994, -0.0000018626451), (-0.0000015888363, 0.99999994, -0.0000018626451), (0.49999875, 0.70710915, -0.49999794), (-8.326024e-7, 0.99999994, -0.0000022873282), (0.49999875, 0.70710915, -0.49999794), (0.61237085, 0.70710886, -0.35355186), (-8.326024e-7, 0.99999994, -0.0000022873282), (-8.326024e-7, 0.99999994, -0.0000022873282), (0.61237085, 0.70710886, -0.35355186), (-9.2200935e-7, 0.99999994, -0.0000023050234), (0.61237085, 0.70710886, -0.35355186), (0.6830109, 0.70710886, -0.18301171), (-9.2200935e-7, 0.99999994, -0.0000023050234), (-9.2200935e-7, 0.99999994, -0.0000023050234), (0.6830109, 0.70710886, -0.18301171), (-1.899898e-7, 0.99999994, -0.0000024363399), (0.6830109, 0.70710886, -0.18301171), (0.70710415, 0.70710945, 6.4098276e-7), (-1.899898e-7, 0.99999994, -0.0000024363399), (-1.899898e-7, 0.99999994, -0.0000024363399), (0.70710415, 0.70710945, 6.4098276e-7), (9.23872e-7, 0.99999994, -0.000002216082), (0.70710415, 0.70710945, 6.4098276e-7), (0.68301064, 0.70710874, 0.18301274), (9.23872e-7, 0.99999994, -0.000002216082), (9.23872e-7, 0.99999994, -0.000002216082), (0.68301064, 0.70710874, 0.18301274), (0.0000013634562, 0.99999994, -0.0000020517036), (0.68301064, 0.70710874, 0.18301274), (0.6123702, 0.7071091, 0.35355273), (0.0000013634562, 0.99999994, -0.0000020517036), (0.0000013634562, 0.99999994, -0.0000020517036), (0.6123702, 0.7071091, 0.35355273), (0.000001879409, 0.99999994, -0.0000016335398), (0.6123702, 0.7071091, 0.35355273), (0.49999776, 0.70710915, 0.49999875), (0.000001879409, 0.99999994, -0.0000016335398), (0.000001879409, 0.99999994, -0.0000016335398), (0.49999776, 0.70710915, 0.49999875), (0.0000022668391, 0.99999994, -9.592623e-7), (0.49999776, 0.70710915, 0.49999875), (0.3535518, 0.707109, 0.6123708), (0.0000022668391, 0.99999994, -9.592623e-7), (0.0000022668391, 0.99999994, -9.592623e-7), (0.3535518, 0.707109, 0.6123708), (0.0000022798777, 0.99999994, -7.748604e-7), (0.3535518, 0.707109, 0.6123708), (0.18301174, 0.7071088, 0.6830108), (0.0000022798777, 0.99999994, -7.748604e-7), (0.0000022798777, 0.99999994, -7.748604e-7), (0.18301174, 0.7071088, 0.6830108), (0.0000024605542, 0.99999994, -1.6391277e-7), (0.18301174, 0.7071088, 0.6830108), (-6.237533e-7, 0.7071092, 0.7071043), (0.0000024605542, 0.99999994, -1.6391277e-7), (0.0000024605542, 0.99999994, -1.6391277e-7), (-6.237533e-7, 0.7071092, 0.7071043), (0.000002425164, 0.99999994, 5.1036477e-7), (-6.237533e-7, 0.7071092, 0.7071043), (-0.18301266, 0.7071088, 0.6830106), (0.000002425164, 0.99999994, 5.1036477e-7), (0.000002425164, 0.99999994, 5.1036477e-7), (-0.18301266, 0.7071088, 0.6830106), (0.000002012588, 0.99999994, 0.0000013001263), (-0.18301266, 0.7071088, 0.6830106), (-0.35355282, 0.7071089, 0.6123703), (0.000002012588, 0.99999994, 0.0000013001263), (0.000002012588, 0.99999994, 0.0000013001263), (-0.35355282, 0.7071089, 0.6123703), (0.0000015888363, 0.99999994, 0.0000018626451), (-0.35355282, 0.7071089, 0.6123703), (-0.49999875, 0.70710915, 0.49999794), (0.0000015888363, 0.99999994, 0.0000018626451), (0.0000015888363, 0.99999994, 0.0000018626451), (-0.49999875, 0.70710915, 0.49999794), (8.326024e-7, 0.99999994, 0.0000022873282), (-0.49999875, 0.70710915, 0.49999794), (-0.61237085, 0.70710886, 0.35355186), (8.326024e-7, 0.99999994, 0.0000022873282), (8.326024e-7, 0.99999994, 0.0000022873282), (-0.61237085, 0.70710886, 0.35355186), (9.2200935e-7, 0.99999994, 0.0000023050234), (-0.61237085, 0.70710886, 0.35355186), (-0.6830109, 0.70710886, 0.18301171), (9.2200935e-7, 0.99999994, 0.0000023050234), (9.2200935e-7, 0.99999994, 0.0000023050234), (-0.6830109, 0.70710886, 0.18301171), (0.000031920063, 1, -0.0000038966537), (-0.6830109, 0.70710886, 0.18301171), (-0.7071029, 0.70711076, 0.000031150877), (0.000031920063, 1, -0.0000038966537), (0.7071108, 0.7071027, 0.000031799078), (0.000033609904, 0.99999994, 0.0000038952567), (0.6830169, 0.7071025, 0.18301326), (0.000033609904, 0.99999994, 0.0000038952567), (-9.23872e-7, 0.99999994, 0.000002216082), (0.6830169, 0.7071025, 0.18301326), (0.6830169, 0.7071025, 0.18301326), (-9.23872e-7, 0.99999994, 0.000002216082), (0.61237633, 0.70710266, 0.35355502), (-9.23872e-7, 0.99999994, 0.000002216082), (-0.0000013634562, 0.99999994, 0.0000020517036), (0.61237633, 0.70710266, 0.35355502), (0.61237633, 0.70710266, 0.35355502), (-0.0000013634562, 0.99999994, 0.0000020517036), (0.50000364, 0.70710224, 0.50000286), (-0.0000013634562, 0.99999994, 0.0000020517036), (-0.000001879409, 0.99999994, 0.0000016335398), (0.50000364, 0.70710224, 0.50000286), (0.50000364, 0.70710224, 0.50000286), (-0.000001879409, 0.99999994, 0.0000016335398), (0.35355592, 0.70710266, 0.61237574), (-0.000001879409, 0.99999994, 0.0000016335398), (-0.0000022668391, 0.99999994, 9.592623e-7), (0.35355592, 0.70710266, 0.61237574), (0.35355592, 0.70710266, 0.61237574), (-0.0000022668391, 0.99999994, 9.592623e-7), (0.18301441, 0.7071024, 0.6830168), (-0.0000022668391, 0.99999994, 9.592623e-7), (-0.0000022798777, 0.99999994, 7.748604e-7), (0.18301441, 0.7071024, 0.6830168), (0.18301441, 0.7071024, 0.6830168), (-0.0000022798777, 0.99999994, 7.748604e-7), (5.1944517e-7, 0.7071025, 0.7071111), (-0.0000022798777, 0.99999994, 7.748604e-7), (-0.0000024605542, 0.99999994, 1.6391277e-7), (5.1944517e-7, 0.7071025, 0.7071111), (5.1944517e-7, 0.7071025, 0.7071111), (-0.0000024605542, 0.99999994, 1.6391277e-7), (-0.18301329, 0.7071025, 0.68301696), (-0.0000024605542, 0.99999994, 1.6391277e-7), (-0.000002425164, 0.99999994, -5.1036477e-7), (-0.18301329, 0.7071025, 0.68301696), (-0.18301329, 0.7071025, 0.68301696), (-0.000002425164, 0.99999994, -5.1036477e-7), (-0.3535552, 0.70710254, 0.61237633), (-0.000002425164, 0.99999994, -5.1036477e-7), (-0.000002012588, 0.99999994, -0.0000013001263), (-0.3535552, 0.70710254, 0.61237633), (-0.3535552, 0.70710254, 0.61237633), (-0.000002012588, 0.99999994, -0.0000013001263), (-0.5000026, 0.70710254, 0.50000346), (-0.000002012588, 0.99999994, -0.0000013001263), (-0.0000015888363, 0.99999994, -0.0000018626451), (-0.5000026, 0.70710254, 0.50000346), (-0.5000026, 0.70710254, 0.50000346), (-0.0000015888363, 0.99999994, -0.0000018626451), (-0.61237574, 0.70710266, 0.35355586), (-0.0000015888363, 0.99999994, -0.0000018626451), (-8.326024e-7, 0.99999994, -0.0000022873282), (-0.61237574, 0.70710266, 0.35355586), (-0.61237574, 0.70710266, 0.35355586), (-8.326024e-7, 0.99999994, -0.0000022873282), (-0.6830165, 0.70710266, 0.18301427), (-8.326024e-7, 0.99999994, -0.0000022873282), (-9.2200935e-7, 0.99999994, -0.0000023050234), (-0.6830165, 0.70710266, 0.18301427), (-0.6830165, 0.70710266, 0.18301427), (-9.2200935e-7, 0.99999994, -0.0000023050234), (-0.7071112, 0.7071024, 5.1711686e-7), (-9.2200935e-7, 0.99999994, -0.0000023050234), (-1.899898e-7, 0.99999994, -0.0000024363399), (-0.7071112, 0.7071024, 5.1711686e-7), (-0.7071112, 0.7071024, 5.1711686e-7), (-1.899898e-7, 0.99999994, -0.0000024363399), (-0.6830169, 0.7071025, -0.18301326), (-1.899898e-7, 0.99999994, -0.0000024363399), (9.23872e-7, 0.99999994, -0.000002216082), (-0.6830169, 0.7071025, -0.18301326), (-0.6830169, 0.7071025, -0.18301326), (9.23872e-7, 0.99999994, -0.000002216082), (-0.61237633, 0.70710266, -0.35355502), (9.23872e-7, 0.99999994, -0.000002216082), (0.0000013634562, 0.99999994, -0.0000020517036), (-0.61237633, 0.70710266, -0.35355502), (-0.61237633, 0.70710266, -0.35355502), (0.0000013634562, 0.99999994, -0.0000020517036), (-0.50000364, 0.70710224, -0.50000286), (0.0000013634562, 0.99999994, -0.0000020517036), (0.000001879409, 0.99999994, -0.0000016335398), (-0.50000364, 0.70710224, -0.50000286), (-0.50000364, 0.70710224, -0.50000286), (0.000001879409, 0.99999994, -0.0000016335398), (-0.35355592, 0.70710266, -0.61237574), (0.000001879409, 0.99999994, -0.0000016335398), (0.0000022668391, 0.99999994, -9.592623e-7), (-0.35355592, 0.70710266, -0.61237574), (-0.35355592, 0.70710266, -0.61237574), (0.0000022668391, 0.99999994, -9.592623e-7), (-0.18301441, 0.7071024, -0.6830168), (0.0000022668391, 0.99999994, -9.592623e-7), (0.0000022798777, 0.99999994, -7.748604e-7), (-0.18301441, 0.7071024, -0.6830168), (-0.18301441, 0.7071024, -0.6830168), (0.0000022798777, 0.99999994, -7.748604e-7), (-5.1944517e-7, 0.7071025, -0.7071111), (0.0000022798777, 0.99999994, -7.748604e-7), (0.0000024605542, 0.99999994, -1.6391277e-7), (-5.1944517e-7, 0.7071025, -0.7071111), (-5.1944517e-7, 0.7071025, -0.7071111), (0.0000024605542, 0.99999994, -1.6391277e-7), (0.18301329, 0.7071025, -0.68301696), (0.0000024605542, 0.99999994, -1.6391277e-7), (0.000002425164, 0.99999994, 5.1036477e-7), (0.18301329, 0.7071025, -0.68301696), (0.18301329, 0.7071025, -0.68301696), (0.000002425164, 0.99999994, 5.1036477e-7), (0.3535552, 0.70710254, -0.61237633), (0.000002425164, 0.99999994, 5.1036477e-7), (0.000002012588, 0.99999994, 0.0000013001263), (0.3535552, 0.70710254, -0.61237633), (0.3535552, 0.70710254, -0.61237633), (0.000002012588, 0.99999994, 0.0000013001263), (0.5000026, 0.70710254, -0.50000346), (0.000002012588, 0.99999994, 0.0000013001263), (0.0000015888363, 0.99999994, 0.0000018626451), (0.5000026, 0.70710254, -0.50000346), (0.5000026, 0.70710254, -0.50000346), (0.0000015888363, 0.99999994, 0.0000018626451), (0.61237574, 0.70710266, -0.35355586), (0.0000015888363, 0.99999994, 0.0000018626451), (8.326024e-7, 0.99999994, 0.0000022873282), (0.61237574, 0.70710266, -0.35355586), (0.61237574, 0.70710266, -0.35355586), (8.326024e-7, 0.99999994, 0.0000022873282), (0.6830165, 0.70710266, -0.18301427), (8.326024e-7, 0.99999994, 0.0000022873282), (9.2200935e-7, 0.99999994, 0.0000023050234), (0.6830165, 0.70710266, -0.18301427), (0.6830165, 0.70710266, -0.18301427), (9.2200935e-7, 0.99999994, 0.0000023050234), (0.70710933, 0.7071044, -0.000011630356), (9.2200935e-7, 0.99999994, 0.0000023050234), (0.000031920063, 1, -0.0000038966537), (0.70710933, 0.7071044, -0.000011630356), (0.99999994, 0.000033019576, 0.0000051036477), (0.7071108, 0.7071027, 0.000031799078), (0.96593076, 0.000017821789, 0.25880063), (0.7071108, 0.7071027, 0.000031799078), (0.6830169, 0.7071025, 0.18301326), (0.96593076, 0.000017821789, 0.25880063), (0.96593076, 0.000017821789, 0.25880063), (0.6830169, 0.7071025, 0.18301326), (0.866035, 0.000018268824, 0.4999833), (0.6830169, 0.7071025, 0.18301326), (0.61237633, 0.70710266, 0.35355502), (0.866035, 0.000018268824, 0.4999833), (0.866035, 0.000018268824, 0.4999833), (0.61237633, 0.70710266, 0.35355502), (0.70712036, 0.000017374754, 0.70709324), (0.61237633, 0.70710266, 0.35355502), (0.50000364, 0.70710224, 0.50000286), (0.70712036, 0.000017374754, 0.70709324), (0.70712036, 0.000017374754, 0.70709324), (0.50000364, 0.70710224, 0.50000286), (0.50001657, 0.000018209219, 0.86601573), (0.50000364, 0.70710224, 0.50000286), (0.35355592, 0.70710266, 0.61237574), (0.50001657, 0.000018209219, 0.86601573), (0.50001657, 0.000018209219, 0.86601573), (0.35355592, 0.70710266, 0.61237574), (0.25883764, 0.000018119812, 0.9659208), (0.35355592, 0.70710266, 0.61237574), (0.18301441, 0.7071024, 0.6830168), (0.25883764, 0.000018119812, 0.9659208), (0.25883764, 0.000018119812, 0.9659208), (0.18301441, 0.7071024, 0.6830168), (0.000019205734, 0.000018268824, 0.99999994), (0.18301441, 0.7071024, 0.6830168), (5.1944517e-7, 0.7071025, 0.7071111), (0.000019205734, 0.000018268824, 0.99999994), (0.000019205734, 0.000018268824, 0.99999994), (5.1944517e-7, 0.7071025, 0.7071111), (-0.2588005, 0.000018239021, 0.9659308), (5.1944517e-7, 0.7071025, 0.7071111), (-0.18301329, 0.7071025, 0.68301696), (-0.2588005, 0.000018239021, 0.9659308), (-0.2588005, 0.000018239021, 0.9659308), (-0.18301329, 0.7071025, 0.68301696), (-0.49998367, 0.00001809001, 0.8660348), (-0.18301329, 0.7071025, 0.68301696), (-0.3535552, 0.70710254, 0.61237633), (-0.49998367, 0.00001809001, 0.8660348), (-0.49998367, 0.00001809001, 0.8660348), (-0.3535552, 0.70710254, 0.61237633), (-0.7070931, 0.00001809001, 0.7071203), (-0.3535552, 0.70710254, 0.61237633), (-0.5000026, 0.70710254, 0.50000346), (-0.7070931, 0.00001809001, 0.7071203), (-0.7070931, 0.00001809001, 0.7071203), (-0.5000026, 0.70710254, 0.50000346), (-0.8660158, 0.000018328428, 0.50001657), (-0.5000026, 0.70710254, 0.50000346), (-0.61237574, 0.70710266, 0.35355586), (-0.8660158, 0.000018328428, 0.50001657), (-0.8660158, 0.000018328428, 0.50001657), (-0.61237574, 0.70710266, 0.35355586), (-0.9659208, 0.000019073486, 0.25883755), (-0.61237574, 0.70710266, 0.35355586), (-0.6830165, 0.70710266, 0.18301427), (-0.9659208, 0.000019073486, 0.25883755), (-0.9659208, 0.000019073486, 0.25883755), (-0.6830165, 0.70710266, 0.18301427), (-1, 0.000018239021, 0.00001916103), (-0.6830165, 0.70710266, 0.18301427), (-0.7071112, 0.7071024, 5.1711686e-7), (-1, 0.000018239021, 0.00001916103), (-1, 0.000018239021, 0.00001916103), (-0.7071112, 0.7071024, 5.1711686e-7), (-0.96593076, 0.000017821789, -0.25880063), (-0.7071112, 0.7071024, 5.1711686e-7), (-0.6830169, 0.7071025, -0.18301326), (-0.96593076, 0.000017821789, -0.25880063), (-0.96593076, 0.000017821789, -0.25880063), (-0.6830169, 0.7071025, -0.18301326), (-0.866035, 0.000018268824, -0.4999833), (-0.6830169, 0.7071025, -0.18301326), (-0.61237633, 0.70710266, -0.35355502), (-0.866035, 0.000018268824, -0.4999833), (-0.866035, 0.000018268824, -0.4999833), (-0.61237633, 0.70710266, -0.35355502), (-0.70712036, 0.000017374754, -0.70709324), (-0.61237633, 0.70710266, -0.35355502), (-0.50000364, 0.70710224, -0.50000286), (-0.70712036, 0.000017374754, -0.70709324), (-0.70712036, 0.000017374754, -0.70709324), (-0.50000364, 0.70710224, -0.50000286), (-0.50001657, 0.000018209219, -0.86601573), (-0.50000364, 0.70710224, -0.50000286), (-0.35355592, 0.70710266, -0.61237574), (-0.50001657, 0.000018209219, -0.86601573), (-0.50001657, 0.000018209219, -0.86601573), (-0.35355592, 0.70710266, -0.61237574), (-0.25883764, 0.000018119812, -0.9659208), (-0.35355592, 0.70710266, -0.61237574), (-0.18301441, 0.7071024, -0.6830168), (-0.25883764, 0.000018119812, -0.9659208), (-0.25883764, 0.000018119812, -0.9659208), (-0.18301441, 0.7071024, -0.6830168), (-0.000019205734, 0.000018268824, -0.99999994), (-0.18301441, 0.7071024, -0.6830168), (-5.1944517e-7, 0.7071025, -0.7071111), (-0.000019205734, 0.000018268824, -0.99999994), (-0.000019205734, 0.000018268824, -0.99999994), (-5.1944517e-7, 0.7071025, -0.7071111), (0.2588005, 0.000018239021, -0.9659308), (-5.1944517e-7, 0.7071025, -0.7071111), (0.18301329, 0.7071025, -0.68301696), (0.2588005, 0.000018239021, -0.9659308), (0.2588005, 0.000018239021, -0.9659308), (0.18301329, 0.7071025, -0.68301696), (0.49998367, 0.00001809001, -0.8660348), (0.18301329, 0.7071025, -0.68301696), (0.3535552, 0.70710254, -0.61237633), (0.49998367, 0.00001809001, -0.8660348), (0.49998367, 0.00001809001, -0.8660348), (0.3535552, 0.70710254, -0.61237633), (0.7070931, 0.00001809001, -0.7071203), (0.3535552, 0.70710254, -0.61237633), (0.5000026, 0.70710254, -0.50000346), (0.7070931, 0.00001809001, -0.7071203), (0.7070931, 0.00001809001, -0.7071203), (0.5000026, 0.70710254, -0.50000346), (0.8660158, 0.000018328428, -0.50001657), (0.5000026, 0.70710254, -0.50000346), (0.61237574, 0.70710266, -0.35355586), (0.8660158, 0.000018328428, -0.50001657), (0.8660158, 0.000018328428, -0.50001657), (0.61237574, 0.70710266, -0.35355586), (0.9659208, 0.000019073486, -0.25883755), (0.61237574, 0.70710266, -0.35355586), (0.6830165, 0.70710266, -0.18301427), (0.9659208, 0.000019073486, -0.25883755), (0.9659208, 0.000019073486, -0.25883755), (0.6830165, 0.70710266, -0.18301427), (1, 0.000027507544, -0.000020088628), (0.6830165, 0.70710266, -0.18301427), (0.70710933, 0.7071044, -0.000011630356), (1, 0.000027507544, -0.000020088628)] (
                    interpolation = "faceVarying"
                )
                point3f[] points = [(0.335, -0, 0), (0.32358515, -0, 0.08670438), (0.29011852, -0, 0.1675), (0.23688076, -0, 0.23688076), (0.1675, -0, 0.29011852), (0.08670438, -0, 0.32358515), (2.0512833e-17, -0, 0.335), (-0.08670438, -0, 0.32358515), (-0.1675, -0, 0.29011852), (-0.23688076, -0, 0.23688076), (-0.29011852, -0, 0.1675), (-0.32358515, -0, 0.08670438), (-0.335, -0, 4.1025667e-17), (-0.32358515, -0, -0.08670438), (-0.29011852, -0, -0.1675), (-0.23688076, -0, -0.23688076), (-0.1675, -0, -0.29011852), (-0.08670438, -0, -0.32358515), (-6.15385e-17, -0, -0.335), (0.08670438, -0, -0.32358515), (0.1675, -0, -0.29011852), (0.23688076, -0, -0.23688076), (0.29011852, -0, -0.1675), (0.32358515, -0, -0.08670438), (0.335, -0, -8.2051334e-17), (0.32474872, -0.024748737, 0), (0.31368318, -0.024748737, 0.084051155), (0.28124064, -0.024748737, 0.16237436), (0.22963203, -0.024748737, 0.22963203), (0.16237436, -0.024748737, 0.28124064), (0.084051155, -0.024748737, 0.31368318), (1.9885126e-17, -0.024748737, 0.32474872), (-0.084051155, -0.024748737, 0.31368318), (-0.16237436, -0.024748737, 0.28124064), (-0.22963203, -0.024748737, 0.22963203), (-0.28124064, -0.024748737, 0.16237436), (-0.31368318, -0.024748737, 0.084051155), (-0.32474872, -0.024748737, 3.977025e-17), (-0.31368318, -0.024748737, -0.084051155), (-0.28124064, -0.024748737, -0.16237436), (-0.22963203, -0.024748737, -0.22963203), (-0.16237436, -0.024748737, -0.28124064), (-0.084051155, -0.024748737, -0.31368318), (-5.965537e-17, -0.024748737, -0.32474872), (0.084051155, -0.024748737, -0.31368318), (0.16237436, -0.024748737, -0.28124064), (0.22963203, -0.024748737, -0.22963203), (0.28124064, -0.024748737, -0.16237436), (0.31368318, -0.024748737, -0.084051155), (0.32474872, -0.024748737, -7.95405e-17), (0.3, -0.035, 0), (0.28977776, -0.035, 0.07764571), (0.25980762, -0.035, 0.15), (0.21213204, -0.035, 0.21213204), (0.15, -0.035, 0.25980762), (0.07764571, -0.035, 0.28977776), (1.8369703e-17, -0.035, 0.3), (-0.07764571, -0.035, 0.28977776), (-0.15, -0.035, 0.25980762), (-0.21213204, -0.035, 0.21213204), (-0.25980762, -0.035, 0.15), (-0.28977776, -0.035, 0.07764571), (-0.3, -0.035, 3.6739406e-17), (-0.28977776, -0.035, -0.07764571), (-0.25980762, -0.035, -0.15), (-0.21213204, -0.035, -0.21213204), (-0.15, -0.035, -0.25980762), (-0.07764571, -0.035, -0.28977776), (-5.5109105e-17, -0.035, -0.3), (0.07764571, -0.035, -0.28977776), (0.15, -0.035, -0.25980762), (0.21213204, -0.035, -0.21213204), (0.25980762, -0.035, -0.15), (0.28977776, -0.035, -0.07764571), (0.3, -0.035, -7.347881e-17), (0.27525127, -0.024748737, 0), (0.2658723, -0.024748737, 0.07124027), (0.23837459, -0.024748737, 0.13762563), (0.19463204, -0.024748737, 0.19463204), (0.13762563, -0.024748737, 0.23837459), (0.07124027, -0.024748737, 0.2658723), (1.6854278e-17, -0.024748737, 0.27525127), (-0.07124027, -0.024748737, 0.2658723), (-0.13762563, -0.024748737, 0.23837459), (-0.19463204, -0.024748737, 0.19463204), (-0.23837459, -0.024748737, 0.13762563), (-0.2658723, -0.024748737, 0.07124027), (-0.27525127, -0.024748737, 3.3708556e-17), (-0.2658723, -0.024748737, -0.07124027), (-0.23837459, -0.024748737, -0.13762563), (-0.19463204, -0.024748737, -0.19463204), (-0.13762563, -0.024748737, -0.23837459), (-0.07124027, -0.024748737, -0.2658723), (-5.0562838e-17, -0.024748737, -0.27525127), (0.07124027, -0.024748737, -0.2658723), (0.13762563, -0.024748737, -0.23837459), (0.19463204, -0.024748737, -0.19463204), (0.23837459, -0.024748737, -0.13762563), (0.2658723, -0.024748737, -0.07124027), (0.27525127, -0.024748737, -6.741711e-17), (0.265, -4.286264e-18, 0), (0.25597036, -4.286264e-18, 0.06858705), (0.22949673, -4.286264e-18, 0.1325), (0.1873833, -4.286264e-18, 0.1873833), (0.1325, -4.286264e-18, 0.22949673), (0.06858705, -4.286264e-18, 0.25597036), (1.622657e-17, -4.286264e-18, 0.265), (-0.06858705, -4.286264e-18, 0.25597036), (-0.1325, -4.286264e-18, 0.22949673), (-0.1873833, -4.286264e-18, 0.1873833), (-0.22949673, -4.286264e-18, 0.1325), (-0.25597036, -4.286264e-18, 0.06858705), (-0.265, -4.286264e-18, 3.245314e-17), (-0.25597036, -4.286264e-18, -0.06858705), (-0.22949673, -4.286264e-18, -0.1325), (-0.1873833, -4.286264e-18, -0.1873833), (-0.1325, -4.286264e-18, -0.22949673), (-0.06858705, -4.286264e-18, -0.25597036), (-4.867971e-17, -4.286264e-18, -0.265), (0.06858705, -4.286264e-18, -0.25597036), (0.1325, -4.286264e-18, -0.22949673), (0.1873833, -4.286264e-18, -0.1873833), (0.22949673, -4.286264e-18, -0.1325), (0.25597036, -4.286264e-18, -0.06858705), (0.265, -4.286264e-18, -6.490628e-17), (0.27525127, 0.024748737, 0), (0.2658723, 0.024748737, 0.07124027), (0.23837459, 0.024748737, 0.13762563), (0.19463204, 0.024748737, 0.19463204), (0.13762563, 0.024748737, 0.23837459), (0.07124027, 0.024748737, 0.2658723), (1.6854278e-17, 0.024748737, 0.27525127), (-0.07124027, 0.024748737, 0.2658723), (-0.13762563, 0.024748737, 0.23837459), (-0.19463204, 0.024748737, 0.19463204), (-0.23837459, 0.024748737, 0.13762563), (-0.2658723, 0.024748737, 0.07124027), (-0.27525127, 0.024748737, 3.3708556e-17), (-0.2658723, 0.024748737, -0.07124027), (-0.23837459, 0.024748737, -0.13762563), (-0.19463204, 0.024748737, -0.19463204), (-0.13762563, 0.024748737, -0.23837459), (-0.07124027, 0.024748737, -0.2658723), (-5.0562838e-17, 0.024748737, -0.27525127), (0.07124027, 0.024748737, -0.2658723), (0.13762563, 0.024748737, -0.23837459), (0.19463204, 0.024748737, -0.19463204), (0.23837459, 0.024748737, -0.13762563), (0.2658723, 0.024748737, -0.07124027), (0.27525127, 0.024748737, -6.741711e-17), (0.3, 0.035, 0), (0.28977776, 0.035, 0.07764571), (0.25980762, 0.035, 0.15), (0.21213204, 0.035, 0.21213204), (0.15, 0.035, 0.25980762), (0.07764571, 0.035, 0.28977776), (1.8369703e-17, 0.035, 0.3), (-0.07764571, 0.035, 0.28977776), (-0.15, 0.035, 0.25980762), (-0.21213204, 0.035, 0.21213204), (-0.25980762, 0.035, 0.15), (-0.28977776, 0.035, 0.07764571), (-0.3, 0.035, 3.6739406e-17), (-0.28977776, 0.035, -0.07764571), (-0.25980762, 0.035, -0.15), (-0.21213204, 0.035, -0.21213204), (-0.15, 0.035, -0.25980762), (-0.07764571, 0.035, -0.28977776), (-5.5109105e-17, 0.035, -0.3), (0.07764571, 0.035, -0.28977776), (0.15, 0.035, -0.25980762), (0.21213204, 0.035, -0.21213204), (0.25980762, 0.035, -0.15), (0.28977776, 0.035, -0.07764571), (0.3, 0.035, -7.347881e-17), (0.32474872, 0.024748737, 0), (0.31368318, 0.024748737, 0.084051155), (0.28124064, 0.024748737, 0.16237436), (0.22963203, 0.024748737, 0.22963203), (0.16237436, 0.024748737, 0.28124064), (0.084051155, 0.024748737, 0.31368318), (1.9885126e-17, 0.024748737, 0.32474872), (-0.084051155, 0.024748737, 0.31368318), (-0.16237436, 0.024748737, 0.28124064), (-0.22963203, 0.024748737, 0.22963203), (-0.28124064, 0.024748737, 0.16237436), (-0.31368318, 0.024748737, 0.084051155), (-0.32474872, 0.024748737, 3.977025e-17), (-0.31368318, 0.024748737, -0.084051155), (-0.28124064, 0.024748737, -0.16237436), (-0.22963203, 0.024748737, -0.22963203), (-0.16237436, 0.024748737, -0.28124064), (-0.084051155, 0.024748737, -0.31368318), (-5.965537e-17, 0.024748737, -0.32474872), (0.084051155, 0.024748737, -0.31368318), (0.16237436, 0.024748737, -0.28124064), (0.22963203, 0.024748737, -0.22963203), (0.28124064, 0.024748737, -0.16237436), (0.31368318, 0.024748737, -0.084051155), (0.32474872, 0.024748737, -7.95405e-17), (0.335, 8.572528e-18, 0), (0.32358515, 8.572528e-18, 0.08670438), (0.29011852, 8.572528e-18, 0.1675), (0.23688076, 8.572528e-18, 0.23688076), (0.1675, 8.572528e-18, 0.29011852), (0.08670438, 8.572528e-18, 0.32358515), (2.0512833e-17, 8.572528e-18, 0.335), (-0.08670438, 8.572528e-18, 0.32358515), (-0.1675, 8.572528e-18, 0.29011852), (-0.23688076, 8.572528e-18, 0.23688076), (-0.29011852, 8.572528e-18, 0.1675), (-0.32358515, 8.572528e-18, 0.08670438), (-0.335, 8.572528e-18, 4.1025667e-17), (-0.32358515, 8.572528e-18, -0.08670438), (-0.29011852, 8.572528e-18, -0.1675), (-0.23688076, 8.572528e-18, -0.23688076), (-0.1675, 8.572528e-18, -0.29011852), (-0.08670438, 8.572528e-18, -0.32358515), (-6.15385e-17, 8.572528e-18, -0.335), (0.08670438, 8.572528e-18, -0.32358515), (0.1675, 8.572528e-18, -0.29011852), (0.23688076, 8.572528e-18, -0.23688076), (0.29011852, 8.572528e-18, -0.1675), (0.32358515, 8.572528e-18, -0.08670438), (0.335, 8.572528e-18, -8.2051334e-17)]
                texCoord2f[] primvars:st = [(0, 0.875), (0, 1), (0.041666668, 0.875), (0, 1), (0.041666668, 1), (0.041666668, 0.875), (0.041666668, 0.875), (0.041666668, 1), (0.083333336, 0.875), (0.041666668, 1), (0.083333336, 1), (0.083333336, 0.875), (0.083333336, 0.875), (0.083333336, 1), (0.125, 0.875), (0.083333336, 1), (0.125, 1), (0.125, 0.875), (0.125, 0.875), (0.125, 1), (0.16666667, 0.875), (0.125, 1), (0.16666667, 1), (0.16666667, 0.875), (0.16666667, 0.875), (0.16666667, 1), (0.20833333, 0.875), (0.16666667, 1), (0.20833333, 1), (0.20833333, 0.875), (0.20833333, 0.875), (0.20833333, 1), (0.25, 0.875), (0.20833333, 1), (0.25, 1), (0.25, 0.875), (0.25, 0.875), (0.25, 1), (0.29166666, 0.875), (0.25, 1), (0.29166666, 1), (0.29166666, 0.875), (0.29166666, 0.875), (0.29166666, 1), (0.33333334, 0.875), (0.29166666, 1), (0.33333334, 1), (0.33333334, 0.875), (0.33333334, 0.875), (0.33333334, 1), (0.375, 0.875), (0.33333334, 1), (0.375, 1), (0.375, 0.875), (0.375, 0.875), (0.375, 1), (0.41666666, 0.875), (0.375, 1), (0.41666666, 1), (0.41666666, 0.875), (0.41666666, 0.875), (0.41666666, 1), (0.45833334, 0.875), (0.41666666, 1), (0.45833334, 1), (0.45833334, 0.875), (0.45833334, 0.875), (0.45833334, 1), (0.5, 0.875), (0.45833334, 1), (0.5, 1), (0.5, 0.875), (0.5, 0.875), (0.5, 1), (0.5416667, 0.875), (0.5, 1), (0.5416667, 1), (0.5416667, 0.875), (0.5416667, 0.875), (0.5416667, 1), (0.5833333, 0.875), (0.5416667, 1), (0.5833333, 1), (0.5833333, 0.875), (0.5833333, 0.875), (0.5833333, 1), (0.625, 0.875), (0.5833333, 1), (0.625, 1), (0.625, 0.875), (0.625, 0.875), (0.625, 1), (0.6666667, 0.875), (0.625, 1), (0.6666667, 1), (0.6666667, 0.875), (0.6666667, 0.875), (0.6666667, 1), (0.7083333, 0.875), (0.6666667, 1), (0.7083333, 1), (0.7083333, 0.875), (0.7083333, 0.875), (0.7083333, 1), (0.75, 0.875), (0.7083333, 1), (0.75, 1), (0.75, 0.875), (0.75, 0.875), (0.75, 1), (0.7916667, 0.875), (0.75, 1), (0.7916667, 1), (0.7916667, 0.875), (0.7916667, 0.875), (0.7916667, 1), (0.8333333, 0.875), (0.7916667, 1), (0.8333333, 1), (0.8333333, 0.875), (0.8333333, 0.875), (0.8333333, 1), (0.875, 0.875), (0.8333333, 1), (0.875, 1), (0.875, 0.875), (0.875, 0.875), (0.875, 1), (0.9166667, 0.875), (0.875, 1), (0.9166667, 1), (0.9166667, 0.875), (0.9166667, 0.875), (0.9166667, 1), (0.9583333, 0.875), (0.9166667, 1), (0.9583333, 1), (0.9583333, 0.875), (0.9583333, 0.875), (0.9583333, 1), (1, 0.875), (0.9583333, 1), (1, 1), (1, 0.875), (0, 0.75), (0, 0.875), (0.041666668, 0.75), (0, 0.875), (0.041666668, 0.875), (0.041666668, 0.75), (0.041666668, 0.75), (0.041666668, 0.875), (0.083333336, 0.75), (0.041666668, 0.875), (0.083333336, 0.875), (0.083333336, 0.75), (0.083333336, 0.75), (0.083333336, 0.875), (0.125, 0.75), (0.083333336, 0.875), (0.125, 0.875), (0.125, 0.75), (0.125, 0.75), (0.125, 0.875), (0.16666667, 0.75), (0.125, 0.875), (0.16666667, 0.875), (0.16666667, 0.75), (0.16666667, 0.75), (0.16666667, 0.875), (0.20833333, 0.75), (0.16666667, 0.875), (0.20833333, 0.875), (0.20833333, 0.75), (0.20833333, 0.75), (0.20833333, 0.875), (0.25, 0.75), (0.20833333, 0.875), (0.25, 0.875), (0.25, 0.75), (0.25, 0.75), (0.25, 0.875), (0.29166666, 0.75), (0.25, 0.875), (0.29166666, 0.875), (0.29166666, 0.75), (0.29166666, 0.75), (0.29166666, 0.875), (0.33333334, 0.75), (0.29166666, 0.875), (0.33333334, 0.875), (0.33333334, 0.75), (0.33333334, 0.75), (0.33333334, 0.875), (0.375, 0.75), (0.33333334, 0.875), (0.375, 0.875), (0.375, 0.75), (0.375, 0.75), (0.375, 0.875), (0.41666666, 0.75), (0.375, 0.875), (0.41666666, 0.875), (0.41666666, 0.75), (0.41666666, 0.75), (0.41666666, 0.875), (0.45833334, 0.75), (0.41666666, 0.875), (0.45833334, 0.875), (0.45833334, 0.75), (0.45833334, 0.75), (0.45833334, 0.875), (0.5, 0.75), (0.45833334, 0.875), (0.5, 0.875), (0.5, 0.75), (0.5, 0.75), (0.5, 0.875), (0.5416667, 0.75), (0.5, 0.875), (0.5416667, 0.875), (0.5416667, 0.75), (0.5416667, 0.75), (0.5416667, 0.875), (0.5833333, 0.75), (0.5416667, 0.875), (0.5833333, 0.875), (0.5833333, 0.75), (0.5833333, 0.75), (0.5833333, 0.875), (0.625, 0.75), (0.5833333, 0.875), (0.625, 0.875), (0.625, 0.75), (0.625, 0.75), (0.625, 0.875), (0.6666667, 0.75), (0.625, 0.875), (0.6666667, 0.875), (0.6666667, 0.75), (0.6666667, 0.75), (0.6666667, 0.875), (0.7083333, 0.75), (0.6666667, 0.875), (0.7083333, 0.875), (0.7083333, 0.75), (0.7083333, 0.75), (0.7083333, 0.875), (0.75, 0.75), (0.7083333, 0.875), (0.75, 0.875), (0.75, 0.75), (0.75, 0.75), (0.75, 0.875), (0.7916667, 0.75), (0.75, 0.875), (0.7916667, 0.875), (0.7916667, 0.75), (0.7916667, 0.75), (0.7916667, 0.875), (0.8333333, 0.75), (0.7916667, 0.875), (0.8333333, 0.875), (0.8333333, 0.75), (0.8333333, 0.75), (0.8333333, 0.875), (0.875, 0.75), (0.8333333, 0.875), (0.875, 0.875), (0.875, 0.75), (0.875, 0.75), (0.875, 0.875), (0.9166667, 0.75), (0.875, 0.875), (0.9166667, 0.875), (0.9166667, 0.75), (0.9166667, 0.75), (0.9166667, 0.875), (0.9583333, 0.75), (0.9166667, 0.875), (0.9583333, 0.875), (0.9583333, 0.75), (0.9583333, 0.75), (0.9583333, 0.875), (1, 0.75), (0.9583333, 0.875), (1, 0.875), (1, 0.75), (0, 0.625), (0, 0.75), (0.041666668, 0.625), (0, 0.75), (0.041666668, 0.75), (0.041666668, 0.625), (0.041666668, 0.625), (0.041666668, 0.75), (0.083333336, 0.625), (0.041666668, 0.75), (0.083333336, 0.75), (0.083333336, 0.625), (0.083333336, 0.625), (0.083333336, 0.75), (0.125, 0.625), (0.083333336, 0.75), (0.125, 0.75), (0.125, 0.625), (0.125, 0.625), (0.125, 0.75), (0.16666667, 0.625), (0.125, 0.75), (0.16666667, 0.75), (0.16666667, 0.625), (0.16666667, 0.625), (0.16666667, 0.75), (0.20833333, 0.625), (0.16666667, 0.75), (0.20833333, 0.75), (0.20833333, 0.625), (0.20833333, 0.625), (0.20833333, 0.75), (0.25, 0.625), (0.20833333, 0.75), (0.25, 0.75), (0.25, 0.625), (0.25, 0.625), (0.25, 0.75), (0.29166666, 0.625), (0.25, 0.75), (0.29166666, 0.75), (0.29166666, 0.625), (0.29166666, 0.625), (0.29166666, 0.75), (0.33333334, 0.625), (0.29166666, 0.75), (0.33333334, 0.75), (0.33333334, 0.625), (0.33333334, 0.625), (0.33333334, 0.75), (0.375, 0.625), (0.33333334, 0.75), (0.375, 0.75), (0.375, 0.625), (0.375, 0.625), (0.375, 0.75), (0.41666666, 0.625), (0.375, 0.75), (0.41666666, 0.75), (0.41666666, 0.625), (0.41666666, 0.625), (0.41666666, 0.75), (0.45833334, 0.625), (0.41666666, 0.75), (0.45833334, 0.75), (0.45833334, 0.625), (0.45833334, 0.625), (0.45833334, 0.75), (0.5, 0.625), (0.45833334, 0.75), (0.5, 0.75), (0.5, 0.625), (0.5, 0.625), (0.5, 0.75), (0.5416667, 0.625), (0.5, 0.75), (0.5416667, 0.75), (0.5416667, 0.625), (0.5416667, 0.625), (0.5416667, 0.75), (0.5833333, 0.625), (0.5416667, 0.75), (0.5833333, 0.75), (0.5833333, 0.625), (0.5833333, 0.625), (0.5833333, 0.75), (0.625, 0.625), (0.5833333, 0.75), (0.625, 0.75), (0.625, 0.625), (0.625, 0.625), (0.625, 0.75), (0.6666667, 0.625), (0.625, 0.75), (0.6666667, 0.75), (0.6666667, 0.625), (0.6666667, 0.625), (0.6666667, 0.75), (0.7083333, 0.625), (0.6666667, 0.75), (0.7083333, 0.75), (0.7083333, 0.625), (0.7083333, 0.625), (0.7083333, 0.75), (0.75, 0.625), (0.7083333, 0.75), (0.75, 0.75), (0.75, 0.625), (0.75, 0.625), (0.75, 0.75), (0.7916667, 0.625), (0.75, 0.75), (0.7916667, 0.75), (0.7916667, 0.625), (0.7916667, 0.625), (0.7916667, 0.75), (0.8333333, 0.625), (0.7916667, 0.75), (0.8333333, 0.75), (0.8333333, 0.625), (0.8333333, 0.625), (0.8333333, 0.75), (0.875, 0.625), (0.8333333, 0.75), (0.875, 0.75), (0.875, 0.625), (0.875, 0.625), (0.875, 0.75), (0.9166667, 0.625), (0.875, 0.75), (0.9166667, 0.75), (0.9166667, 0.625), (0.9166667, 0.625), (0.9166667, 0.75), (0.9583333, 0.625), (0.9166667, 0.75), (0.9583333, 0.75), (0.9583333, 0.625), (0.9583333, 0.625), (0.9583333, 0.75), (1, 0.625), (0.9583333, 0.75), (1, 0.75), (1, 0.625), (0, 0.5), (0, 0.625), (0.041666668, 0.5), (0, 0.625), (0.041666668, 0.625), (0.041666668, 0.5), (0.041666668, 0.5), (0.041666668, 0.625), (0.083333336, 0.5), (0.041666668, 0.625), (0.083333336, 0.625), (0.083333336, 0.5), (0.083333336, 0.5), (0.083333336, 0.625), (0.125, 0.5), (0.083333336, 0.625), (0.125, 0.625), (0.125, 0.5), (0.125, 0.5), (0.125, 0.625), (0.16666667, 0.5), (0.125, 0.625), (0.16666667, 0.625), (0.16666667, 0.5), (0.16666667, 0.5), (0.16666667, 0.625), (0.20833333, 0.5), (0.16666667, 0.625), (0.20833333, 0.625), (0.20833333, 0.5), (0.20833333, 0.5), (0.20833333, 0.625), (0.25, 0.5), (0.20833333, 0.625), (0.25, 0.625), (0.25, 0.5), (0.25, 0.5), (0.25, 0.625), (0.29166666, 0.5), (0.25, 0.625), (0.29166666, 0.625), (0.29166666, 0.5), (0.29166666, 0.5), (0.29166666, 0.625), (0.33333334, 0.5), (0.29166666, 0.625), (0.33333334, 0.625), (0.33333334, 0.5), (0.33333334, 0.5), (0.33333334, 0.625), (0.375, 0.5), (0.33333334, 0.625), (0.375, 0.625), (0.375, 0.5), (0.375, 0.5), (0.375, 0.625), (0.41666666, 0.5), (0.375, 0.625), (0.41666666, 0.625), (0.41666666, 0.5), (0.41666666, 0.5), (0.41666666, 0.625), (0.45833334, 0.5), (0.41666666, 0.625), (0.45833334, 0.625), (0.45833334, 0.5), (0.45833334, 0.5), (0.45833334, 0.625), (0.5, 0.5), (0.45833334, 0.625), (0.5, 0.625), (0.5, 0.5), (0.5, 0.5), (0.5, 0.625), (0.5416667, 0.5), (0.5, 0.625), (0.5416667, 0.625), (0.5416667, 0.5), (0.5416667, 0.5), (0.5416667, 0.625), (0.5833333, 0.5), (0.5416667, 0.625), (0.5833333, 0.625), (0.5833333, 0.5), (0.5833333, 0.5), (0.5833333, 0.625), (0.625, 0.5), (0.5833333, 0.625), (0.625, 0.625), (0.625, 0.5), (0.625, 0.5), (0.625, 0.625), (0.6666667, 0.5), (0.625, 0.625), (0.6666667, 0.625), (0.6666667, 0.5), (0.6666667, 0.5), (0.6666667, 0.625), (0.7083333, 0.5), (0.6666667, 0.625), (0.7083333, 0.625), (0.7083333, 0.5), (0.7083333, 0.5), (0.7083333, 0.625), (0.75, 0.5), (0.7083333, 0.625), (0.75, 0.625), (0.75, 0.5), (0.75, 0.5), (0.75, 0.625), (0.7916667, 0.5), (0.75, 0.625), (0.7916667, 0.625), (0.7916667, 0.5), (0.7916667, 0.5), (0.7916667, 0.625), (0.8333333, 0.5), (0.7916667, 0.625), (0.8333333, 0.625), (0.8333333, 0.5), (0.8333333, 0.5), (0.8333333, 0.625), (0.875, 0.5), (0.8333333, 0.625), (0.875, 0.625), (0.875, 0.5), (0.875, 0.5), (0.875, 0.625), (0.9166667, 0.5), (0.875, 0.625), (0.9166667, 0.625), (0.9166667, 0.5), (0.9166667, 0.5), (0.9166667, 0.625), (0.9583333, 0.5), (0.9166667, 0.625), (0.9583333, 0.625), (0.9583333, 0.5), (0.9583333, 0.5), (0.9583333, 0.625), (1, 0.5), (0.9583333, 0.625), (1, 0.625), (1, 0.5), (0, 0.375), (0, 0.5), (0.041666668, 0.375), (0, 0.5), (0.041666668, 0.5), (0.041666668, 0.375), (0.041666668, 0.375), (0.041666668, 0.5), (0.083333336, 0.375), (0.041666668, 0.5), (0.083333336, 0.5), (0.083333336, 0.375), (0.083333336, 0.375), (0.083333336, 0.5), (0.125, 0.375), (0.083333336, 0.5), (0.125, 0.5), (0.125, 0.375), (0.125, 0.375), (0.125, 0.5), (0.16666667, 0.375), (0.125, 0.5), (0.16666667, 0.5), (0.16666667, 0.375), (0.16666667, 0.375), (0.16666667, 0.5), (0.20833333, 0.375), (0.16666667, 0.5), (0.20833333, 0.5), (0.20833333, 0.375), (0.20833333, 0.375), (0.20833333, 0.5), (0.25, 0.375), (0.20833333, 0.5), (0.25, 0.5), (0.25, 0.375), (0.25, 0.375), (0.25, 0.5), (0.29166666, 0.375), (0.25, 0.5), (0.29166666, 0.5), (0.29166666, 0.375), (0.29166666, 0.375), (0.29166666, 0.5), (0.33333334, 0.375), (0.29166666, 0.5), (0.33333334, 0.5), (0.33333334, 0.375), (0.33333334, 0.375), (0.33333334, 0.5), (0.375, 0.375), (0.33333334, 0.5), (0.375, 0.5), (0.375, 0.375), (0.375, 0.375), (0.375, 0.5), (0.41666666, 0.375), (0.375, 0.5), (0.41666666, 0.5), (0.41666666, 0.375), (0.41666666, 0.375), (0.41666666, 0.5), (0.45833334, 0.375), (0.41666666, 0.5), (0.45833334, 0.5), (0.45833334, 0.375), (0.45833334, 0.375), (0.45833334, 0.5), (0.5, 0.375), (0.45833334, 0.5), (0.5, 0.5), (0.5, 0.375), (0.5, 0.375), (0.5, 0.5), (0.5416667, 0.375), (0.5, 0.5), (0.5416667, 0.5), (0.5416667, 0.375), (0.5416667, 0.375), (0.5416667, 0.5), (0.5833333, 0.375), (0.5416667, 0.5), (0.5833333, 0.5), (0.5833333, 0.375), (0.5833333, 0.375), (0.5833333, 0.5), (0.625, 0.375), (0.5833333, 0.5), (0.625, 0.5), (0.625, 0.375), (0.625, 0.375), (0.625, 0.5), (0.6666667, 0.375), (0.625, 0.5), (0.6666667, 0.5), (0.6666667, 0.375), (0.6666667, 0.375), (0.6666667, 0.5), (0.7083333, 0.375), (0.6666667, 0.5), (0.7083333, 0.5), (0.7083333, 0.375), (0.7083333, 0.375), (0.7083333, 0.5), (0.75, 0.375), (0.7083333, 0.5), (0.75, 0.5), (0.75, 0.375), (0.75, 0.375), (0.75, 0.5), (0.7916667, 0.375), (0.75, 0.5), (0.7916667, 0.5), (0.7916667, 0.375), (0.7916667, 0.375), (0.7916667, 0.5), (0.8333333, 0.375), (0.7916667, 0.5), (0.8333333, 0.5), (0.8333333, 0.375), (0.8333333, 0.375), (0.8333333, 0.5), (0.875, 0.375), (0.8333333, 0.5), (0.875, 0.5), (0.875, 0.375), (0.875, 0.375), (0.875, 0.5), (0.9166667, 0.375), (0.875, 0.5), (0.9166667, 0.5), (0.9166667, 0.375), (0.9166667, 0.375), (0.9166667, 0.5), (0.9583333, 0.375), (0.9166667, 0.5), (0.9583333, 0.5), (0.9583333, 0.375), (0.9583333, 0.375), (0.9583333, 0.5), (1, 0.375), (0.9583333, 0.5), (1, 0.5), (1, 0.375), (0, 0.25), (0, 0.375), (0.041666668, 0.25), (0, 0.375), (0.041666668, 0.375), (0.041666668, 0.25), (0.041666668, 0.25), (0.041666668, 0.375), (0.083333336, 0.25), (0.041666668, 0.375), (0.083333336, 0.375), (0.083333336, 0.25), (0.083333336, 0.25), (0.083333336, 0.375), (0.125, 0.25), (0.083333336, 0.375), (0.125, 0.375), (0.125, 0.25), (0.125, 0.25), (0.125, 0.375), (0.16666667, 0.25), (0.125, 0.375), (0.16666667, 0.375), (0.16666667, 0.25), (0.16666667, 0.25), (0.16666667, 0.375), (0.20833333, 0.25), (0.16666667, 0.375), (0.20833333, 0.375), (0.20833333, 0.25), (0.20833333, 0.25), (0.20833333, 0.375), (0.25, 0.25), (0.20833333, 0.375), (0.25, 0.375), (0.25, 0.25), (0.25, 0.25), (0.25, 0.375), (0.29166666, 0.25), (0.25, 0.375), (0.29166666, 0.375), (0.29166666, 0.25), (0.29166666, 0.25), (0.29166666, 0.375), (0.33333334, 0.25), (0.29166666, 0.375), (0.33333334, 0.375), (0.33333334, 0.25), (0.33333334, 0.25), (0.33333334, 0.375), (0.375, 0.25), (0.33333334, 0.375), (0.375, 0.375), (0.375, 0.25), (0.375, 0.25), (0.375, 0.375), (0.41666666, 0.25), (0.375, 0.375), (0.41666666, 0.375), (0.41666666, 0.25), (0.41666666, 0.25), (0.41666666, 0.375), (0.45833334, 0.25), (0.41666666, 0.375), (0.45833334, 0.375), (0.45833334, 0.25), (0.45833334, 0.25), (0.45833334, 0.375), (0.5, 0.25), (0.45833334, 0.375), (0.5, 0.375), (0.5, 0.25), (0.5, 0.25), (0.5, 0.375), (0.5416667, 0.25), (0.5, 0.375), (0.5416667, 0.375), (0.5416667, 0.25), (0.5416667, 0.25), (0.5416667, 0.375), (0.5833333, 0.25), (0.5416667, 0.375), (0.5833333, 0.375), (0.5833333, 0.25), (0.5833333, 0.25), (0.5833333, 0.375), (0.625, 0.25), (0.5833333, 0.375), (0.625, 0.375), (0.625, 0.25), (0.625, 0.25), (0.625, 0.375), (0.6666667, 0.25), (0.625, 0.375), (0.6666667, 0.375), (0.6666667, 0.25), (0.6666667, 0.25), (0.6666667, 0.375), (0.7083333, 0.25), (0.6666667, 0.375), (0.7083333, 0.375), (0.7083333, 0.25), (0.7083333, 0.25), (0.7083333, 0.375), (0.75, 0.25), (0.7083333, 0.375), (0.75, 0.375), (0.75, 0.25), (0.75, 0.25), (0.75, 0.375), (0.7916667, 0.25), (0.75, 0.375), (0.7916667, 0.375), (0.7916667, 0.25), (0.7916667, 0.25), (0.7916667, 0.375), (0.8333333, 0.25), (0.7916667, 0.375), (0.8333333, 0.375), (0.8333333, 0.25), (0.8333333, 0.25), (0.8333333, 0.375), (0.875, 0.25), (0.8333333, 0.375), (0.875, 0.375), (0.875, 0.25), (0.875, 0.25), (0.875, 0.375), (0.9166667, 0.25), (0.875, 0.375), (0.9166667, 0.375), (0.9166667, 0.25), (0.9166667, 0.25), (0.9166667, 0.375), (0.9583333, 0.25), (0.9166667, 0.375), (0.9583333, 0.375), (0.9583333, 0.25), (0.9583333, 0.25), (0.9583333, 0.375), (1, 0.25), (0.9583333, 0.375), (1, 0.375), (1, 0.25), (0, 0.125), (0, 0.25), (0.041666668, 0.125), (0, 0.25), (0.041666668, 0.25), (0.041666668, 0.125), (0.041666668, 0.125), (0.041666668, 0.25), (0.083333336, 0.125), (0.041666668, 0.25), (0.083333336, 0.25), (0.083333336, 0.125), (0.083333336, 0.125), (0.083333336, 0.25), (0.125, 0.125), (0.083333336, 0.25), (0.125, 0.25), (0.125, 0.125), (0.125, 0.125), (0.125, 0.25), (0.16666667, 0.125), (0.125, 0.25), (0.16666667, 0.25), (0.16666667, 0.125), (0.16666667, 0.125), (0.16666667, 0.25), (0.20833333, 0.125), (0.16666667, 0.25), (0.20833333, 0.25), (0.20833333, 0.125), (0.20833333, 0.125), (0.20833333, 0.25), (0.25, 0.125), (0.20833333, 0.25), (0.25, 0.25), (0.25, 0.125), (0.25, 0.125), (0.25, 0.25), (0.29166666, 0.125), (0.25, 0.25), (0.29166666, 0.25), (0.29166666, 0.125), (0.29166666, 0.125), (0.29166666, 0.25), (0.33333334, 0.125), (0.29166666, 0.25), (0.33333334, 0.25), (0.33333334, 0.125), (0.33333334, 0.125), (0.33333334, 0.25), (0.375, 0.125), (0.33333334, 0.25), (0.375, 0.25), (0.375, 0.125), (0.375, 0.125), (0.375, 0.25), (0.41666666, 0.125), (0.375, 0.25), (0.41666666, 0.25), (0.41666666, 0.125), (0.41666666, 0.125), (0.41666666, 0.25), (0.45833334, 0.125), (0.41666666, 0.25), (0.45833334, 0.25), (0.45833334, 0.125), (0.45833334, 0.125), (0.45833334, 0.25), (0.5, 0.125), (0.45833334, 0.25), (0.5, 0.25), (0.5, 0.125), (0.5, 0.125), (0.5, 0.25), (0.5416667, 0.125), (0.5, 0.25), (0.5416667, 0.25), (0.5416667, 0.125), (0.5416667, 0.125), (0.5416667, 0.25), (0.5833333, 0.125), (0.5416667, 0.25), (0.5833333, 0.25), (0.5833333, 0.125), (0.5833333, 0.125), (0.5833333, 0.25), (0.625, 0.125), (0.5833333, 0.25), (0.625, 0.25), (0.625, 0.125), (0.625, 0.125), (0.625, 0.25), (0.6666667, 0.125), (0.625, 0.25), (0.6666667, 0.25), (0.6666667, 0.125), (0.6666667, 0.125), (0.6666667, 0.25), (0.7083333, 0.125), (0.6666667, 0.25), (0.7083333, 0.25), (0.7083333, 0.125), (0.7083333, 0.125), (0.7083333, 0.25), (0.75, 0.125), (0.7083333, 0.25), (0.75, 0.25), (0.75, 0.125), (0.75, 0.125), (0.75, 0.25), (0.7916667, 0.125), (0.75, 0.25), (0.7916667, 0.25), (0.7916667, 0.125), (0.7916667, 0.125), (0.7916667, 0.25), (0.8333333, 0.125), (0.7916667, 0.25), (0.8333333, 0.25), (0.8333333, 0.125), (0.8333333, 0.125), (0.8333333, 0.25), (0.875, 0.125), (0.8333333, 0.25), (0.875, 0.25), (0.875, 0.125), (0.875, 0.125), (0.875, 0.25), (0.9166667, 0.125), (0.875, 0.25), (0.9166667, 0.25), (0.9166667, 0.125), (0.9166667, 0.125), (0.9166667, 0.25), (0.9583333, 0.125), (0.9166667, 0.25), (0.9583333, 0.25), (0.9583333, 0.125), (0.9583333, 0.125), (0.9583333, 0.25), (1, 0.125), (0.9583333, 0.25), (1, 0.25), (1, 0.125), (0, 0), (0, 0.125), (0.041666668, 0), (0, 0.125), (0.041666668, 0.125), (0.041666668, 0), (0.041666668, 0), (0.041666668, 0.125), (0.083333336, 0), (0.041666668, 0.125), (0.083333336, 0.125), (0.083333336, 0), (0.083333336, 0), (0.083333336, 0.125), (0.125, 0), (0.083333336, 0.125), (0.125, 0.125), (0.125, 0), (0.125, 0), (0.125, 0.125), (0.16666667, 0), (0.125, 0.125), (0.16666667, 0.125), (0.16666667, 0), (0.16666667, 0), (0.16666667, 0.125), (0.20833333, 0), (0.16666667, 0.125), (0.20833333, 0.125), (0.20833333, 0), (0.20833333, 0), (0.20833333, 0.125), (0.25, 0), (0.20833333, 0.125), (0.25, 0.125), (0.25, 0), (0.25, 0), (0.25, 0.125), (0.29166666, 0), (0.25, 0.125), (0.29166666, 0.125), (0.29166666, 0), (0.29166666, 0), (0.29166666, 0.125), (0.33333334, 0), (0.29166666, 0.125), (0.33333334, 0.125), (0.33333334, 0), (0.33333334, 0), (0.33333334, 0.125), (0.375, 0), (0.33333334, 0.125), (0.375, 0.125), (0.375, 0), (0.375, 0), (0.375, 0.125), (0.41666666, 0), (0.375, 0.125), (0.41666666, 0.125), (0.41666666, 0), (0.41666666, 0), (0.41666666, 0.125), (0.45833334, 0), (0.41666666, 0.125), (0.45833334, 0.125), (0.45833334, 0), (0.45833334, 0), (0.45833334, 0.125), (0.5, 0), (0.45833334, 0.125), (0.5, 0.125), (0.5, 0), (0.5, 0), (0.5, 0.125), (0.5416667, 0), (0.5, 0.125), (0.5416667, 0.125), (0.5416667, 0), (0.5416667, 0), (0.5416667, 0.125), (0.5833333, 0), (0.5416667, 0.125), (0.5833333, 0.125), (0.5833333, 0), (0.5833333, 0), (0.5833333, 0.125), (0.625, 0), (0.5833333, 0.125), (0.625, 0.125), (0.625, 0), (0.625, 0), (0.625, 0.125), (0.6666667, 0), (0.625, 0.125), (0.6666667, 0.125), (0.6666667, 0), (0.6666667, 0), (0.6666667, 0.125), (0.7083333, 0), (0.6666667, 0.125), (0.7083333, 0.125), (0.7083333, 0), (0.7083333, 0), (0.7083333, 0.125), (0.75, 0), (0.7083333, 0.125), (0.75, 0.125), (0.75, 0), (0.75, 0), (0.75, 0.125), (0.7916667, 0), (0.75, 0.125), (0.7916667, 0.125), (0.7916667, 0), (0.7916667, 0), (0.7916667, 0.125), (0.8333333, 0), (0.7916667, 0.125), (0.8333333, 0.125), (0.8333333, 0), (0.8333333, 0), (0.8333333, 0.125), (0.875, 0), (0.8333333, 0.125), (0.875, 0.125), (0.875, 0), (0.875, 0), (0.875, 0.125), (0.9166667, 0), (0.875, 0.125), (0.9166667, 0.125), (0.9166667, 0), (0.9166667, 0), (0.9166667, 0.125), (0.9583333, 0), (0.9166667, 0.125), (0.9583333, 0.125), (0.9583333, 0), (0.9583333, 0), (0.9583333, 0.125), (1, 0), (0.9583333, 0.125), (1, 0.125), (1, 0)] (
                    interpolation = "faceVarying"
                )
                uniform token subdivisionScheme = "none"
                custom string userProperties:blender:data_name = "Mesh_5.019"
            }
        }

        def Xform "display"
        {
            custom string userProperties:blender:object_name = "display"
            float3 xformOp:rotateXYZ = (0, -0, 0)
            float3 xformOp:scale = (1, 1, 1)
            double3 xformOp:translate = (1.2400000095367432, -0.9549999833106995, 1)
            uniform token[] xformOpOrder = ["xformOp:translate", "xformOp:rotateXYZ", "xformOp:scale"]

            def Mesh "Mesh_11_012" (
                active = true
                prepend apiSchemas = ["MaterialBindingAPI"]
            )
            {
                uniform bool doubleSided = 0
                float3[] extent = [(-0.13, -0.01, -0.1), (0.13, 0.01, 0.1)]
                int[] faceVertexCounts = [3, 3, 3, 3, 3, 3, 3, 3, 3, 3, 3, 3]
                int[] faceVertexIndices = [0, 2, 1, 2, 3, 1, 4, 6, 5, 6, 7, 5, 8, 10, 9, 10, 11, 9, 12, 14, 13, 14, 15, 13, 16, 18, 17, 18, 19, 17, 20, 22, 21, 22, 23, 21]
                rel material:binding = </root/_materials/Material_11_012>
                normal3f[] normals = [(1, 0, 0), (1, 0, 0), (1, 0, 0), (1, 0, 0), (1, 0, 0), (1, 0, 0), (-1, 0, 0), (-1, 0, 0), (-1, 0, 0), (-1, 0, 0), (-1, 0, 0), (-1, 0, 0), (0, 0, 1), (0, 0, 1), (0, 0, 1), (0, 0, 1), (0, 0, 1), (0, 0, 1), (0, 0, -1), (0, 0, -1), (0, 0, -1), (0, 0, -1), (0, 0, -1), (0, 0, -1), (0, -1, 0), (0, -1, 0), (0, -1, 0), (0, -1, 0), (0, -1, 0), (0, -1, 0), (0, 1, 0), (0, 1, 0), (0, 1, 0), (0, 1, 0), (0, 1, 0), (0, 1, 0)] (
                    interpolation = "faceVarying"
                )
                point3f[] points = [(0.13, -0.01, 0.1), (0.13, 0.01, 0.1), (0.13, -0.01, -0.1), (0.13, 0.01, -0.1), (-0.13, 0.01, 0.1), (-0.13, -0.01, 0.1), (-0.13, 0.01, -0.1), (-0.13, -0.01, -0.1), (-0.13, 0.01, 0.1), (0.13, 0.01, 0.1), (-0.13, -0.01, 0.1), (0.13, -0.01, 0.1), (-0.13, -0.01, -0.1), (0.13, -0.01, -0.1), (-0.13, 0.01, -0.1), (0.13, 0.01, -0.1), (-0.13, -0.01, 0.1), (0.13, -0.01, 0.1), (-0.13, -0.01, -0.1), (0.13, -0.01, -0.1), (0.13, 0.01, 0.1), (-0.13, 0.01, 0.1), (0.13, 0.01, -0.1), (-0.13, 0.01, -0.1)]
                texCoord2f[] primvars:st = [(0, 0), (0, 1), (1, 0), (0, 1), (1, 1), (1, 0), (0, 0), (0, 1), (1, 0), (0, 1), (1, 1), (1, 0), (0, 0), (0, 1), (1, 0), (0, 1), (1, 1), (1, 0), (0, 0), (0, 1), (1, 0), (0, 1), (1, 1), (1, 0), (0, 0), (0, 1), (1, 0), (0, 1), (1, 1), (1, 0), (0, 0), (0, 1), (1, 0), (0, 1), (1, 1), (1, 0)] (
                    interpolation = "faceVarying"
                )
                uniform token subdivisionScheme = "none"
                custom string userProperties:blender:data_name = "Mesh_11.012"
            }
        }

        def Xform "magnet_ring_2_3"
        {
            custom string userProperties:blender:object_name = "magnet_ring_2_3"
            float3 xformOp:rotateXYZ = (0, -0, 90.00001)
            float3 xformOp:scale = (1.0000001, 1.0000001, 1)
            double3 xformOp:translate = (0.4099999964237213, 0, 0.6499999761581421)
            uniform token[] xformOpOrder = ["xformOp:translate", "xformOp:rotateXYZ", "xformOp:scale"]

            def Mesh "Mesh_6_019" (
                active = true
                prepend apiSchemas = ["MaterialBindingAPI"]
            )
            {
                uniform bool doubleSided = 0
                float3[] extent = [(-0.335, -0.035, -0.335), (0.335, 0.035, 0.335)]
                int[] faceVertexCounts = [3, 3, 3, 3, 3, 3, 3, 3, 3, 3, 3, 3, 3, 3, 3, 3, 3, 3, 3, 3, 3, 3, 3, 3, 3, 3, 3, 3, 3, 3, 3, 3, 3, 3, 3, 3, 3, 3, 3, 3, 3, 3, 3, 3, 3, 3, 3, 3, 3, 3, 3, 3, 3, 3, 3, 3, 3, 3, 3, 3, 3, 3, 3, 3, 3, 3, 3, 3, 3, 3, 3, 3, 3, 3, 3, 3, 3, 3, 3, 3, 3, 3, 3, 3, 3, 3, 3, 3, 3, 3, 3, 3, 3, 3, 3, 3, 3, 3, 3, 3, 3, 3, 3, 3, 3, 3, 3, 3, 3, 3, 3, 3, 3, 3, 3, 3, 3, 3, 3, 3, 3, 3, 3, 3, 3, 3, 3, 3, 3, 3, 3, 3, 3, 3, 3, 3, 3, 3, 3, 3, 3, 3, 3, 3, 3, 3, 3, 3, 3, 3, 3, 3, 3, 3, 3, 3, 3, 3, 3, 3, 3, 3, 3, 3, 3, 3, 3, 3, 3, 3, 3, 3, 3, 3, 3, 3, 3, 3, 3, 3, 3, 3, 3, 3, 3, 3, 3, 3, 3, 3, 3, 3, 3, 3, 3, 3, 3, 3, 3, 3, 3, 3, 3, 3, 3, 3, 3, 3, 3, 3, 3, 3, 3, 3, 3, 3, 3, 3, 3, 3, 3, 3, 3, 3, 3, 3, 3, 3, 3, 3, 3, 3, 3, 3, 3, 3, 3, 3, 3, 3, 3, 3, 3, 3, 3, 3, 3, 3, 3, 3, 3, 3, 3, 3, 3, 3, 3, 3, 3, 3, 3, 3, 3, 3, 3, 3, 3, 3, 3, 3, 3, 3, 3, 3, 3, 3, 3, 3, 3, 3, 3, 3, 3, 3, 3, 3, 3, 3, 3, 3, 3, 3, 3, 3, 3, 3, 3, 3, 3, 3, 3, 3, 3, 3, 3, 3, 3, 3, 3, 3, 3, 3, 3, 3, 3, 3, 3, 3, 3, 3, 3, 3, 3, 3, 3, 3, 3, 3, 3, 3, 3, 3, 3, 3, 3, 3, 3, 3, 3, 3, 3, 3, 3, 3, 3, 3, 3, 3, 3, 3, 3, 3, 3, 3, 3, 3, 3, 3, 3, 3, 3, 3, 3, 3, 3, 3, 3, 3, 3, 3, 3, 3, 3, 3, 3, 3, 3, 3, 3, 3, 3, 3, 3, 3]
                int[] faceVertexIndices = [25, 0, 26, 0, 1, 26, 26, 1, 27, 1, 2, 27, 27, 2, 28, 2, 3, 28, 28, 3, 29, 3, 4, 29, 29, 4, 30, 4, 5, 30, 30, 5, 31, 5, 6, 31, 31, 6, 32, 6, 7, 32, 32, 7, 33, 7, 8, 33, 33, 8, 34, 8, 9, 34, 34, 9, 35, 9, 10, 35, 35, 10, 36, 10, 11, 36, 36, 11, 37, 11, 12, 37, 37, 12, 38, 12, 13, 38, 38, 13, 39, 13, 14, 39, 39, 14, 40, 14, 15, 40, 40, 15, 41, 15, 16, 41, 41, 16, 42, 16, 17, 42, 42, 17, 43, 17, 18, 43, 43, 18, 44, 18, 19, 44, 44, 19, 45, 19, 20, 45, 45, 20, 46, 20, 21, 46, 46, 21, 47, 21, 22, 47, 47, 22, 48, 22, 23, 48, 48, 23, 49, 23, 24, 49, 50, 25, 51, 25, 26, 51, 51, 26, 52, 26, 27, 52, 52, 27, 53, 27, 28, 53, 53, 28, 54, 28, 29, 54, 54, 29, 55, 29, 30, 55, 55, 30, 56, 30, 31, 56, 56, 31, 57, 31, 32, 57, 57, 32, 58, 32, 33, 58, 58, 33, 59, 33, 34, 59, 59, 34, 60, 34, 35, 60, 60, 35, 61, 35, 36, 61, 61, 36, 62, 36, 37, 62, 62, 37, 63, 37, 38, 63, 63, 38, 64, 38, 39, 64, 64, 39, 65, 39, 40, 65, 65, 40, 66, 40, 41, 66, 66, 41, 67, 41, 42, 67, 67, 42, 68, 42, 43, 68, 68, 43, 69, 43, 44, 69, 69, 44, 70, 44, 45, 70, 70, 45, 71, 45, 46, 71, 71, 46, 72, 46, 47, 72, 72, 47, 73, 47, 48, 73, 73, 48, 74, 48, 49, 74, 75, 50, 76, 50, 51, 76, 76, 51, 77, 51, 52, 77, 77, 52, 78, 52, 53, 78, 78, 53, 79, 53, 54, 79, 79, 54, 80, 54, 55, 80, 80, 55, 81, 55, 56, 81, 81, 56, 82, 56, 57, 82, 82, 57, 83, 57, 58, 83, 83, 58, 84, 58, 59, 84, 84, 59, 85, 59, 60, 85, 85, 60, 86, 60, 61, 86, 86, 61, 87, 61, 62, 87, 87, 62, 88, 62, 63, 88, 88, 63, 89, 63, 64, 89, 89, 64, 90, 64, 65, 90, 90, 65, 91, 65, 66, 91, 91, 66, 92, 66, 67, 92, 92, 67, 93, 67, 68, 93, 93, 68, 94, 68, 69, 94, 94, 69, 95, 69, 70, 95, 95, 70, 96, 70, 71, 96, 96, 71, 97, 71, 72, 97, 97, 72, 98, 72, 73, 98, 98, 73, 99, 73, 74, 99, 100, 75, 101, 75, 76, 101, 101, 76, 102, 76, 77, 102, 102, 77, 103, 77, 78, 103, 103, 78, 104, 78, 79, 104, 104, 79, 105, 79, 80, 105, 105, 80, 106, 80, 81, 106, 106, 81, 107, 81, 82, 107, 107, 82, 108, 82, 83, 108, 108, 83, 109, 83, 84, 109, 109, 84, 110, 84, 85, 110, 110, 85, 111, 85, 86, 111, 111, 86, 112, 86, 87, 112, 112, 87, 113, 87, 88, 113, 113, 88, 114, 88, 89, 114, 114, 89, 115, 89, 90, 115, 115, 90, 116, 90, 91, 116, 116, 91, 117, 91, 92, 117, 117, 92, 118, 92, 93, 118, 118, 93, 119, 93, 94, 119, 119, 94, 120, 94, 95, 120, 120, 95, 121, 95, 96, 121, 121, 96, 122, 96, 97, 122, 122, 97, 123, 97, 98, 123, 123, 98, 124, 98, 99, 124, 125, 100, 126, 100, 101, 126, 126, 101, 127, 101, 102, 127, 127, 102, 128, 102, 103, 128, 128, 103, 129, 103, 104, 129, 129, 104, 130, 104, 105, 130, 130, 105, 131, 105, 106, 131, 131, 106, 132, 106, 107, 132, 132, 107, 133, 107, 108, 133, 133, 108, 134, 108, 109, 134, 134, 109, 135, 109, 110, 135, 135, 110, 136, 110, 111, 136, 136, 111, 137, 111, 112, 137, 137, 112, 138, 112, 113, 138, 138, 113, 139, 113, 114, 139, 139, 114, 140, 114, 115, 140, 140, 115, 141, 115, 116, 141, 141, 116, 142, 116, 117, 142, 142, 117, 143, 117, 118, 143, 143, 118, 144, 118, 119, 144, 144, 119, 145, 119, 120, 145, 145, 120, 146, 120, 121, 146, 146, 121, 147, 121, 122, 147, 147, 122, 148, 122, 123, 148, 148, 123, 149, 123, 124, 149, 150, 125, 151, 125, 126, 151, 151, 126, 152, 126, 127, 152, 152, 127, 153, 127, 128, 153, 153, 128, 154, 128, 129, 154, 154, 129, 155, 129, 130, 155, 155, 130, 156, 130, 131, 156, 156, 131, 157, 131, 132, 157, 157, 132, 158, 132, 133, 158, 158, 133, 159, 133, 134, 159, 159, 134, 160, 134, 135, 160, 160, 135, 161, 135, 136, 161, 161, 136, 162, 136, 137, 162, 162, 137, 163, 137, 138, 163, 163, 138, 164, 138, 139, 164, 164, 139, 165, 139, 140, 165, 165, 140, 166, 140, 141, 166, 166, 141, 167, 141, 142, 167, 167, 142, 168, 142, 143, 168, 168, 143, 169, 143, 144, 169, 169, 144, 170, 144, 145, 170, 170, 145, 171, 145, 146, 171, 171, 146, 172, 146, 147, 172, 172, 147, 173, 147, 148, 173, 173, 148, 174, 148, 149, 174, 175, 150, 176, 150, 151, 176, 176, 151, 177, 151, 152, 177, 177, 152, 178, 152, 153, 178, 178, 153, 179, 153, 154, 179, 179, 154, 180, 154, 155, 180, 180, 155, 181, 155, 156, 181, 181, 156, 182, 156, 157, 182, 182, 157, 183, 157, 158, 183, 183, 158, 184, 158, 159, 184, 184, 159, 185, 159, 160, 185, 185, 160, 186, 160, 161, 186, 186, 161, 187, 161, 162, 187, 187, 162, 188, 162, 163, 188, 188, 163, 189, 163, 164, 189, 189, 164, 190, 164, 165, 190, 190, 165, 191, 165, 166, 191, 191, 166, 192, 166, 167, 192, 192, 167, 193, 167, 168, 193, 193, 168, 194, 168, 169, 194, 194, 169, 195, 169, 170, 195, 195, 170, 196, 170, 171, 196, 196, 171, 197, 171, 172, 197, 197, 172, 198, 172, 173, 198, 198, 173, 199, 173, 174, 199, 200, 175, 201, 175, 176, 201, 201, 176, 202, 176, 177, 202, 202, 177, 203, 177, 178, 203, 203, 178, 204, 178, 179, 204, 204, 179, 205, 179, 180, 205, 205, 180, 206, 180, 181, 206, 206, 181, 207, 181, 182, 207, 207, 182, 208, 182, 183, 208, 208, 183, 209, 183, 184, 209, 209, 184, 210, 184, 185, 210, 210, 185, 211, 185, 186, 211, 211, 186, 212, 186, 187, 212, 212, 187, 213, 187, 188, 213, 213, 188, 214, 188, 189, 214, 214, 189, 215, 189, 190, 215, 215, 190, 216, 190, 191, 216, 216, 191, 217, 191, 192, 217, 217, 192, 218, 192, 193, 218, 218, 193, 219, 193, 194, 219, 219, 194, 220, 194, 195, 220, 220, 195, 221, 195, 196, 221, 221, 196, 222, 196, 197, 222, 222, 197, 223, 197, 198, 223, 223, 198, 224, 198, 199, 224]
                rel material:binding = </root/_materials/Material_6_019>
                normal3f[] normals = [(0.70710933, -0.7071044, 0.000011637807), (1, -0.000027388334, 0.00002007559), (0.68301606, -0.70710266, 0.18301621), (1, -0.000027388334, 0.00002007559), (0.96592087, -0.000018656254, 0.2588376), (0.68301606, -0.70710266, 0.18301621), (0.68301606, -0.70710266, 0.18301621), (0.96592087, -0.000018656254, 0.2588376), (0.61237496, -0.7071024, 0.35355762), (0.96592087, -0.000018656254, 0.2588376), (0.866016, -0.000017821789, 0.5000164), (0.61237496, -0.7071024, 0.35355762), (0.61237496, -0.7071024, 0.35355762), (0.866016, -0.000017821789, 0.5000164), (0.50000125, -0.7071025, 0.5000048), (0.866016, -0.000017821789, 0.5000164), (0.7070931, -0.000018000603, 0.7071204), (0.50000125, -0.7071025, 0.5000048), (0.50000125, -0.7071025, 0.5000048), (0.7070931, -0.000018000603, 0.7071204), (0.35355353, -0.70710254, 0.61237735), (0.7070931, -0.000018000603, 0.7071204), (0.4999836, -0.000018119812, 0.86603487), (0.35355353, -0.70710254, 0.61237735), (0.35355353, -0.70710254, 0.61237735), (0.4999836, -0.000018119812, 0.86603487), (0.18301143, -0.7071025, 0.68301755), (0.4999836, -0.000018119812, 0.86603487), (0.2588005, -0.000018239021, 0.9659308), (0.18301143, -0.7071025, 0.68301755), (0.18301143, -0.7071025, 0.68301755), (0.2588005, -0.000018239021, 0.9659308), (-0.0000024670735, -0.7071025, 0.707111), (0.2588005, -0.000018239021, 0.9659308), (-0.000019205734, -0.000018268824, 0.99999994), (-0.0000024670735, -0.7071025, 0.707111), (-0.0000024670735, -0.7071025, 0.707111), (-0.000019205734, -0.000018268824, 0.99999994), (-0.18301632, -0.7071025, 0.68301624), (-0.000019205734, -0.000018268824, 0.99999994), (-0.25883764, -0.000018119812, 0.9659208), (-0.18301632, -0.7071025, 0.68301624), (-0.18301632, -0.7071025, 0.68301624), (-0.25883764, -0.000018119812, 0.9659208), (-0.35355756, -0.70710266, 0.61237484), (-0.25883764, -0.000018119812, 0.9659208), (-0.50001657, -0.000018239021, 0.8660158), (-0.35355756, -0.70710266, 0.61237484), (-0.35355756, -0.70710266, 0.61237484), (-0.50001657, -0.000018239021, 0.8660158), (-0.50000495, -0.70710224, 0.5000015), (-0.50001657, -0.000018239021, 0.8660158), (-0.7071203, -0.000017493963, 0.70709324), (-0.50000495, -0.70710224, 0.5000015), (-0.50000495, -0.70710224, 0.5000015), (-0.7071203, -0.000017493963, 0.70709324), (-0.6123771, -0.70710284, 0.35355327), (-0.7071203, -0.000017493963, 0.70709324), (-0.866035, -0.000018894672, 0.4999834), (-0.6123771, -0.70710284, 0.35355327), (-0.6123771, -0.70710284, 0.35355327), (-0.866035, -0.000018894672, 0.4999834), (-0.68301743, -0.7071026, 0.18301141), (-0.866035, -0.000018894672, 0.4999834), (-0.9659308, -0.000018239021, 0.25880063), (-0.68301743, -0.7071026, 0.18301141), (-0.68301743, -0.7071026, 0.18301141), (-0.9659308, -0.000018239021, 0.25880063), (-0.7071112, -0.7071024, -0.000002478715), (-0.9659308, -0.000018239021, 0.25880063), (-1, -0.000018239021, -0.00001916103), (-0.7071112, -0.7071024, -0.000002478715), (-0.7071112, -0.7071024, -0.000002478715), (-1, -0.000018239021, -0.00001916103), (-0.68301606, -0.70710266, -0.18301621), (-1, -0.000018239021, -0.00001916103), (-0.96592087, -0.000018656254, -0.2588376), (-0.68301606, -0.70710266, -0.18301621), (-0.68301606, -0.70710266, -0.18301621), (-0.96592087, -0.000018656254, -0.2588376), (-0.61237496, -0.7071024, -0.35355762), (-0.96592087, -0.000018656254, -0.2588376), (-0.866016, -0.000017821789, -0.5000164), (-0.61237496, -0.7071024, -0.35355762), (-0.61237496, -0.7071024, -0.35355762), (-0.866016, -0.000017821789, -0.5000164), (-0.50000125, -0.7071025, -0.5000048), (-0.866016, -0.000017821789, -0.5000164), (-0.7070931, -0.000018000603, -0.7071204), (-0.50000125, -0.7071025, -0.5000048), (-0.50000125, -0.7071025, -0.5000048), (-0.7070931, -0.000018000603, -0.7071204), (-0.35355353, -0.70710254, -0.61237735), (-0.7070931, -0.000018000603, -0.7071204), (-0.4999836, -0.000018119812, -0.86603487), (-0.35355353, -0.70710254, -0.61237735), (-0.35355353, -0.70710254, -0.61237735), (-0.4999836, -0.000018119812, -0.86603487), (-0.18301143, -0.7071025, -0.68301755), (-0.4999836, -0.000018119812, -0.86603487), (-0.2588005, -0.000018239021, -0.9659308), (-0.18301143, -0.7071025, -0.68301755), (-0.18301143, -0.7071025, -0.68301755), (-0.2588005, -0.000018239021, -0.9659308), (0.0000024670735, -0.7071025, -0.707111), (-0.2588005, -0.000018239021, -0.9659308), (0.000019205734, -0.000018268824, -0.99999994), (0.0000024670735, -0.7071025, -0.707111), (0.0000024670735, -0.7071025, -0.707111), (0.000019205734, -0.000018268824, -0.99999994), (0.18301632, -0.7071025, -0.68301624), (0.000019205734, -0.000018268824, -0.99999994), (0.25883764, -0.000018119812, -0.9659208), (0.18301632, -0.7071025, -0.68301624), (0.18301632, -0.7071025, -0.68301624), (0.25883764, -0.000018119812, -0.9659208), (0.35355756, -0.70710266, -0.61237484), (0.25883764, -0.000018119812, -0.9659208), (0.50001657, -0.000018239021, -0.8660158), (0.35355756, -0.70710266, -0.61237484), (0.35355756, -0.70710266, -0.61237484), (0.50001657, -0.000018239021, -0.8660158), (0.50000495, -0.70710224, -0.5000015), (0.50001657, -0.000018239021, -0.8660158), (0.7071203, -0.000017493963, -0.70709324), (0.50000495, -0.70710224, -0.5000015), (0.50000495, -0.70710224, -0.5000015), (0.7071203, -0.000017493963, -0.70709324), (0.6123771, -0.70710284, -0.35355327), (0.7071203, -0.000017493963, -0.70709324), (0.866035, -0.000018894672, -0.4999834), (0.6123771, -0.70710284, -0.35355327), (0.6123771, -0.70710284, -0.35355327), (0.866035, -0.000018894672, -0.4999834), (0.68301743, -0.7071026, -0.18301141), (0.866035, -0.000018894672, -0.4999834), (0.9659308, -0.000018239021, -0.25880063), (0.68301743, -0.7071026, -0.18301141), (0.68301743, -0.7071026, -0.18301141), (0.9659308, -0.000018239021, -0.25880063), (0.7071108, -0.7071027, -0.000031791627), (0.9659308, -0.000018239021, -0.25880063), (0.99999994, -0.000033019576, -0.0000051036477), (0.7071108, -0.7071027, -0.000031791627), (0.000031879088, -1, 0.0000038994476), (0.70710933, -0.7071044, 0.000011637807), (6.183982e-7, -0.99999994, -0.0000016819686), (0.70710933, -0.7071044, 0.000011637807), (0.68301606, -0.70710266, 0.18301621), (6.183982e-7, -0.99999994, -0.0000016819686), (6.183982e-7, -0.99999994, -0.0000016819686), (0.68301606, -0.70710266, 0.18301621), (4.2282045e-7, -1, -0.0000018076971), (0.68301606, -0.70710266, 0.18301621), (0.61237496, -0.7071024, 0.35355762), (4.2282045e-7, -1, -0.0000018076971), (4.2282045e-7, -1, -0.0000018076971), (0.61237496, -0.7071024, 0.35355762), (0.0000011455268, -0.99999994, -0.0000013932586), (0.61237496, -0.7071024, 0.35355762), (0.50000125, -0.7071025, 0.5000048), (0.0000011455268, -0.99999994, -0.0000013932586), (0.0000011455268, -0.99999994, -0.0000013932586), (0.50000125, -0.7071025, 0.5000048), (0.0000014789402, -0.99999994, -9.3877316e-7), (0.50000125, -0.7071025, 0.5000048), (0.35355353, -0.70710254, 0.61237735), (0.0000014789402, -0.99999994, -9.3877316e-7), (0.0000014789402, -0.99999994, -9.3877316e-7), (0.35355353, -0.70710254, 0.61237735), (0.0000018076971, -0.99999994, -3.2410026e-7), (0.35355353, -0.70710254, 0.61237735), (0.18301143, -0.7071025, 0.68301755), (0.0000018076971, -0.99999994, -3.2410026e-7), (0.0000018076971, -0.99999994, -3.2410026e-7), (0.18301143, -0.7071025, 0.68301755), (0.0000018179417, -0.99999994, 1.4156103e-7), (0.18301143, -0.7071025, 0.68301755), (-0.0000024670735, -0.7071025, 0.707111), (0.0000018179417, -0.99999994, 1.4156103e-7), (0.0000018179417, -0.99999994, 1.4156103e-7), (-0.0000024670735, -0.7071025, 0.707111), (0.0000016358681, -0.99999994, 5.9977174e-7), (-0.0000024670735, -0.7071025, 0.707111), (-0.18301632, -0.7071025, 0.68301624), (0.0000016358681, -0.99999994, 5.9977174e-7), (0.0000016358681, -0.99999994, 5.9977174e-7), (-0.18301632, -0.7071025, 0.68301624), (0.0000017425045, -0.9999999, 6.053597e-7), (-0.18301632, -0.7071025, 0.68301624), (-0.35355756, -0.70710266, 0.61237484), (0.0000017425045, -0.9999999, 6.053597e-7), (0.0000017425045, -0.9999999, 6.053597e-7), (-0.35355756, -0.70710266, 0.61237484), (0.0000014081597, -0.99999994, 0.0000011734664), (-0.35355756, -0.70710266, 0.61237484), (-0.50000495, -0.70710224, 0.5000015), (0.0000014081597, -0.99999994, 0.0000011734664), (0.0000014081597, -0.99999994, 0.0000011734664), (-0.50000495, -0.70710224, 0.5000015), (0.0000010263175, -0.99999994, 0.0000015124679), (-0.50000495, -0.70710224, 0.5000015), (-0.6123771, -0.70710284, 0.35355327), (0.0000010263175, -0.99999994, 0.0000015124679), (0.0000010263175, -0.99999994, 0.0000015124679), (-0.6123771, -0.70710284, 0.35355327), (5.4202974e-7, -0.99999994, 0.0000016419217), (-0.6123771, -0.70710284, 0.35355327), (-0.68301743, -0.7071026, 0.18301141), (5.4202974e-7, -0.99999994, 0.0000016419217), (5.4202974e-7, -0.99999994, 0.0000016419217), (-0.68301743, -0.7071026, 0.18301141), (-1.8626451e-7, -0.99999994, 0.0000017792918), (-0.68301743, -0.7071026, 0.18301141), (-0.7071112, -0.7071024, -0.000002478715), (-1.8626451e-7, -0.99999994, 0.0000017792918), (-1.8626451e-7, -0.99999994, 0.0000017792918), (-0.7071112, -0.7071024, -0.000002478715), (-6.183982e-7, -0.99999994, 0.0000016819686), (-0.7071112, -0.7071024, -0.000002478715), (-0.68301606, -0.70710266, -0.18301621), (-6.183982e-7, -0.99999994, 0.0000016819686), (-6.183982e-7, -0.99999994, 0.0000016819686), (-0.68301606, -0.70710266, -0.18301621), (-4.2282045e-7, -1, 0.0000018076971), (-0.68301606, -0.70710266, -0.18301621), (-0.61237496, -0.7071024, -0.35355762), (-4.2282045e-7, -1, 0.0000018076971), (-4.2282045e-7, -1, 0.0000018076971), (-0.61237496, -0.7071024, -0.35355762), (-0.0000011455268, -0.99999994, 0.0000013932586), (-0.61237496, -0.7071024, -0.35355762), (-0.50000125, -0.7071025, -0.5000048), (-0.0000011455268, -0.99999994, 0.0000013932586), (-0.0000011455268, -0.99999994, 0.0000013932586), (-0.50000125, -0.7071025, -0.5000048), (-0.0000014789402, -0.99999994, 9.3877316e-7), (-0.50000125, -0.7071025, -0.5000048), (-0.35355353, -0.70710254, -0.61237735), (-0.0000014789402, -0.99999994, 9.3877316e-7), (-0.0000014789402, -0.99999994, 9.3877316e-7), (-0.35355353, -0.70710254, -0.61237735), (-0.0000018076971, -0.99999994, 3.2410026e-7), (-0.35355353, -0.70710254, -0.61237735), (-0.18301143, -0.7071025, -0.68301755), (-0.0000018076971, -0.99999994, 3.2410026e-7), (-0.0000018076971, -0.99999994, 3.2410026e-7), (-0.18301143, -0.7071025, -0.68301755), (-0.0000018179417, -0.99999994, -1.4156103e-7), (-0.18301143, -0.7071025, -0.68301755), (0.0000024670735, -0.7071025, -0.707111), (-0.0000018179417, -0.99999994, -1.4156103e-7), (-0.0000018179417, -0.99999994, -1.4156103e-7), (0.0000024670735, -0.7071025, -0.707111), (-0.0000016358681, -0.99999994, -5.9977174e-7), (0.0000024670735, -0.7071025, -0.707111), (0.18301632, -0.7071025, -0.68301624), (-0.0000016358681, -0.99999994, -5.9977174e-7), (-0.0000016358681, -0.99999994, -5.9977174e-7), (0.18301632, -0.7071025, -0.68301624), (-0.0000017425045, -0.9999999, -6.053597e-7), (0.18301632, -0.7071025, -0.68301624), (0.35355756, -0.70710266, -0.61237484), (-0.0000017425045, -0.9999999, -6.053597e-7), (-0.0000017425045, -0.9999999, -6.053597e-7), (0.35355756, -0.70710266, -0.61237484), (-0.0000014081597, -0.99999994, -0.0000011734664), (0.35355756, -0.70710266, -0.61237484), (0.50000495, -0.70710224, -0.5000015), (-0.0000014081597, -0.99999994, -0.0000011734664), (-0.0000014081597, -0.99999994, -0.0000011734664), (0.50000495, -0.70710224, -0.5000015), (-0.0000010263175, -0.99999994, -0.0000015124679), (0.50000495, -0.70710224, -0.5000015), (0.6123771, -0.70710284, -0.35355327), (-0.0000010263175, -0.99999994, -0.0000015124679), (-0.0000010263175, -0.99999994, -0.0000015124679), (0.6123771, -0.70710284, -0.35355327), (-5.4202974e-7, -0.99999994, -0.0000016419217), (0.6123771, -0.70710284, -0.35355327), (0.68301743, -0.7071026, -0.18301141), (-5.4202974e-7, -0.99999994, -0.0000016419217), (-5.4202974e-7, -0.99999994, -0.0000016419217), (0.68301743, -0.7071026, -0.18301141), (0.00003323535, -0.99999994, -0.000006923452), (0.68301743, -0.7071026, -0.18301141), (0.7071108, -0.7071027, -0.000031791627), (0.00003323535, -0.99999994, -0.000006923452), (-0.70710284, -0.7071106, -0.000031150877), (0.000031879088, -1, 0.0000038994476), (-0.6830106, -0.707109, -0.18301249), (0.000031879088, -1, 0.0000038994476), (6.183982e-7, -0.99999994, -0.0000016819686), (-0.6830106, -0.707109, -0.18301249), (-0.6830106, -0.707109, -0.18301249), (6.183982e-7, -0.99999994, -0.0000016819686), (-0.61237043, -0.7071089, -0.35355264), (6.183982e-7, -0.99999994, -0.0000016819686), (4.2282045e-7, -1, -0.0000018076971), (-0.61237043, -0.7071089, -0.35355264), (-0.61237043, -0.7071089, -0.35355264), (4.2282045e-7, -1, -0.0000018076971), (-0.49999818, -0.70710903, -0.49999857), (4.2282045e-7, -1, -0.0000018076971), (0.0000011455268, -0.99999994, -0.0000013932586), (-0.49999818, -0.70710903, -0.49999857), (-0.49999818, -0.70710903, -0.49999857), (0.0000011455268, -0.99999994, -0.0000013932586), (-0.35355213, -0.707109, -0.6123707), (0.0000011455268, -0.99999994, -0.0000013932586), (0.0000014789402, -0.99999994, -9.3877316e-7), (-0.35355213, -0.707109, -0.6123707), (-0.35355213, -0.707109, -0.6123707), (0.0000014789402, -0.99999994, -9.3877316e-7), (-0.18301181, -0.70710886, -0.6830108), (0.0000014789402, -0.99999994, -9.3877316e-7), (0.0000018076971, -0.99999994, -3.2410026e-7), (-0.18301181, -0.70710886, -0.6830108), (-0.18301181, -0.70710886, -0.6830108), (0.0000018076971, -0.99999994, -3.2410026e-7), (2.195593e-7, -0.7071092, -0.7071044), (0.0000018076971, -0.99999994, -3.2410026e-7), (0.0000018179417, -0.99999994, 1.4156103e-7), (2.195593e-7, -0.7071092, -0.7071044), (2.195593e-7, -0.7071092, -0.7071044), (0.0000018179417, -0.99999994, 1.4156103e-7), (0.18301257, -0.7071088, -0.6830106), (0.0000018179417, -0.99999994, 1.4156103e-7), (0.0000016358681, -0.99999994, 5.9977174e-7), (0.18301257, -0.7071088, -0.6830106), (0.18301257, -0.7071088, -0.6830106), (0.0000016358681, -0.99999994, 5.9977174e-7), (0.35355258, -0.7071089, -0.6123705), (0.0000016358681, -0.99999994, 5.9977174e-7), (0.0000017425045, -0.9999999, 6.053597e-7), (0.35355258, -0.7071089, -0.6123705), (0.35355258, -0.7071089, -0.6123705), (0.0000017425045, -0.9999999, 6.053597e-7), (0.49999836, -0.7071093, -0.49999818), (0.0000017425045, -0.9999999, 6.053597e-7), (0.0000014081597, -0.99999994, 0.0000011734664), (0.49999836, -0.7071093, -0.49999818), (0.49999836, -0.7071093, -0.49999818), (0.0000014081597, -0.99999994, 0.0000011734664), (0.6123706, -0.70710903, -0.353552), (0.0000014081597, -0.99999994, 0.0000011734664), (0.0000010263175, -0.99999994, 0.0000015124679), (0.6123706, -0.70710903, -0.353552), (0.6123706, -0.70710903, -0.353552), (0.0000010263175, -0.99999994, 0.0000015124679), (0.68301094, -0.7071086, -0.1830119), (0.0000010263175, -0.99999994, 0.0000015124679), (5.4202974e-7, -0.99999994, 0.0000016419217), (0.68301094, -0.7071086, -0.1830119), (0.68301094, -0.7071086, -0.1830119), (5.4202974e-7, -0.99999994, 0.0000016419217), (0.70710415, -0.70710945, 1.9883737e-7), (5.4202974e-7, -0.99999994, 0.0000016419217), (-1.8626451e-7, -0.99999994, 0.0000017792918), (0.70710415, -0.70710945, 1.9883737e-7), (0.70710415, -0.70710945, 1.9883737e-7), (-1.8626451e-7, -0.99999994, 0.0000017792918), (0.6830106, -0.707109, 0.18301249), (-1.8626451e-7, -0.99999994, 0.0000017792918), (-6.183982e-7, -0.99999994, 0.0000016819686), (0.6830106, -0.707109, 0.18301249), (0.6830106, -0.707109, 0.18301249), (-6.183982e-7, -0.99999994, 0.0000016819686), (0.61237043, -0.7071089, 0.35355264), (-6.183982e-7, -0.99999994, 0.0000016819686), (-4.2282045e-7, -1, 0.0000018076971), (0.61237043, -0.7071089, 0.35355264), (0.61237043, -0.7071089, 0.35355264), (-4.2282045e-7, -1, 0.0000018076971), (0.49999818, -0.70710903, 0.49999857), (-4.2282045e-7, -1, 0.0000018076971), (-0.0000011455268, -0.99999994, 0.0000013932586), (0.49999818, -0.70710903, 0.49999857), (0.49999818, -0.70710903, 0.49999857), (-0.0000011455268, -0.99999994, 0.0000013932586), (0.35355213, -0.707109, 0.6123707), (-0.0000011455268, -0.99999994, 0.0000013932586), (-0.0000014789402, -0.99999994, 9.3877316e-7), (0.35355213, -0.707109, 0.6123707), (0.35355213, -0.707109, 0.6123707), (-0.0000014789402, -0.99999994, 9.3877316e-7), (0.18301181, -0.70710886, 0.6830108), (-0.0000014789402, -0.99999994, 9.3877316e-7), (-0.0000018076971, -0.99999994, 3.2410026e-7), (0.18301181, -0.70710886, 0.6830108), (0.18301181, -0.70710886, 0.6830108), (-0.0000018076971, -0.99999994, 3.2410026e-7), (-2.195593e-7, -0.7071092, 0.7071044), (-0.0000018076971, -0.99999994, 3.2410026e-7), (-0.0000018179417, -0.99999994, -1.4156103e-7), (-2.195593e-7, -0.7071092, 0.7071044), (-2.195593e-7, -0.7071092, 0.7071044), (-0.0000018179417, -0.99999994, -1.4156103e-7), (-0.18301257, -0.7071088, 0.6830106), (-0.0000018179417, -0.99999994, -1.4156103e-7), (-0.0000016358681, -0.99999994, -5.9977174e-7), (-0.18301257, -0.7071088, 0.6830106), (-0.18301257, -0.7071088, 0.6830106), (-0.0000016358681, -0.99999994, -5.9977174e-7), (-0.35355258, -0.7071089, 0.6123705), (-0.0000016358681, -0.99999994, -5.9977174e-7), (-0.0000017425045, -0.9999999, -6.053597e-7), (-0.35355258, -0.7071089, 0.6123705), (-0.35355258, -0.7071089, 0.6123705), (-0.0000017425045, -0.9999999, -6.053597e-7), (-0.49999836, -0.7071093, 0.49999818), (-0.0000017425045, -0.9999999, -6.053597e-7), (-0.0000014081597, -0.99999994, -0.0000011734664), (-0.49999836, -0.7071093, 0.49999818), (-0.49999836, -0.7071093, 0.49999818), (-0.0000014081597, -0.99999994, -0.0000011734664), (-0.6123706, -0.70710903, 0.353552), (-0.0000014081597, -0.99999994, -0.0000011734664), (-0.0000010263175, -0.99999994, -0.0000015124679), (-0.6123706, -0.70710903, 0.353552), (-0.6123706, -0.70710903, 0.353552), (-0.0000010263175, -0.99999994, -0.0000015124679), (-0.68301094, -0.7071086, 0.1830119), (-0.0000010263175, -0.99999994, -0.0000015124679), (-5.4202974e-7, -0.99999994, -0.0000016419217), (-0.68301094, -0.7071086, 0.1830119), (-0.68301094, -0.7071086, 0.1830119), (-5.4202974e-7, -0.99999994, -0.0000016419217), (-0.70710063, -0.70711285, 0.0000423342), (-5.4202974e-7, -0.99999994, -0.0000016419217), (0.00003323535, -0.99999994, -0.000006923452), (-0.70710063, -0.70711285, 0.0000423342), (-1, -2.4447218e-7, -0.00005286932), (-0.70710284, -0.7071106, -0.000031150877), (-0.96592593, -1.6040147e-7, -0.25881895), (-0.70710284, -0.7071106, -0.000031150877), (-0.6830106, -0.707109, -0.18301249), (-0.96592593, -1.6040147e-7, -0.25881895), (-0.96592593, -1.6040147e-7, -0.25881895), (-0.6830106, -0.707109, -0.18301249), (-0.8660254, -6.015056e-8, -0.50000006), (-0.6830106, -0.707109, -0.18301249), (-0.61237043, -0.7071089, -0.35355264), (-0.8660254, -6.015056e-8, -0.50000006), (-0.8660254, -6.015056e-8, -0.50000006), (-0.61237043, -0.7071089, -0.35355264), (-0.7071067, 1.1027606e-7, -0.7071069), (-0.61237043, -0.7071089, -0.35355264), (-0.49999818, -0.70710903, -0.49999857), (-0.7071067, 1.1027606e-7, -0.7071069), (-0.7071067, 1.1027606e-7, -0.7071069), (-0.49999818, -0.70710903, -0.49999857), (-0.5, -1.0025094e-7, -0.86602545), (-0.49999818, -0.70710903, -0.49999857), (-0.35355213, -0.707109, -0.6123707), (-0.5, -1.0025094e-7, -0.86602545), (-0.5, -1.0025094e-7, -0.86602545), (-0.35355213, -0.707109, -0.6123707), (-0.25881916, 3.0075274e-8, -0.96592575), (-0.35355213, -0.707109, -0.6123707), (-0.18301181, -0.70710886, -0.6830108), (-0.25881916, 3.0075274e-8, -0.96592575), (-0.25881916, 3.0075274e-8, -0.96592575), (-0.18301181, -0.70710886, -0.6830108), (0, 0, -1), (-0.18301181, -0.70710886, -0.6830108), (2.195593e-7, -0.7071092, -0.7071044), (0, 0, -1), (0, 0, -1), (2.195593e-7, -0.7071092, -0.7071044), (0.25881916, -1.0025091e-8, -0.9659258), (2.195593e-7, -0.7071092, -0.7071044), (0.18301257, -0.7071088, -0.6830106), (0.25881916, -1.0025091e-8, -0.9659258), (0.25881916, -1.0025091e-8, -0.9659258), (0.18301257, -0.7071088, -0.6830106), (0.49999997, 1.3032623e-7, -0.86602545), (0.18301257, -0.7071088, -0.6830106), (0.35355258, -0.7071089, -0.6123705), (0.49999997, 1.3032623e-7, -0.86602545), (0.49999997, 1.3032623e-7, -0.86602545), (0.35355258, -0.7071089, -0.6123705), (0.70710677, -1.2030115e-7, -0.7071069), (0.35355258, -0.7071089, -0.6123705), (0.49999836, -0.7071093, -0.49999818), (0.70710677, -1.2030115e-7, -0.7071069), (0.70710677, -1.2030115e-7, -0.7071069), (0.49999836, -0.7071093, -0.49999818), (0.8660254, 0, -0.5), (0.49999836, -0.7071093, -0.49999818), (0.6123706, -0.70710903, -0.353552), (0.8660254, 0, -0.5), (0.8660254, 0, -0.5), (0.6123706, -0.70710903, -0.353552), (0.9659259, 1.7042652e-7, -0.25881895), (0.6123706, -0.70710903, -0.353552), (0.68301094, -0.7071086, -0.1830119), (0.9659259, 1.7042652e-7, -0.25881895), (0.9659259, 1.7042652e-7, -0.25881895), (0.68301094, -0.7071086, -0.1830119), (1, 2.00502e-8, -2.506275e-9), (0.68301094, -0.7071086, -0.1830119), (0.70710415, -0.70710945, 1.9883737e-7), (1, 2.00502e-8, -2.506275e-9), (1, 2.00502e-8, -2.506275e-9), (0.70710415, -0.70710945, 1.9883737e-7), (0.96592593, -1.6040147e-7, 0.25881895), (0.70710415, -0.70710945, 1.9883737e-7), (0.6830106, -0.707109, 0.18301249), (0.96592593, -1.6040147e-7, 0.25881895), (0.96592593, -1.6040147e-7, 0.25881895), (0.6830106, -0.707109, 0.18301249), (0.8660254, -6.015056e-8, 0.50000006), (0.6830106, -0.707109, 0.18301249), (0.61237043, -0.7071089, 0.35355264), (0.8660254, -6.015056e-8, 0.50000006), (0.8660254, -6.015056e-8, 0.50000006), (0.61237043, -0.7071089, 0.35355264), (0.7071067, 1.1027606e-7, 0.7071069), (0.61237043, -0.7071089, 0.35355264), (0.49999818, -0.70710903, 0.49999857), (0.7071067, 1.1027606e-7, 0.7071069), (0.7071067, 1.1027606e-7, 0.7071069), (0.49999818, -0.70710903, 0.49999857), (0.5, -1.0025094e-7, 0.86602545), (0.49999818, -0.70710903, 0.49999857), (0.35355213, -0.707109, 0.6123707), (0.5, -1.0025094e-7, 0.86602545), (0.5, -1.0025094e-7, 0.86602545), (0.35355213, -0.707109, 0.6123707), (0.25881916, 3.0075274e-8, 0.96592575), (0.35355213, -0.707109, 0.6123707), (0.18301181, -0.70710886, 0.6830108), (0.25881916, 3.0075274e-8, 0.96592575), (0.25881916, 3.0075274e-8, 0.96592575), (0.18301181, -0.70710886, 0.6830108), (0, 0, 1), (0.18301181, -0.70710886, 0.6830108), (-2.195593e-7, -0.7071092, 0.7071044), (0, 0, 1), (0, 0, 1), (-2.195593e-7, -0.7071092, 0.7071044), (-0.25881916, -1.0025091e-8, 0.9659258), (-2.195593e-7, -0.7071092, 0.7071044), (-0.18301257, -0.7071088, 0.6830106), (-0.25881916, -1.0025091e-8, 0.9659258), (-0.25881916, -1.0025091e-8, 0.9659258), (-0.18301257, -0.7071088, 0.6830106), (-0.49999997, 1.3032623e-7, 0.86602545), (-0.18301257, -0.7071088, 0.6830106), (-0.35355258, -0.7071089, 0.6123705), (-0.49999997, 1.3032623e-7, 0.86602545), (-0.49999997, 1.3032623e-7, 0.86602545), (-0.35355258, -0.7071089, 0.6123705), (-0.70710677, -1.2030115e-7, 0.7071069), (-0.35355258, -0.7071089, 0.6123705), (-0.49999836, -0.7071093, 0.49999818), (-0.70710677, -1.2030115e-7, 0.7071069), (-0.70710677, -1.2030115e-7, 0.7071069), (-0.49999836, -0.7071093, 0.49999818), (-0.8660254, 0, 0.5), (-0.49999836, -0.7071093, 0.49999818), (-0.6123706, -0.70710903, 0.353552), (-0.8660254, 0, 0.5), (-0.8660254, 0, 0.5), (-0.6123706, -0.70710903, 0.353552), (-0.9659259, 1.7042652e-7, 0.25881895), (-0.6123706, -0.70710903, 0.353552), (-0.68301094, -0.7071086, 0.1830119), (-0.9659259, 1.7042652e-7, 0.25881895), (-0.9659259, 1.7042652e-7, 0.25881895), (-0.68301094, -0.7071086, 0.1830119), (-1, 2.8405339e-7, 0.00005286932), (-0.68301094, -0.7071086, 0.1830119), (-0.70710063, -0.70711285, 0.0000423342), (-1, 2.8405339e-7, 0.00005286932), (-0.70710063, 0.70711285, -0.00004232675), (-1, -2.4447218e-7, -0.00005286932), (-0.68301064, 0.70710874, -0.18301274), (-1, -2.4447218e-7, -0.00005286932), (-0.96592593, -1.6040147e-7, -0.25881895), (-0.68301064, 0.70710874, -0.18301274), (-0.68301064, 0.70710874, -0.18301274), (-0.96592593, -1.6040147e-7, -0.25881895), (-0.6123702, 0.7071091, -0.35355273), (-0.96592593, -1.6040147e-7, -0.25881895), (-0.8660254, -6.015056e-8, -0.50000006), (-0.6123702, 0.7071091, -0.35355273), (-0.6123702, 0.7071091, -0.35355273), (-0.8660254, -6.015056e-8, -0.50000006), (-0.49999776, 0.70710915, -0.49999875), (-0.8660254, -6.015056e-8, -0.50000006), (-0.7071067, 1.1027606e-7, -0.7071069), (-0.49999776, 0.70710915, -0.49999875), (-0.49999776, 0.70710915, -0.49999875), (-0.7071067, 1.1027606e-7, -0.7071069), (-0.3535518, 0.707109, -0.6123708), (-0.7071067, 1.1027606e-7, -0.7071069), (-0.5, -1.0025094e-7, -0.86602545), (-0.3535518, 0.707109, -0.6123708), (-0.3535518, 0.707109, -0.6123708), (-0.5, -1.0025094e-7, -0.86602545), (-0.18301174, 0.7071088, -0.6830108), (-0.5, -1.0025094e-7, -0.86602545), (-0.25881916, 3.0075274e-8, -0.96592575), (-0.18301174, 0.7071088, -0.6830108), (-0.18301174, 0.7071088, -0.6830108), (-0.25881916, 3.0075274e-8, -0.96592575), (6.237533e-7, 0.7071092, -0.7071043), (-0.25881916, 3.0075274e-8, -0.96592575), (0, 0, -1), (6.237533e-7, 0.7071092, -0.7071043), (6.237533e-7, 0.7071092, -0.7071043), (0, 0, -1), (0.18301266, 0.7071088, -0.6830106), (0, 0, -1), (0.25881916, -1.0025091e-8, -0.9659258), (0.18301266, 0.7071088, -0.6830106), (0.18301266, 0.7071088, -0.6830106), (0.25881916, -1.0025091e-8, -0.9659258), (0.35355282, 0.7071089, -0.6123703), (0.25881916, -1.0025091e-8, -0.9659258), (0.49999997, 1.3032623e-7, -0.86602545), (0.35355282, 0.7071089, -0.6123703), (0.35355282, 0.7071089, -0.6123703), (0.49999997, 1.3032623e-7, -0.86602545), (0.49999875, 0.70710915, -0.49999794), (0.49999997, 1.3032623e-7, -0.86602545), (0.70710677, -1.2030115e-7, -0.7071069), (0.49999875, 0.70710915, -0.49999794), (0.49999875, 0.70710915, -0.49999794), (0.70710677, -1.2030115e-7, -0.7071069), (0.61237085, 0.70710886, -0.35355186), (0.70710677, -1.2030115e-7, -0.7071069), (0.8660254, 0, -0.5), (0.61237085, 0.70710886, -0.35355186), (0.61237085, 0.70710886, -0.35355186), (0.8660254, 0, -0.5), (0.6830109, 0.70710886, -0.18301171), (0.8660254, 0, -0.5), (0.9659259, 1.7042652e-7, -0.25881895), (0.6830109, 0.70710886, -0.18301171), (0.6830109, 0.70710886, -0.18301171), (0.9659259, 1.7042652e-7, -0.25881895), (0.70710415, 0.70710945, 6.4098276e-7), (0.9659259, 1.7042652e-7, -0.25881895), (1, 2.00502e-8, -2.506275e-9), (0.70710415, 0.70710945, 6.4098276e-7), (0.70710415, 0.70710945, 6.4098276e-7), (1, 2.00502e-8, -2.506275e-9), (0.68301064, 0.70710874, 0.18301274), (1, 2.00502e-8, -2.506275e-9), (0.96592593, -1.6040147e-7, 0.25881895), (0.68301064, 0.70710874, 0.18301274), (0.68301064, 0.70710874, 0.18301274), (0.96592593, -1.6040147e-7, 0.25881895), (0.6123702, 0.7071091, 0.35355273), (0.96592593, -1.6040147e-7, 0.25881895), (0.8660254, -6.015056e-8, 0.50000006), (0.6123702, 0.7071091, 0.35355273), (0.6123702, 0.7071091, 0.35355273), (0.8660254, -6.015056e-8, 0.50000006), (0.49999776, 0.70710915, 0.49999875), (0.8660254, -6.015056e-8, 0.50000006), (0.7071067, 1.1027606e-7, 0.7071069), (0.49999776, 0.70710915, 0.49999875), (0.49999776, 0.70710915, 0.49999875), (0.7071067, 1.1027606e-7, 0.7071069), (0.3535518, 0.707109, 0.6123708), (0.7071067, 1.1027606e-7, 0.7071069), (0.5, -1.0025094e-7, 0.86602545), (0.3535518, 0.707109, 0.6123708), (0.3535518, 0.707109, 0.6123708), (0.5, -1.0025094e-7, 0.86602545), (0.18301174, 0.7071088, 0.6830108), (0.5, -1.0025094e-7, 0.86602545), (0.25881916, 3.0075274e-8, 0.96592575), (0.18301174, 0.7071088, 0.6830108), (0.18301174, 0.7071088, 0.6830108), (0.25881916, 3.0075274e-8, 0.96592575), (-6.237533e-7, 0.7071092, 0.7071043), (0.25881916, 3.0075274e-8, 0.96592575), (0, 0, 1), (-6.237533e-7, 0.7071092, 0.7071043), (-6.237533e-7, 0.7071092, 0.7071043), (0, 0, 1), (-0.18301266, 0.7071088, 0.6830106), (0, 0, 1), (-0.25881916, -1.0025091e-8, 0.9659258), (-0.18301266, 0.7071088, 0.6830106), (-0.18301266, 0.7071088, 0.6830106), (-0.25881916, -1.0025091e-8, 0.9659258), (-0.35355282, 0.7071089, 0.6123703), (-0.25881916, -1.0025091e-8, 0.9659258), (-0.49999997, 1.3032623e-7, 0.86602545), (-0.35355282, 0.7071089, 0.6123703), (-0.35355282, 0.7071089, 0.6123703), (-0.49999997, 1.3032623e-7, 0.86602545), (-0.49999875, 0.70710915, 0.49999794), (-0.49999997, 1.3032623e-7, 0.86602545), (-0.70710677, -1.2030115e-7, 0.7071069), (-0.49999875, 0.70710915, 0.49999794), (-0.49999875, 0.70710915, 0.49999794), (-0.70710677, -1.2030115e-7, 0.7071069), (-0.61237085, 0.70710886, 0.35355186), (-0.70710677, -1.2030115e-7, 0.7071069), (-0.8660254, 0, 0.5), (-0.61237085, 0.70710886, 0.35355186), (-0.61237085, 0.70710886, 0.35355186), (-0.8660254, 0, 0.5), (-0.6830109, 0.70710886, 0.18301171), (-0.8660254, 0, 0.5), (-0.9659259, 1.7042652e-7, 0.25881895), (-0.6830109, 0.70710886, 0.18301171), (-0.6830109, 0.70710886, 0.18301171), (-0.9659259, 1.7042652e-7, 0.25881895), (-0.7071029, 0.70711076, 0.000031150877), (-0.9659259, 1.7042652e-7, 0.25881895), (-1, 2.8405339e-7, 0.00005286932), (-0.7071029, 0.70711076, 0.000031150877), (0.000033609904, 0.99999994, 0.0000038952567), (-0.70710063, 0.70711285, -0.00004232675), (-9.23872e-7, 0.99999994, 0.000002216082), (-0.70710063, 0.70711285, -0.00004232675), (-0.68301064, 0.70710874, -0.18301274), (-9.23872e-7, 0.99999994, 0.000002216082), (-9.23872e-7, 0.99999994, 0.000002216082), (-0.68301064, 0.70710874, -0.18301274), (-0.0000013634562, 0.99999994, 0.0000020517036), (-0.68301064, 0.70710874, -0.18301274), (-0.6123702, 0.7071091, -0.35355273), (-0.0000013634562, 0.99999994, 0.0000020517036), (-0.0000013634562, 0.99999994, 0.0000020517036), (-0.6123702, 0.7071091, -0.35355273), (-0.000001879409, 0.99999994, 0.0000016335398), (-0.6123702, 0.7071091, -0.35355273), (-0.49999776, 0.70710915, -0.49999875), (-0.000001879409, 0.99999994, 0.0000016335398), (-0.000001879409, 0.99999994, 0.0000016335398), (-0.49999776, 0.70710915, -0.49999875), (-0.0000022668391, 0.99999994, 9.592623e-7), (-0.49999776, 0.70710915, -0.49999875), (-0.3535518, 0.707109, -0.6123708), (-0.0000022668391, 0.99999994, 9.592623e-7), (-0.0000022668391, 0.99999994, 9.592623e-7), (-0.3535518, 0.707109, -0.6123708), (-0.0000022798777, 0.99999994, 7.748604e-7), (-0.3535518, 0.707109, -0.6123708), (-0.18301174, 0.7071088, -0.6830108), (-0.0000022798777, 0.99999994, 7.748604e-7), (-0.0000022798777, 0.99999994, 7.748604e-7), (-0.18301174, 0.7071088, -0.6830108), (-0.0000024605542, 0.99999994, 1.6391277e-7), (-0.18301174, 0.7071088, -0.6830108), (6.237533e-7, 0.7071092, -0.7071043), (-0.0000024605542, 0.99999994, 1.6391277e-7), (-0.0000024605542, 0.99999994, 1.6391277e-7), (6.237533e-7, 0.7071092, -0.7071043), (-0.000002425164, 0.99999994, -5.1036477e-7), (6.237533e-7, 0.7071092, -0.7071043), (0.18301266, 0.7071088, -0.6830106), (-0.000002425164, 0.99999994, -5.1036477e-7), (-0.000002425164, 0.99999994, -5.1036477e-7), (0.18301266, 0.7071088, -0.6830106), (-0.000002012588, 0.99999994, -0.0000013001263), (0.18301266, 0.7071088, -0.6830106), (0.35355282, 0.7071089, -0.6123703), (-0.000002012588, 0.99999994, -0.0000013001263), (-0.000002012588, 0.99999994, -0.0000013001263), (0.35355282, 0.7071089, -0.6123703), (-0.0000015888363, 0.99999994, -0.0000018626451), (0.35355282, 0.7071089, -0.6123703), (0.49999875, 0.70710915, -0.49999794), (-0.0000015888363, 0.99999994, -0.0000018626451), (-0.0000015888363, 0.99999994, -0.0000018626451), (0.49999875, 0.70710915, -0.49999794), (-8.326024e-7, 0.99999994, -0.0000022873282), (0.49999875, 0.70710915, -0.49999794), (0.61237085, 0.70710886, -0.35355186), (-8.326024e-7, 0.99999994, -0.0000022873282), (-8.326024e-7, 0.99999994, -0.0000022873282), (0.61237085, 0.70710886, -0.35355186), (-9.2200935e-7, 0.99999994, -0.0000023050234), (0.61237085, 0.70710886, -0.35355186), (0.6830109, 0.70710886, -0.18301171), (-9.2200935e-7, 0.99999994, -0.0000023050234), (-9.2200935e-7, 0.99999994, -0.0000023050234), (0.6830109, 0.70710886, -0.18301171), (-1.899898e-7, 0.99999994, -0.0000024363399), (0.6830109, 0.70710886, -0.18301171), (0.70710415, 0.70710945, 6.4098276e-7), (-1.899898e-7, 0.99999994, -0.0000024363399), (-1.899898e-7, 0.99999994, -0.0000024363399), (0.70710415, 0.70710945, 6.4098276e-7), (9.23872e-7, 0.99999994, -0.000002216082), (0.70710415, 0.70710945, 6.4098276e-7), (0.68301064, 0.70710874, 0.18301274), (9.23872e-7, 0.99999994, -0.000002216082), (9.23872e-7, 0.99999994, -0.000002216082), (0.68301064, 0.70710874, 0.18301274), (0.0000013634562, 0.99999994, -0.0000020517036), (0.68301064, 0.70710874, 0.18301274), (0.6123702, 0.7071091, 0.35355273), (0.0000013634562, 0.99999994, -0.0000020517036), (0.0000013634562, 0.99999994, -0.0000020517036), (0.6123702, 0.7071091, 0.35355273), (0.000001879409, 0.99999994, -0.0000016335398), (0.6123702, 0.7071091, 0.35355273), (0.49999776, 0.70710915, 0.49999875), (0.000001879409, 0.99999994, -0.0000016335398), (0.000001879409, 0.99999994, -0.0000016335398), (0.49999776, 0.70710915, 0.49999875), (0.0000022668391, 0.99999994, -9.592623e-7), (0.49999776, 0.70710915, 0.49999875), (0.3535518, 0.707109, 0.6123708), (0.0000022668391, 0.99999994, -9.592623e-7), (0.0000022668391, 0.99999994, -9.592623e-7), (0.3535518, 0.707109, 0.6123708), (0.0000022798777, 0.99999994, -7.748604e-7), (0.3535518, 0.707109, 0.6123708), (0.18301174, 0.7071088, 0.6830108), (0.0000022798777, 0.99999994, -7.748604e-7), (0.0000022798777, 0.99999994, -7.748604e-7), (0.18301174, 0.7071088, 0.6830108), (0.0000024605542, 0.99999994, -1.6391277e-7), (0.18301174, 0.7071088, 0.6830108), (-6.237533e-7, 0.7071092, 0.7071043), (0.0000024605542, 0.99999994, -1.6391277e-7), (0.0000024605542, 0.99999994, -1.6391277e-7), (-6.237533e-7, 0.7071092, 0.7071043), (0.000002425164, 0.99999994, 5.1036477e-7), (-6.237533e-7, 0.7071092, 0.7071043), (-0.18301266, 0.7071088, 0.6830106), (0.000002425164, 0.99999994, 5.1036477e-7), (0.000002425164, 0.99999994, 5.1036477e-7), (-0.18301266, 0.7071088, 0.6830106), (0.000002012588, 0.99999994, 0.0000013001263), (-0.18301266, 0.7071088, 0.6830106), (-0.35355282, 0.7071089, 0.6123703), (0.000002012588, 0.99999994, 0.0000013001263), (0.000002012588, 0.99999994, 0.0000013001263), (-0.35355282, 0.7071089, 0.6123703), (0.0000015888363, 0.99999994, 0.0000018626451), (-0.35355282, 0.7071089, 0.6123703), (-0.49999875, 0.70710915, 0.49999794), (0.0000015888363, 0.99999994, 0.0000018626451), (0.0000015888363, 0.99999994, 0.0000018626451), (-0.49999875, 0.70710915, 0.49999794), (8.326024e-7, 0.99999994, 0.0000022873282), (-0.49999875, 0.70710915, 0.49999794), (-0.61237085, 0.70710886, 0.35355186), (8.326024e-7, 0.99999994, 0.0000022873282), (8.326024e-7, 0.99999994, 0.0000022873282), (-0.61237085, 0.70710886, 0.35355186), (9.2200935e-7, 0.99999994, 0.0000023050234), (-0.61237085, 0.70710886, 0.35355186), (-0.6830109, 0.70710886, 0.18301171), (9.2200935e-7, 0.99999994, 0.0000023050234), (9.2200935e-7, 0.99999994, 0.0000023050234), (-0.6830109, 0.70710886, 0.18301171), (0.000031920063, 1, -0.0000038966537), (-0.6830109, 0.70710886, 0.18301171), (-0.7071029, 0.70711076, 0.000031150877), (0.000031920063, 1, -0.0000038966537), (0.7071108, 0.7071027, 0.000031799078), (0.000033609904, 0.99999994, 0.0000038952567), (0.6830169, 0.7071025, 0.18301326), (0.000033609904, 0.99999994, 0.0000038952567), (-9.23872e-7, 0.99999994, 0.000002216082), (0.6830169, 0.7071025, 0.18301326), (0.6830169, 0.7071025, 0.18301326), (-9.23872e-7, 0.99999994, 0.000002216082), (0.61237633, 0.70710266, 0.35355502), (-9.23872e-7, 0.99999994, 0.000002216082), (-0.0000013634562, 0.99999994, 0.0000020517036), (0.61237633, 0.70710266, 0.35355502), (0.61237633, 0.70710266, 0.35355502), (-0.0000013634562, 0.99999994, 0.0000020517036), (0.50000364, 0.70710224, 0.50000286), (-0.0000013634562, 0.99999994, 0.0000020517036), (-0.000001879409, 0.99999994, 0.0000016335398), (0.50000364, 0.70710224, 0.50000286), (0.50000364, 0.70710224, 0.50000286), (-0.000001879409, 0.99999994, 0.0000016335398), (0.35355592, 0.70710266, 0.61237574), (-0.000001879409, 0.99999994, 0.0000016335398), (-0.0000022668391, 0.99999994, 9.592623e-7), (0.35355592, 0.70710266, 0.61237574), (0.35355592, 0.70710266, 0.61237574), (-0.0000022668391, 0.99999994, 9.592623e-7), (0.18301441, 0.7071024, 0.6830168), (-0.0000022668391, 0.99999994, 9.592623e-7), (-0.0000022798777, 0.99999994, 7.748604e-7), (0.18301441, 0.7071024, 0.6830168), (0.18301441, 0.7071024, 0.6830168), (-0.0000022798777, 0.99999994, 7.748604e-7), (5.1944517e-7, 0.7071025, 0.7071111), (-0.0000022798777, 0.99999994, 7.748604e-7), (-0.0000024605542, 0.99999994, 1.6391277e-7), (5.1944517e-7, 0.7071025, 0.7071111), (5.1944517e-7, 0.7071025, 0.7071111), (-0.0000024605542, 0.99999994, 1.6391277e-7), (-0.18301329, 0.7071025, 0.68301696), (-0.0000024605542, 0.99999994, 1.6391277e-7), (-0.000002425164, 0.99999994, -5.1036477e-7), (-0.18301329, 0.7071025, 0.68301696), (-0.18301329, 0.7071025, 0.68301696), (-0.000002425164, 0.99999994, -5.1036477e-7), (-0.3535552, 0.70710254, 0.61237633), (-0.000002425164, 0.99999994, -5.1036477e-7), (-0.000002012588, 0.99999994, -0.0000013001263), (-0.3535552, 0.70710254, 0.61237633), (-0.3535552, 0.70710254, 0.61237633), (-0.000002012588, 0.99999994, -0.0000013001263), (-0.5000026, 0.70710254, 0.50000346), (-0.000002012588, 0.99999994, -0.0000013001263), (-0.0000015888363, 0.99999994, -0.0000018626451), (-0.5000026, 0.70710254, 0.50000346), (-0.5000026, 0.70710254, 0.50000346), (-0.0000015888363, 0.99999994, -0.0000018626451), (-0.61237574, 0.70710266, 0.35355586), (-0.0000015888363, 0.99999994, -0.0000018626451), (-8.326024e-7, 0.99999994, -0.0000022873282), (-0.61237574, 0.70710266, 0.35355586), (-0.61237574, 0.70710266, 0.35355586), (-8.326024e-7, 0.99999994, -0.0000022873282), (-0.6830165, 0.70710266, 0.18301427), (-8.326024e-7, 0.99999994, -0.0000022873282), (-9.2200935e-7, 0.99999994, -0.0000023050234), (-0.6830165, 0.70710266, 0.18301427), (-0.6830165, 0.70710266, 0.18301427), (-9.2200935e-7, 0.99999994, -0.0000023050234), (-0.7071112, 0.7071024, 5.1711686e-7), (-9.2200935e-7, 0.99999994, -0.0000023050234), (-1.899898e-7, 0.99999994, -0.0000024363399), (-0.7071112, 0.7071024, 5.1711686e-7), (-0.7071112, 0.7071024, 5.1711686e-7), (-1.899898e-7, 0.99999994, -0.0000024363399), (-0.6830169, 0.7071025, -0.18301326), (-1.899898e-7, 0.99999994, -0.0000024363399), (9.23872e-7, 0.99999994, -0.000002216082), (-0.6830169, 0.7071025, -0.18301326), (-0.6830169, 0.7071025, -0.18301326), (9.23872e-7, 0.99999994, -0.000002216082), (-0.61237633, 0.70710266, -0.35355502), (9.23872e-7, 0.99999994, -0.000002216082), (0.0000013634562, 0.99999994, -0.0000020517036), (-0.61237633, 0.70710266, -0.35355502), (-0.61237633, 0.70710266, -0.35355502), (0.0000013634562, 0.99999994, -0.0000020517036), (-0.50000364, 0.70710224, -0.50000286), (0.0000013634562, 0.99999994, -0.0000020517036), (0.000001879409, 0.99999994, -0.0000016335398), (-0.50000364, 0.70710224, -0.50000286), (-0.50000364, 0.70710224, -0.50000286), (0.000001879409, 0.99999994, -0.0000016335398), (-0.35355592, 0.70710266, -0.61237574), (0.000001879409, 0.99999994, -0.0000016335398), (0.0000022668391, 0.99999994, -9.592623e-7), (-0.35355592, 0.70710266, -0.61237574), (-0.35355592, 0.70710266, -0.61237574), (0.0000022668391, 0.99999994, -9.592623e-7), (-0.18301441, 0.7071024, -0.6830168), (0.0000022668391, 0.99999994, -9.592623e-7), (0.0000022798777, 0.99999994, -7.748604e-7), (-0.18301441, 0.7071024, -0.6830168), (-0.18301441, 0.7071024, -0.6830168), (0.0000022798777, 0.99999994, -7.748604e-7), (-5.1944517e-7, 0.7071025, -0.7071111), (0.0000022798777, 0.99999994, -7.748604e-7), (0.0000024605542, 0.99999994, -1.6391277e-7), (-5.1944517e-7, 0.7071025, -0.7071111), (-5.1944517e-7, 0.7071025, -0.7071111), (0.0000024605542, 0.99999994, -1.6391277e-7), (0.18301329, 0.7071025, -0.68301696), (0.0000024605542, 0.99999994, -1.6391277e-7), (0.000002425164, 0.99999994, 5.1036477e-7), (0.18301329, 0.7071025, -0.68301696), (0.18301329, 0.7071025, -0.68301696), (0.000002425164, 0.99999994, 5.1036477e-7), (0.3535552, 0.70710254, -0.61237633), (0.000002425164, 0.99999994, 5.1036477e-7), (0.000002012588, 0.99999994, 0.0000013001263), (0.3535552, 0.70710254, -0.61237633), (0.3535552, 0.70710254, -0.61237633), (0.000002012588, 0.99999994, 0.0000013001263), (0.5000026, 0.70710254, -0.50000346), (0.000002012588, 0.99999994, 0.0000013001263), (0.0000015888363, 0.99999994, 0.0000018626451), (0.5000026, 0.70710254, -0.50000346), (0.5000026, 0.70710254, -0.50000346), (0.0000015888363, 0.99999994, 0.0000018626451), (0.61237574, 0.70710266, -0.35355586), (0.0000015888363, 0.99999994, 0.0000018626451), (8.326024e-7, 0.99999994, 0.0000022873282), (0.61237574, 0.70710266, -0.35355586), (0.61237574, 0.70710266, -0.35355586), (8.326024e-7, 0.99999994, 0.0000022873282), (0.6830165, 0.70710266, -0.18301427), (8.326024e-7, 0.99999994, 0.0000022873282), (9.2200935e-7, 0.99999994, 0.0000023050234), (0.6830165, 0.70710266, -0.18301427), (0.6830165, 0.70710266, -0.18301427), (9.2200935e-7, 0.99999994, 0.0000023050234), (0.70710933, 0.7071044, -0.000011630356), (9.2200935e-7, 0.99999994, 0.0000023050234), (0.000031920063, 1, -0.0000038966537), (0.70710933, 0.7071044, -0.000011630356), (0.99999994, 0.000033019576, 0.0000051036477), (0.7071108, 0.7071027, 0.000031799078), (0.96593076, 0.000017821789, 0.25880063), (0.7071108, 0.7071027, 0.000031799078), (0.6830169, 0.7071025, 0.18301326), (0.96593076, 0.000017821789, 0.25880063), (0.96593076, 0.000017821789, 0.25880063), (0.6830169, 0.7071025, 0.18301326), (0.866035, 0.000018268824, 0.4999833), (0.6830169, 0.7071025, 0.18301326), (0.61237633, 0.70710266, 0.35355502), (0.866035, 0.000018268824, 0.4999833), (0.866035, 0.000018268824, 0.4999833), (0.61237633, 0.70710266, 0.35355502), (0.70712036, 0.000017374754, 0.70709324), (0.61237633, 0.70710266, 0.35355502), (0.50000364, 0.70710224, 0.50000286), (0.70712036, 0.000017374754, 0.70709324), (0.70712036, 0.000017374754, 0.70709324), (0.50000364, 0.70710224, 0.50000286), (0.50001657, 0.000018209219, 0.86601573), (0.50000364, 0.70710224, 0.50000286), (0.35355592, 0.70710266, 0.61237574), (0.50001657, 0.000018209219, 0.86601573), (0.50001657, 0.000018209219, 0.86601573), (0.35355592, 0.70710266, 0.61237574), (0.25883764, 0.000018119812, 0.9659208), (0.35355592, 0.70710266, 0.61237574), (0.18301441, 0.7071024, 0.6830168), (0.25883764, 0.000018119812, 0.9659208), (0.25883764, 0.000018119812, 0.9659208), (0.18301441, 0.7071024, 0.6830168), (0.000019205734, 0.000018268824, 0.99999994), (0.18301441, 0.7071024, 0.6830168), (5.1944517e-7, 0.7071025, 0.7071111), (0.000019205734, 0.000018268824, 0.99999994), (0.000019205734, 0.000018268824, 0.99999994), (5.1944517e-7, 0.7071025, 0.7071111), (-0.2588005, 0.000018239021, 0.9659308), (5.1944517e-7, 0.7071025, 0.7071111), (-0.18301329, 0.7071025, 0.68301696), (-0.2588005, 0.000018239021, 0.9659308), (-0.2588005, 0.000018239021, 0.9659308), (-0.18301329, 0.7071025, 0.68301696), (-0.49998367, 0.00001809001, 0.8660348), (-0.18301329, 0.7071025, 0.68301696), (-0.3535552, 0.70710254, 0.61237633), (-0.49998367, 0.00001809001, 0.8660348), (-0.49998367, 0.00001809001, 0.8660348), (-0.3535552, 0.70710254, 0.61237633), (-0.7070931, 0.00001809001, 0.7071203), (-0.3535552, 0.70710254, 0.61237633), (-0.5000026, 0.70710254, 0.50000346), (-0.7070931, 0.00001809001, 0.7071203), (-0.7070931, 0.00001809001, 0.7071203), (-0.5000026, 0.70710254, 0.50000346), (-0.8660158, 0.000018328428, 0.50001657), (-0.5000026, 0.70710254, 0.50000346), (-0.61237574, 0.70710266, 0.35355586), (-0.8660158, 0.000018328428, 0.50001657), (-0.8660158, 0.000018328428, 0.50001657), (-0.61237574, 0.70710266, 0.35355586), (-0.9659208, 0.000019073486, 0.25883755), (-0.61237574, 0.70710266, 0.35355586), (-0.6830165, 0.70710266, 0.18301427), (-0.9659208, 0.000019073486, 0.25883755), (-0.9659208, 0.000019073486, 0.25883755), (-0.6830165, 0.70710266, 0.18301427), (-1, 0.000018239021, 0.00001916103), (-0.6830165, 0.70710266, 0.18301427), (-0.7071112, 0.7071024, 5.1711686e-7), (-1, 0.000018239021, 0.00001916103), (-1, 0.000018239021, 0.00001916103), (-0.7071112, 0.7071024, 5.1711686e-7), (-0.96593076, 0.000017821789, -0.25880063), (-0.7071112, 0.7071024, 5.1711686e-7), (-0.6830169, 0.7071025, -0.18301326), (-0.96593076, 0.000017821789, -0.25880063), (-0.96593076, 0.000017821789, -0.25880063), (-0.6830169, 0.7071025, -0.18301326), (-0.866035, 0.000018268824, -0.4999833), (-0.6830169, 0.7071025, -0.18301326), (-0.61237633, 0.70710266, -0.35355502), (-0.866035, 0.000018268824, -0.4999833), (-0.866035, 0.000018268824, -0.4999833), (-0.61237633, 0.70710266, -0.35355502), (-0.70712036, 0.000017374754, -0.70709324), (-0.61237633, 0.70710266, -0.35355502), (-0.50000364, 0.70710224, -0.50000286), (-0.70712036, 0.000017374754, -0.70709324), (-0.70712036, 0.000017374754, -0.70709324), (-0.50000364, 0.70710224, -0.50000286), (-0.50001657, 0.000018209219, -0.86601573), (-0.50000364, 0.70710224, -0.50000286), (-0.35355592, 0.70710266, -0.61237574), (-0.50001657, 0.000018209219, -0.86601573), (-0.50001657, 0.000018209219, -0.86601573), (-0.35355592, 0.70710266, -0.61237574), (-0.25883764, 0.000018119812, -0.9659208), (-0.35355592, 0.70710266, -0.61237574), (-0.18301441, 0.7071024, -0.6830168), (-0.25883764, 0.000018119812, -0.9659208), (-0.25883764, 0.000018119812, -0.9659208), (-0.18301441, 0.7071024, -0.6830168), (-0.000019205734, 0.000018268824, -0.99999994), (-0.18301441, 0.7071024, -0.6830168), (-5.1944517e-7, 0.7071025, -0.7071111), (-0.000019205734, 0.000018268824, -0.99999994), (-0.000019205734, 0.000018268824, -0.99999994), (-5.1944517e-7, 0.7071025, -0.7071111), (0.2588005, 0.000018239021, -0.9659308), (-5.1944517e-7, 0.7071025, -0.7071111), (0.18301329, 0.7071025, -0.68301696), (0.2588005, 0.000018239021, -0.9659308), (0.2588005, 0.000018239021, -0.9659308), (0.18301329, 0.7071025, -0.68301696), (0.49998367, 0.00001809001, -0.8660348), (0.18301329, 0.7071025, -0.68301696), (0.3535552, 0.70710254, -0.61237633), (0.49998367, 0.00001809001, -0.8660348), (0.49998367, 0.00001809001, -0.8660348), (0.3535552, 0.70710254, -0.61237633), (0.7070931, 0.00001809001, -0.7071203), (0.3535552, 0.70710254, -0.61237633), (0.5000026, 0.70710254, -0.50000346), (0.7070931, 0.00001809001, -0.7071203), (0.7070931, 0.00001809001, -0.7071203), (0.5000026, 0.70710254, -0.50000346), (0.8660158, 0.000018328428, -0.50001657), (0.5000026, 0.70710254, -0.50000346), (0.61237574, 0.70710266, -0.35355586), (0.8660158, 0.000018328428, -0.50001657), (0.8660158, 0.000018328428, -0.50001657), (0.61237574, 0.70710266, -0.35355586), (0.9659208, 0.000019073486, -0.25883755), (0.61237574, 0.70710266, -0.35355586), (0.6830165, 0.70710266, -0.18301427), (0.9659208, 0.000019073486, -0.25883755), (0.9659208, 0.000019073486, -0.25883755), (0.6830165, 0.70710266, -0.18301427), (1, 0.000027507544, -0.000020088628), (0.6830165, 0.70710266, -0.18301427), (0.70710933, 0.7071044, -0.000011630356), (1, 0.000027507544, -0.000020088628)] (
                    interpolation = "faceVarying"
                )
                point3f[] points = [(0.335, -0, 0), (0.32358515, -0, 0.08670438), (0.29011852, -0, 0.1675), (0.23688076, -0, 0.23688076), (0.1675, -0, 0.29011852), (0.08670438, -0, 0.32358515), (2.0512833e-17, -0, 0.335), (-0.08670438, -0, 0.32358515), (-0.1675, -0, 0.29011852), (-0.23688076, -0, 0.23688076), (-0.29011852, -0, 0.1675), (-0.32358515, -0, 0.08670438), (-0.335, -0, 4.1025667e-17), (-0.32358515, -0, -0.08670438), (-0.29011852, -0, -0.1675), (-0.23688076, -0, -0.23688076), (-0.1675, -0, -0.29011852), (-0.08670438, -0, -0.32358515), (-6.15385e-17, -0, -0.335), (0.08670438, -0, -0.32358515), (0.1675, -0, -0.29011852), (0.23688076, -0, -0.23688076), (0.29011852, -0, -0.1675), (0.32358515, -0, -0.08670438), (0.335, -0, -8.2051334e-17), (0.32474872, -0.024748737, 0), (0.31368318, -0.024748737, 0.084051155), (0.28124064, -0.024748737, 0.16237436), (0.22963203, -0.024748737, 0.22963203), (0.16237436, -0.024748737, 0.28124064), (0.084051155, -0.024748737, 0.31368318), (1.9885126e-17, -0.024748737, 0.32474872), (-0.084051155, -0.024748737, 0.31368318), (-0.16237436, -0.024748737, 0.28124064), (-0.22963203, -0.024748737, 0.22963203), (-0.28124064, -0.024748737, 0.16237436), (-0.31368318, -0.024748737, 0.084051155), (-0.32474872, -0.024748737, 3.977025e-17), (-0.31368318, -0.024748737, -0.084051155), (-0.28124064, -0.024748737, -0.16237436), (-0.22963203, -0.024748737, -0.22963203), (-0.16237436, -0.024748737, -0.28124064), (-0.084051155, -0.024748737, -0.31368318), (-5.965537e-17, -0.024748737, -0.32474872), (0.084051155, -0.024748737, -0.31368318), (0.16237436, -0.024748737, -0.28124064), (0.22963203, -0.024748737, -0.22963203), (0.28124064, -0.024748737, -0.16237436), (0.31368318, -0.024748737, -0.084051155), (0.32474872, -0.024748737, -7.95405e-17), (0.3, -0.035, 0), (0.28977776, -0.035, 0.07764571), (0.25980762, -0.035, 0.15), (0.21213204, -0.035, 0.21213204), (0.15, -0.035, 0.25980762), (0.07764571, -0.035, 0.28977776), (1.8369703e-17, -0.035, 0.3), (-0.07764571, -0.035, 0.28977776), (-0.15, -0.035, 0.25980762), (-0.21213204, -0.035, 0.21213204), (-0.25980762, -0.035, 0.15), (-0.28977776, -0.035, 0.07764571), (-0.3, -0.035, 3.6739406e-17), (-0.28977776, -0.035, -0.07764571), (-0.25980762, -0.035, -0.15), (-0.21213204, -0.035, -0.21213204), (-0.15, -0.035, -0.25980762), (-0.07764571, -0.035, -0.28977776), (-5.5109105e-17, -0.035, -0.3), (0.07764571, -0.035, -0.28977776), (0.15, -0.035, -0.25980762), (0.21213204, -0.035, -0.21213204), (0.25980762, -0.035, -0.15), (0.28977776, -0.035, -0.07764571), (0.3, -0.035, -7.347881e-17), (0.27525127, -0.024748737, 0), (0.2658723, -0.024748737, 0.07124027), (0.23837459, -0.024748737, 0.13762563), (0.19463204, -0.024748737, 0.19463204), (0.13762563, -0.024748737, 0.23837459), (0.07124027, -0.024748737, 0.2658723), (1.6854278e-17, -0.024748737, 0.27525127), (-0.07124027, -0.024748737, 0.2658723), (-0.13762563, -0.024748737, 0.23837459), (-0.19463204, -0.024748737, 0.19463204), (-0.23837459, -0.024748737, 0.13762563), (-0.2658723, -0.024748737, 0.07124027), (-0.27525127, -0.024748737, 3.3708556e-17), (-0.2658723, -0.024748737, -0.07124027), (-0.23837459, -0.024748737, -0.13762563), (-0.19463204, -0.024748737, -0.19463204), (-0.13762563, -0.024748737, -0.23837459), (-0.07124027, -0.024748737, -0.2658723), (-5.0562838e-17, -0.024748737, -0.27525127), (0.07124027, -0.024748737, -0.2658723), (0.13762563, -0.024748737, -0.23837459), (0.19463204, -0.024748737, -0.19463204), (0.23837459, -0.024748737, -0.13762563), (0.2658723, -0.024748737, -0.07124027), (0.27525127, -0.024748737, -6.741711e-17), (0.265, -4.286264e-18, 0), (0.25597036, -4.286264e-18, 0.06858705), (0.22949673, -4.286264e-18, 0.1325), (0.1873833, -4.286264e-18, 0.1873833), (0.1325, -4.286264e-18, 0.22949673), (0.06858705, -4.286264e-18, 0.25597036), (1.622657e-17, -4.286264e-18, 0.265), (-0.06858705, -4.286264e-18, 0.25597036), (-0.1325, -4.286264e-18, 0.22949673), (-0.1873833, -4.286264e-18, 0.1873833), (-0.22949673, -4.286264e-18, 0.1325), (-0.25597036, -4.286264e-18, 0.06858705), (-0.265, -4.286264e-18, 3.245314e-17), (-0.25597036, -4.286264e-18, -0.06858705), (-0.22949673, -4.286264e-18, -0.1325), (-0.1873833, -4.286264e-18, -0.1873833), (-0.1325, -4.286264e-18, -0.22949673), (-0.06858705, -4.286264e-18, -0.25597036), (-4.867971e-17, -4.286264e-18, -0.265), (0.06858705, -4.286264e-18, -0.25597036), (0.1325, -4.286264e-18, -0.22949673), (0.1873833, -4.286264e-18, -0.1873833), (0.22949673, -4.286264e-18, -0.1325), (0.25597036, -4.286264e-18, -0.06858705), (0.265, -4.286264e-18, -6.490628e-17), (0.27525127, 0.024748737, 0), (0.2658723, 0.024748737, 0.07124027), (0.23837459, 0.024748737, 0.13762563), (0.19463204, 0.024748737, 0.19463204), (0.13762563, 0.024748737, 0.23837459), (0.07124027, 0.024748737, 0.2658723), (1.6854278e-17, 0.024748737, 0.27525127), (-0.07124027, 0.024748737, 0.2658723), (-0.13762563, 0.024748737, 0.23837459), (-0.19463204, 0.024748737, 0.19463204), (-0.23837459, 0.024748737, 0.13762563), (-0.2658723, 0.024748737, 0.07124027), (-0.27525127, 0.024748737, 3.3708556e-17), (-0.2658723, 0.024748737, -0.07124027), (-0.23837459, 0.024748737, -0.13762563), (-0.19463204, 0.024748737, -0.19463204), (-0.13762563, 0.024748737, -0.23837459), (-0.07124027, 0.024748737, -0.2658723), (-5.0562838e-17, 0.024748737, -0.27525127), (0.07124027, 0.024748737, -0.2658723), (0.13762563, 0.024748737, -0.23837459), (0.19463204, 0.024748737, -0.19463204), (0.23837459, 0.024748737, -0.13762563), (0.2658723, 0.024748737, -0.07124027), (0.27525127, 0.024748737, -6.741711e-17), (0.3, 0.035, 0), (0.28977776, 0.035, 0.07764571), (0.25980762, 0.035, 0.15), (0.21213204, 0.035, 0.21213204), (0.15, 0.035, 0.25980762), (0.07764571, 0.035, 0.28977776), (1.8369703e-17, 0.035, 0.3), (-0.07764571, 0.035, 0.28977776), (-0.15, 0.035, 0.25980762), (-0.21213204, 0.035, 0.21213204), (-0.25980762, 0.035, 0.15), (-0.28977776, 0.035, 0.07764571), (-0.3, 0.035, 3.6739406e-17), (-0.28977776, 0.035, -0.07764571), (-0.25980762, 0.035, -0.15), (-0.21213204, 0.035, -0.21213204), (-0.15, 0.035, -0.25980762), (-0.07764571, 0.035, -0.28977776), (-5.5109105e-17, 0.035, -0.3), (0.07764571, 0.035, -0.28977776), (0.15, 0.035, -0.25980762), (0.21213204, 0.035, -0.21213204), (0.25980762, 0.035, -0.15), (0.28977776, 0.035, -0.07764571), (0.3, 0.035, -7.347881e-17), (0.32474872, 0.024748737, 0), (0.31368318, 0.024748737, 0.084051155), (0.28124064, 0.024748737, 0.16237436), (0.22963203, 0.024748737, 0.22963203), (0.16237436, 0.024748737, 0.28124064), (0.084051155, 0.024748737, 0.31368318), (1.9885126e-17, 0.024748737, 0.32474872), (-0.084051155, 0.024748737, 0.31368318), (-0.16237436, 0.024748737, 0.28124064), (-0.22963203, 0.024748737, 0.22963203), (-0.28124064, 0.024748737, 0.16237436), (-0.31368318, 0.024748737, 0.084051155), (-0.32474872, 0.024748737, 3.977025e-17), (-0.31368318, 0.024748737, -0.084051155), (-0.28124064, 0.024748737, -0.16237436), (-0.22963203, 0.024748737, -0.22963203), (-0.16237436, 0.024748737, -0.28124064), (-0.084051155, 0.024748737, -0.31368318), (-5.965537e-17, 0.024748737, -0.32474872), (0.084051155, 0.024748737, -0.31368318), (0.16237436, 0.024748737, -0.28124064), (0.22963203, 0.024748737, -0.22963203), (0.28124064, 0.024748737, -0.16237436), (0.31368318, 0.024748737, -0.084051155), (0.32474872, 0.024748737, -7.95405e-17), (0.335, 8.572528e-18, 0), (0.32358515, 8.572528e-18, 0.08670438), (0.29011852, 8.572528e-18, 0.1675), (0.23688076, 8.572528e-18, 0.23688076), (0.1675, 8.572528e-18, 0.29011852), (0.08670438, 8.572528e-18, 0.32358515), (2.0512833e-17, 8.572528e-18, 0.335), (-0.08670438, 8.572528e-18, 0.32358515), (-0.1675, 8.572528e-18, 0.29011852), (-0.23688076, 8.572528e-18, 0.23688076), (-0.29011852, 8.572528e-18, 0.1675), (-0.32358515, 8.572528e-18, 0.08670438), (-0.335, 8.572528e-18, 4.1025667e-17), (-0.32358515, 8.572528e-18, -0.08670438), (-0.29011852, 8.572528e-18, -0.1675), (-0.23688076, 8.572528e-18, -0.23688076), (-0.1675, 8.572528e-18, -0.29011852), (-0.08670438, 8.572528e-18, -0.32358515), (-6.15385e-17, 8.572528e-18, -0.335), (0.08670438, 8.572528e-18, -0.32358515), (0.1675, 8.572528e-18, -0.29011852), (0.23688076, 8.572528e-18, -0.23688076), (0.29011852, 8.572528e-18, -0.1675), (0.32358515, 8.572528e-18, -0.08670438), (0.335, 8.572528e-18, -8.2051334e-17)]
                texCoord2f[] primvars:st = [(0, 0.875), (0, 1), (0.041666668, 0.875), (0, 1), (0.041666668, 1), (0.041666668, 0.875), (0.041666668, 0.875), (0.041666668, 1), (0.083333336, 0.875), (0.041666668, 1), (0.083333336, 1), (0.083333336, 0.875), (0.083333336, 0.875), (0.083333336, 1), (0.125, 0.875), (0.083333336, 1), (0.125, 1), (0.125, 0.875), (0.125, 0.875), (0.125, 1), (0.16666667, 0.875), (0.125, 1), (0.16666667, 1), (0.16666667, 0.875), (0.16666667, 0.875), (0.16666667, 1), (0.20833333, 0.875), (0.16666667, 1), (0.20833333, 1), (0.20833333, 0.875), (0.20833333, 0.875), (0.20833333, 1), (0.25, 0.875), (0.20833333, 1), (0.25, 1), (0.25, 0.875), (0.25, 0.875), (0.25, 1), (0.29166666, 0.875), (0.25, 1), (0.29166666, 1), (0.29166666, 0.875), (0.29166666, 0.875), (0.29166666, 1), (0.33333334, 0.875), (0.29166666, 1), (0.33333334, 1), (0.33333334, 0.875), (0.33333334, 0.875), (0.33333334, 1), (0.375, 0.875), (0.33333334, 1), (0.375, 1), (0.375, 0.875), (0.375, 0.875), (0.375, 1), (0.41666666, 0.875), (0.375, 1), (0.41666666, 1), (0.41666666, 0.875), (0.41666666, 0.875), (0.41666666, 1), (0.45833334, 0.875), (0.41666666, 1), (0.45833334, 1), (0.45833334, 0.875), (0.45833334, 0.875), (0.45833334, 1), (0.5, 0.875), (0.45833334, 1), (0.5, 1), (0.5, 0.875), (0.5, 0.875), (0.5, 1), (0.5416667, 0.875), (0.5, 1), (0.5416667, 1), (0.5416667, 0.875), (0.5416667, 0.875), (0.5416667, 1), (0.5833333, 0.875), (0.5416667, 1), (0.5833333, 1), (0.5833333, 0.875), (0.5833333, 0.875), (0.5833333, 1), (0.625, 0.875), (0.5833333, 1), (0.625, 1), (0.625, 0.875), (0.625, 0.875), (0.625, 1), (0.6666667, 0.875), (0.625, 1), (0.6666667, 1), (0.6666667, 0.875), (0.6666667, 0.875), (0.6666667, 1), (0.7083333, 0.875), (0.6666667, 1), (0.7083333, 1), (0.7083333, 0.875), (0.7083333, 0.875), (0.7083333, 1), (0.75, 0.875), (0.7083333, 1), (0.75, 1), (0.75, 0.875), (0.75, 0.875), (0.75, 1), (0.7916667, 0.875), (0.75, 1), (0.7916667, 1), (0.7916667, 0.875), (0.7916667, 0.875), (0.7916667, 1), (0.8333333, 0.875), (0.7916667, 1), (0.8333333, 1), (0.8333333, 0.875), (0.8333333, 0.875), (0.8333333, 1), (0.875, 0.875), (0.8333333, 1), (0.875, 1), (0.875, 0.875), (0.875, 0.875), (0.875, 1), (0.9166667, 0.875), (0.875, 1), (0.9166667, 1), (0.9166667, 0.875), (0.9166667, 0.875), (0.9166667, 1), (0.9583333, 0.875), (0.9166667, 1), (0.9583333, 1), (0.9583333, 0.875), (0.9583333, 0.875), (0.9583333, 1), (1, 0.875), (0.9583333, 1), (1, 1), (1, 0.875), (0, 0.75), (0, 0.875), (0.041666668, 0.75), (0, 0.875), (0.041666668, 0.875), (0.041666668, 0.75), (0.041666668, 0.75), (0.041666668, 0.875), (0.083333336, 0.75), (0.041666668, 0.875), (0.083333336, 0.875), (0.083333336, 0.75), (0.083333336, 0.75), (0.083333336, 0.875), (0.125, 0.75), (0.083333336, 0.875), (0.125, 0.875), (0.125, 0.75), (0.125, 0.75), (0.125, 0.875), (0.16666667, 0.75), (0.125, 0.875), (0.16666667, 0.875), (0.16666667, 0.75), (0.16666667, 0.75), (0.16666667, 0.875), (0.20833333, 0.75), (0.16666667, 0.875), (0.20833333, 0.875), (0.20833333, 0.75), (0.20833333, 0.75), (0.20833333, 0.875), (0.25, 0.75), (0.20833333, 0.875), (0.25, 0.875), (0.25, 0.75), (0.25, 0.75), (0.25, 0.875), (0.29166666, 0.75), (0.25, 0.875), (0.29166666, 0.875), (0.29166666, 0.75), (0.29166666, 0.75), (0.29166666, 0.875), (0.33333334, 0.75), (0.29166666, 0.875), (0.33333334, 0.875), (0.33333334, 0.75), (0.33333334, 0.75), (0.33333334, 0.875), (0.375, 0.75), (0.33333334, 0.875), (0.375, 0.875), (0.375, 0.75), (0.375, 0.75), (0.375, 0.875), (0.41666666, 0.75), (0.375, 0.875), (0.41666666, 0.875), (0.41666666, 0.75), (0.41666666, 0.75), (0.41666666, 0.875), (0.45833334, 0.75), (0.41666666, 0.875), (0.45833334, 0.875), (0.45833334, 0.75), (0.45833334, 0.75), (0.45833334, 0.875), (0.5, 0.75), (0.45833334, 0.875), (0.5, 0.875), (0.5, 0.75), (0.5, 0.75), (0.5, 0.875), (0.5416667, 0.75), (0.5, 0.875), (0.5416667, 0.875), (0.5416667, 0.75), (0.5416667, 0.75), (0.5416667, 0.875), (0.5833333, 0.75), (0.5416667, 0.875), (0.5833333, 0.875), (0.5833333, 0.75), (0.5833333, 0.75), (0.5833333, 0.875), (0.625, 0.75), (0.5833333, 0.875), (0.625, 0.875), (0.625, 0.75), (0.625, 0.75), (0.625, 0.875), (0.6666667, 0.75), (0.625, 0.875), (0.6666667, 0.875), (0.6666667, 0.75), (0.6666667, 0.75), (0.6666667, 0.875), (0.7083333, 0.75), (0.6666667, 0.875), (0.7083333, 0.875), (0.7083333, 0.75), (0.7083333, 0.75), (0.7083333, 0.875), (0.75, 0.75), (0.7083333, 0.875), (0.75, 0.875), (0.75, 0.75), (0.75, 0.75), (0.75, 0.875), (0.7916667, 0.75), (0.75, 0.875), (0.7916667, 0.875), (0.7916667, 0.75), (0.7916667, 0.75), (0.7916667, 0.875), (0.8333333, 0.75), (0.7916667, 0.875), (0.8333333, 0.875), (0.8333333, 0.75), (0.8333333, 0.75), (0.8333333, 0.875), (0.875, 0.75), (0.8333333, 0.875), (0.875, 0.875), (0.875, 0.75), (0.875, 0.75), (0.875, 0.875), (0.9166667, 0.75), (0.875, 0.875), (0.9166667, 0.875), (0.9166667, 0.75), (0.9166667, 0.75), (0.9166667, 0.875), (0.9583333, 0.75), (0.9166667, 0.875), (0.9583333, 0.875), (0.9583333, 0.75), (0.9583333, 0.75), (0.9583333, 0.875), (1, 0.75), (0.9583333, 0.875), (1, 0.875), (1, 0.75), (0, 0.625), (0, 0.75), (0.041666668, 0.625), (0, 0.75), (0.041666668, 0.75), (0.041666668, 0.625), (0.041666668, 0.625), (0.041666668, 0.75), (0.083333336, 0.625), (0.041666668, 0.75), (0.083333336, 0.75), (0.083333336, 0.625), (0.083333336, 0.625), (0.083333336, 0.75), (0.125, 0.625), (0.083333336, 0.75), (0.125, 0.75), (0.125, 0.625), (0.125, 0.625), (0.125, 0.75), (0.16666667, 0.625), (0.125, 0.75), (0.16666667, 0.75), (0.16666667, 0.625), (0.16666667, 0.625), (0.16666667, 0.75), (0.20833333, 0.625), (0.16666667, 0.75), (0.20833333, 0.75), (0.20833333, 0.625), (0.20833333, 0.625), (0.20833333, 0.75), (0.25, 0.625), (0.20833333, 0.75), (0.25, 0.75), (0.25, 0.625), (0.25, 0.625), (0.25, 0.75), (0.29166666, 0.625), (0.25, 0.75), (0.29166666, 0.75), (0.29166666, 0.625), (0.29166666, 0.625), (0.29166666, 0.75), (0.33333334, 0.625), (0.29166666, 0.75), (0.33333334, 0.75), (0.33333334, 0.625), (0.33333334, 0.625), (0.33333334, 0.75), (0.375, 0.625), (0.33333334, 0.75), (0.375, 0.75), (0.375, 0.625), (0.375, 0.625), (0.375, 0.75), (0.41666666, 0.625), (0.375, 0.75), (0.41666666, 0.75), (0.41666666, 0.625), (0.41666666, 0.625), (0.41666666, 0.75), (0.45833334, 0.625), (0.41666666, 0.75), (0.45833334, 0.75), (0.45833334, 0.625), (0.45833334, 0.625), (0.45833334, 0.75), (0.5, 0.625), (0.45833334, 0.75), (0.5, 0.75), (0.5, 0.625), (0.5, 0.625), (0.5, 0.75), (0.5416667, 0.625), (0.5, 0.75), (0.5416667, 0.75), (0.5416667, 0.625), (0.5416667, 0.625), (0.5416667, 0.75), (0.5833333, 0.625), (0.5416667, 0.75), (0.5833333, 0.75), (0.5833333, 0.625), (0.5833333, 0.625), (0.5833333, 0.75), (0.625, 0.625), (0.5833333, 0.75), (0.625, 0.75), (0.625, 0.625), (0.625, 0.625), (0.625, 0.75), (0.6666667, 0.625), (0.625, 0.75), (0.6666667, 0.75), (0.6666667, 0.625), (0.6666667, 0.625), (0.6666667, 0.75), (0.7083333, 0.625), (0.6666667, 0.75), (0.7083333, 0.75), (0.7083333, 0.625), (0.7083333, 0.625), (0.7083333, 0.75), (0.75, 0.625), (0.7083333, 0.75), (0.75, 0.75), (0.75, 0.625), (0.75, 0.625), (0.75, 0.75), (0.7916667, 0.625), (0.75, 0.75), (0.7916667, 0.75), (0.7916667, 0.625), (0.7916667, 0.625), (0.7916667, 0.75), (0.8333333, 0.625), (0.7916667, 0.75), (0.8333333, 0.75), (0.8333333, 0.625), (0.8333333, 0.625), (0.8333333, 0.75), (0.875, 0.625), (0.8333333, 0.75), (0.875, 0.75), (0.875, 0.625), (0.875, 0.625), (0.875, 0.75), (0.9166667, 0.625), (0.875, 0.75), (0.9166667, 0.75), (0.9166667, 0.625), (0.9166667, 0.625), (0.9166667, 0.75), (0.9583333, 0.625), (0.9166667, 0.75), (0.9583333, 0.75), (0.9583333, 0.625), (0.9583333, 0.625), (0.9583333, 0.75), (1, 0.625), (0.9583333, 0.75), (1, 0.75), (1, 0.625), (0, 0.5), (0, 0.625), (0.041666668, 0.5), (0, 0.625), (0.041666668, 0.625), (0.041666668, 0.5), (0.041666668, 0.5), (0.041666668, 0.625), (0.083333336, 0.5), (0.041666668, 0.625), (0.083333336, 0.625), (0.083333336, 0.5), (0.083333336, 0.5), (0.083333336, 0.625), (0.125, 0.5), (0.083333336, 0.625), (0.125, 0.625), (0.125, 0.5), (0.125, 0.5), (0.125, 0.625), (0.16666667, 0.5), (0.125, 0.625), (0.16666667, 0.625), (0.16666667, 0.5), (0.16666667, 0.5), (0.16666667, 0.625), (0.20833333, 0.5), (0.16666667, 0.625), (0.20833333, 0.625), (0.20833333, 0.5), (0.20833333, 0.5), (0.20833333, 0.625), (0.25, 0.5), (0.20833333, 0.625), (0.25, 0.625), (0.25, 0.5), (0.25, 0.5), (0.25, 0.625), (0.29166666, 0.5), (0.25, 0.625), (0.29166666, 0.625), (0.29166666, 0.5), (0.29166666, 0.5), (0.29166666, 0.625), (0.33333334, 0.5), (0.29166666, 0.625), (0.33333334, 0.625), (0.33333334, 0.5), (0.33333334, 0.5), (0.33333334, 0.625), (0.375, 0.5), (0.33333334, 0.625), (0.375, 0.625), (0.375, 0.5), (0.375, 0.5), (0.375, 0.625), (0.41666666, 0.5), (0.375, 0.625), (0.41666666, 0.625), (0.41666666, 0.5), (0.41666666, 0.5), (0.41666666, 0.625), (0.45833334, 0.5), (0.41666666, 0.625), (0.45833334, 0.625), (0.45833334, 0.5), (0.45833334, 0.5), (0.45833334, 0.625), (0.5, 0.5), (0.45833334, 0.625), (0.5, 0.625), (0.5, 0.5), (0.5, 0.5), (0.5, 0.625), (0.5416667, 0.5), (0.5, 0.625), (0.5416667, 0.625), (0.5416667, 0.5), (0.5416667, 0.5), (0.5416667, 0.625), (0.5833333, 0.5), (0.5416667, 0.625), (0.5833333, 0.625), (0.5833333, 0.5), (0.5833333, 0.5), (0.5833333, 0.625), (0.625, 0.5), (0.5833333, 0.625), (0.625, 0.625), (0.625, 0.5), (0.625, 0.5), (0.625, 0.625), (0.6666667, 0.5), (0.625, 0.625), (0.6666667, 0.625), (0.6666667, 0.5), (0.6666667, 0.5), (0.6666667, 0.625), (0.7083333, 0.5), (0.6666667, 0.625), (0.7083333, 0.625), (0.7083333, 0.5), (0.7083333, 0.5), (0.7083333, 0.625), (0.75, 0.5), (0.7083333, 0.625), (0.75, 0.625), (0.75, 0.5), (0.75, 0.5), (0.75, 0.625), (0.7916667, 0.5), (0.75, 0.625), (0.7916667, 0.625), (0.7916667, 0.5), (0.7916667, 0.5), (0.7916667, 0.625), (0.8333333, 0.5), (0.7916667, 0.625), (0.8333333, 0.625), (0.8333333, 0.5), (0.8333333, 0.5), (0.8333333, 0.625), (0.875, 0.5), (0.8333333, 0.625), (0.875, 0.625), (0.875, 0.5), (0.875, 0.5), (0.875, 0.625), (0.9166667, 0.5), (0.875, 0.625), (0.9166667, 0.625), (0.9166667, 0.5), (0.9166667, 0.5), (0.9166667, 0.625), (0.9583333, 0.5), (0.9166667, 0.625), (0.9583333, 0.625), (0.9583333, 0.5), (0.9583333, 0.5), (0.9583333, 0.625), (1, 0.5), (0.9583333, 0.625), (1, 0.625), (1, 0.5), (0, 0.375), (0, 0.5), (0.041666668, 0.375), (0, 0.5), (0.041666668, 0.5), (0.041666668, 0.375), (0.041666668, 0.375), (0.041666668, 0.5), (0.083333336, 0.375), (0.041666668, 0.5), (0.083333336, 0.5), (0.083333336, 0.375), (0.083333336, 0.375), (0.083333336, 0.5), (0.125, 0.375), (0.083333336, 0.5), (0.125, 0.5), (0.125, 0.375), (0.125, 0.375), (0.125, 0.5), (0.16666667, 0.375), (0.125, 0.5), (0.16666667, 0.5), (0.16666667, 0.375), (0.16666667, 0.375), (0.16666667, 0.5), (0.20833333, 0.375), (0.16666667, 0.5), (0.20833333, 0.5), (0.20833333, 0.375), (0.20833333, 0.375), (0.20833333, 0.5), (0.25, 0.375), (0.20833333, 0.5), (0.25, 0.5), (0.25, 0.375), (0.25, 0.375), (0.25, 0.5), (0.29166666, 0.375), (0.25, 0.5), (0.29166666, 0.5), (0.29166666, 0.375), (0.29166666, 0.375), (0.29166666, 0.5), (0.33333334, 0.375), (0.29166666, 0.5), (0.33333334, 0.5), (0.33333334, 0.375), (0.33333334, 0.375), (0.33333334, 0.5), (0.375, 0.375), (0.33333334, 0.5), (0.375, 0.5), (0.375, 0.375), (0.375, 0.375), (0.375, 0.5), (0.41666666, 0.375), (0.375, 0.5), (0.41666666, 0.5), (0.41666666, 0.375), (0.41666666, 0.375), (0.41666666, 0.5), (0.45833334, 0.375), (0.41666666, 0.5), (0.45833334, 0.5), (0.45833334, 0.375), (0.45833334, 0.375), (0.45833334, 0.5), (0.5, 0.375), (0.45833334, 0.5), (0.5, 0.5), (0.5, 0.375), (0.5, 0.375), (0.5, 0.5), (0.5416667, 0.375), (0.5, 0.5), (0.5416667, 0.5), (0.5416667, 0.375), (0.5416667, 0.375), (0.5416667, 0.5), (0.5833333, 0.375), (0.5416667, 0.5), (0.5833333, 0.5), (0.5833333, 0.375), (0.5833333, 0.375), (0.5833333, 0.5), (0.625, 0.375), (0.5833333, 0.5), (0.625, 0.5), (0.625, 0.375), (0.625, 0.375), (0.625, 0.5), (0.6666667, 0.375), (0.625, 0.5), (0.6666667, 0.5), (0.6666667, 0.375), (0.6666667, 0.375), (0.6666667, 0.5), (0.7083333, 0.375), (0.6666667, 0.5), (0.7083333, 0.5), (0.7083333, 0.375), (0.7083333, 0.375), (0.7083333, 0.5), (0.75, 0.375), (0.7083333, 0.5), (0.75, 0.5), (0.75, 0.375), (0.75, 0.375), (0.75, 0.5), (0.7916667, 0.375), (0.75, 0.5), (0.7916667, 0.5), (0.7916667, 0.375), (0.7916667, 0.375), (0.7916667, 0.5), (0.8333333, 0.375), (0.7916667, 0.5), (0.8333333, 0.5), (0.8333333, 0.375), (0.8333333, 0.375), (0.8333333, 0.5), (0.875, 0.375), (0.8333333, 0.5), (0.875, 0.5), (0.875, 0.375), (0.875, 0.375), (0.875, 0.5), (0.9166667, 0.375), (0.875, 0.5), (0.9166667, 0.5), (0.9166667, 0.375), (0.9166667, 0.375), (0.9166667, 0.5), (0.9583333, 0.375), (0.9166667, 0.5), (0.9583333, 0.5), (0.9583333, 0.375), (0.9583333, 0.375), (0.9583333, 0.5), (1, 0.375), (0.9583333, 0.5), (1, 0.5), (1, 0.375), (0, 0.25), (0, 0.375), (0.041666668, 0.25), (0, 0.375), (0.041666668, 0.375), (0.041666668, 0.25), (0.041666668, 0.25), (0.041666668, 0.375), (0.083333336, 0.25), (0.041666668, 0.375), (0.083333336, 0.375), (0.083333336, 0.25), (0.083333336, 0.25), (0.083333336, 0.375), (0.125, 0.25), (0.083333336, 0.375), (0.125, 0.375), (0.125, 0.25), (0.125, 0.25), (0.125, 0.375), (0.16666667, 0.25), (0.125, 0.375), (0.16666667, 0.375), (0.16666667, 0.25), (0.16666667, 0.25), (0.16666667, 0.375), (0.20833333, 0.25), (0.16666667, 0.375), (0.20833333, 0.375), (0.20833333, 0.25), (0.20833333, 0.25), (0.20833333, 0.375), (0.25, 0.25), (0.20833333, 0.375), (0.25, 0.375), (0.25, 0.25), (0.25, 0.25), (0.25, 0.375), (0.29166666, 0.25), (0.25, 0.375), (0.29166666, 0.375), (0.29166666, 0.25), (0.29166666, 0.25), (0.29166666, 0.375), (0.33333334, 0.25), (0.29166666, 0.375), (0.33333334, 0.375), (0.33333334, 0.25), (0.33333334, 0.25), (0.33333334, 0.375), (0.375, 0.25), (0.33333334, 0.375), (0.375, 0.375), (0.375, 0.25), (0.375, 0.25), (0.375, 0.375), (0.41666666, 0.25), (0.375, 0.375), (0.41666666, 0.375), (0.41666666, 0.25), (0.41666666, 0.25), (0.41666666, 0.375), (0.45833334, 0.25), (0.41666666, 0.375), (0.45833334, 0.375), (0.45833334, 0.25), (0.45833334, 0.25), (0.45833334, 0.375), (0.5, 0.25), (0.45833334, 0.375), (0.5, 0.375), (0.5, 0.25), (0.5, 0.25), (0.5, 0.375), (0.5416667, 0.25), (0.5, 0.375), (0.5416667, 0.375), (0.5416667, 0.25), (0.5416667, 0.25), (0.5416667, 0.375), (0.5833333, 0.25), (0.5416667, 0.375), (0.5833333, 0.375), (0.5833333, 0.25), (0.5833333, 0.25), (0.5833333, 0.375), (0.625, 0.25), (0.5833333, 0.375), (0.625, 0.375), (0.625, 0.25), (0.625, 0.25), (0.625, 0.375), (0.6666667, 0.25), (0.625, 0.375), (0.6666667, 0.375), (0.6666667, 0.25), (0.6666667, 0.25), (0.6666667, 0.375), (0.7083333, 0.25), (0.6666667, 0.375), (0.7083333, 0.375), (0.7083333, 0.25), (0.7083333, 0.25), (0.7083333, 0.375), (0.75, 0.25), (0.7083333, 0.375), (0.75, 0.375), (0.75, 0.25), (0.75, 0.25), (0.75, 0.375), (0.7916667, 0.25), (0.75, 0.375), (0.7916667, 0.375), (0.7916667, 0.25), (0.7916667, 0.25), (0.7916667, 0.375), (0.8333333, 0.25), (0.7916667, 0.375), (0.8333333, 0.375), (0.8333333, 0.25), (0.8333333, 0.25), (0.8333333, 0.375), (0.875, 0.25), (0.8333333, 0.375), (0.875, 0.375), (0.875, 0.25), (0.875, 0.25), (0.875, 0.375), (0.9166667, 0.25), (0.875, 0.375), (0.9166667, 0.375), (0.9166667, 0.25), (0.9166667, 0.25), (0.9166667, 0.375), (0.9583333, 0.25), (0.9166667, 0.375), (0.9583333, 0.375), (0.9583333, 0.25), (0.9583333, 0.25), (0.9583333, 0.375), (1, 0.25), (0.9583333, 0.375), (1, 0.375), (1, 0.25), (0, 0.125), (0, 0.25), (0.041666668, 0.125), (0, 0.25), (0.041666668, 0.25), (0.041666668, 0.125), (0.041666668, 0.125), (0.041666668, 0.25), (0.083333336, 0.125), (0.041666668, 0.25), (0.083333336, 0.25), (0.083333336, 0.125), (0.083333336, 0.125), (0.083333336, 0.25), (0.125, 0.125), (0.083333336, 0.25), (0.125, 0.25), (0.125, 0.125), (0.125, 0.125), (0.125, 0.25), (0.16666667, 0.125), (0.125, 0.25), (0.16666667, 0.25), (0.16666667, 0.125), (0.16666667, 0.125), (0.16666667, 0.25), (0.20833333, 0.125), (0.16666667, 0.25), (0.20833333, 0.25), (0.20833333, 0.125), (0.20833333, 0.125), (0.20833333, 0.25), (0.25, 0.125), (0.20833333, 0.25), (0.25, 0.25), (0.25, 0.125), (0.25, 0.125), (0.25, 0.25), (0.29166666, 0.125), (0.25, 0.25), (0.29166666, 0.25), (0.29166666, 0.125), (0.29166666, 0.125), (0.29166666, 0.25), (0.33333334, 0.125), (0.29166666, 0.25), (0.33333334, 0.25), (0.33333334, 0.125), (0.33333334, 0.125), (0.33333334, 0.25), (0.375, 0.125), (0.33333334, 0.25), (0.375, 0.25), (0.375, 0.125), (0.375, 0.125), (0.375, 0.25), (0.41666666, 0.125), (0.375, 0.25), (0.41666666, 0.25), (0.41666666, 0.125), (0.41666666, 0.125), (0.41666666, 0.25), (0.45833334, 0.125), (0.41666666, 0.25), (0.45833334, 0.25), (0.45833334, 0.125), (0.45833334, 0.125), (0.45833334, 0.25), (0.5, 0.125), (0.45833334, 0.25), (0.5, 0.25), (0.5, 0.125), (0.5, 0.125), (0.5, 0.25), (0.5416667, 0.125), (0.5, 0.25), (0.5416667, 0.25), (0.5416667, 0.125), (0.5416667, 0.125), (0.5416667, 0.25), (0.5833333, 0.125), (0.5416667, 0.25), (0.5833333, 0.25), (0.5833333, 0.125), (0.5833333, 0.125), (0.5833333, 0.25), (0.625, 0.125), (0.5833333, 0.25), (0.625, 0.25), (0.625, 0.125), (0.625, 0.125), (0.625, 0.25), (0.6666667, 0.125), (0.625, 0.25), (0.6666667, 0.25), (0.6666667, 0.125), (0.6666667, 0.125), (0.6666667, 0.25), (0.7083333, 0.125), (0.6666667, 0.25), (0.7083333, 0.25), (0.7083333, 0.125), (0.7083333, 0.125), (0.7083333, 0.25), (0.75, 0.125), (0.7083333, 0.25), (0.75, 0.25), (0.75, 0.125), (0.75, 0.125), (0.75, 0.25), (0.7916667, 0.125), (0.75, 0.25), (0.7916667, 0.25), (0.7916667, 0.125), (0.7916667, 0.125), (0.7916667, 0.25), (0.8333333, 0.125), (0.7916667, 0.25), (0.8333333, 0.25), (0.8333333, 0.125), (0.8333333, 0.125), (0.8333333, 0.25), (0.875, 0.125), (0.8333333, 0.25), (0.875, 0.25), (0.875, 0.125), (0.875, 0.125), (0.875, 0.25), (0.9166667, 0.125), (0.875, 0.25), (0.9166667, 0.25), (0.9166667, 0.125), (0.9166667, 0.125), (0.9166667, 0.25), (0.9583333, 0.125), (0.9166667, 0.25), (0.9583333, 0.25), (0.9583333, 0.125), (0.9583333, 0.125), (0.9583333, 0.25), (1, 0.125), (0.9583333, 0.25), (1, 0.25), (1, 0.125), (0, 0), (0, 0.125), (0.041666668, 0), (0, 0.125), (0.041666668, 0.125), (0.041666668, 0), (0.041666668, 0), (0.041666668, 0.125), (0.083333336, 0), (0.041666668, 0.125), (0.083333336, 0.125), (0.083333336, 0), (0.083333336, 0), (0.083333336, 0.125), (0.125, 0), (0.083333336, 0.125), (0.125, 0.125), (0.125, 0), (0.125, 0), (0.125, 0.125), (0.16666667, 0), (0.125, 0.125), (0.16666667, 0.125), (0.16666667, 0), (0.16666667, 0), (0.16666667, 0.125), (0.20833333, 0), (0.16666667, 0.125), (0.20833333, 0.125), (0.20833333, 0), (0.20833333, 0), (0.20833333, 0.125), (0.25, 0), (0.20833333, 0.125), (0.25, 0.125), (0.25, 0), (0.25, 0), (0.25, 0.125), (0.29166666, 0), (0.25, 0.125), (0.29166666, 0.125), (0.29166666, 0), (0.29166666, 0), (0.29166666, 0.125), (0.33333334, 0), (0.29166666, 0.125), (0.33333334, 0.125), (0.33333334, 0), (0.33333334, 0), (0.33333334, 0.125), (0.375, 0), (0.33333334, 0.125), (0.375, 0.125), (0.375, 0), (0.375, 0), (0.375, 0.125), (0.41666666, 0), (0.375, 0.125), (0.41666666, 0.125), (0.41666666, 0), (0.41666666, 0), (0.41666666, 0.125), (0.45833334, 0), (0.41666666, 0.125), (0.45833334, 0.125), (0.45833334, 0), (0.45833334, 0), (0.45833334, 0.125), (0.5, 0), (0.45833334, 0.125), (0.5, 0.125), (0.5, 0), (0.5, 0), (0.5, 0.125), (0.5416667, 0), (0.5, 0.125), (0.5416667, 0.125), (0.5416667, 0), (0.5416667, 0), (0.5416667, 0.125), (0.5833333, 0), (0.5416667, 0.125), (0.5833333, 0.125), (0.5833333, 0), (0.5833333, 0), (0.5833333, 0.125), (0.625, 0), (0.5833333, 0.125), (0.625, 0.125), (0.625, 0), (0.625, 0), (0.625, 0.125), (0.6666667, 0), (0.625, 0.125), (0.6666667, 0.125), (0.6666667, 0), (0.6666667, 0), (0.6666667, 0.125), (0.7083333, 0), (0.6666667, 0.125), (0.7083333, 0.125), (0.7083333, 0), (0.7083333, 0), (0.7083333, 0.125), (0.75, 0), (0.7083333, 0.125), (0.75, 0.125), (0.75, 0), (0.75, 0), (0.75, 0.125), (0.7916667, 0), (0.75, 0.125), (0.7916667, 0.125), (0.7916667, 0), (0.7916667, 0), (0.7916667, 0.125), (0.8333333, 0), (0.7916667, 0.125), (0.8333333, 0.125), (0.8333333, 0), (0.8333333, 0), (0.8333333, 0.125), (0.875, 0), (0.8333333, 0.125), (0.875, 0.125), (0.875, 0), (0.875, 0), (0.875, 0.125), (0.9166667, 0), (0.875, 0.125), (0.9166667, 0.125), (0.9166667, 0), (0.9166667, 0), (0.9166667, 0.125), (0.9583333, 0), (0.9166667, 0.125), (0.9583333, 0.125), (0.9583333, 0), (0.9583333, 0), (0.9583333, 0.125), (1, 0), (0.9583333, 0.125), (1, 0.125), (1, 0)] (
                    interpolation = "faceVarying"
                )
                uniform token subdivisionScheme = "none"
                custom string userProperties:blender:data_name = "Mesh_6.019"
            }
        }

        def Xform "magnet_ring_2_4"
        {
            custom string userProperties:blender:object_name = "magnet_ring_2_4"
            float3 xformOp:rotateXYZ = (0, -0, 90.00001)
            float3 xformOp:scale = (1.0000001, 1.0000001, 1)
            double3 xformOp:translate = (0.5, 0, 0.6499999761581421)
            uniform token[] xformOpOrder = ["xformOp:translate", "xformOp:rotateXYZ", "xformOp:scale"]

            def Mesh "Mesh_7_017" (
                active = true
                prepend apiSchemas = ["MaterialBindingAPI"]
            )
            {
                uniform bool doubleSided = 0
                float3[] extent = [(-0.335, -0.035, -0.335), (0.335, 0.035, 0.335)]
                int[] faceVertexCounts = [3, 3, 3, 3, 3, 3, 3, 3, 3, 3, 3, 3, 3, 3, 3, 3, 3, 3, 3, 3, 3, 3, 3, 3, 3, 3, 3, 3, 3, 3, 3, 3, 3, 3, 3, 3, 3, 3, 3, 3, 3, 3, 3, 3, 3, 3, 3, 3, 3, 3, 3, 3, 3, 3, 3, 3, 3, 3, 3, 3, 3, 3, 3, 3, 3, 3, 3, 3, 3, 3, 3, 3, 3, 3, 3, 3, 3, 3, 3, 3, 3, 3, 3, 3, 3, 3, 3, 3, 3, 3, 3, 3, 3, 3, 3, 3, 3, 3, 3, 3, 3, 3, 3, 3, 3, 3, 3, 3, 3, 3, 3, 3, 3, 3, 3, 3, 3, 3, 3, 3, 3, 3, 3, 3, 3, 3, 3, 3, 3, 3, 3, 3, 3, 3, 3, 3, 3, 3, 3, 3, 3, 3, 3, 3, 3, 3, 3, 3, 3, 3, 3, 3, 3, 3, 3, 3, 3, 3, 3, 3, 3, 3, 3, 3, 3, 3, 3, 3, 3, 3, 3, 3, 3, 3, 3, 3, 3, 3, 3, 3, 3, 3, 3, 3, 3, 3, 3, 3, 3, 3, 3, 3, 3, 3, 3, 3, 3, 3, 3, 3, 3, 3, 3, 3, 3, 3, 3, 3, 3, 3, 3, 3, 3, 3, 3, 3, 3, 3, 3, 3, 3, 3, 3, 3, 3, 3, 3, 3, 3, 3, 3, 3, 3, 3, 3, 3, 3, 3, 3, 3, 3, 3, 3, 3, 3, 3, 3, 3, 3, 3, 3, 3, 3, 3, 3, 3, 3, 3, 3, 3, 3, 3, 3, 3, 3, 3, 3, 3, 3, 3, 3, 3, 3, 3, 3, 3, 3, 3, 3, 3, 3, 3, 3, 3, 3, 3, 3, 3, 3, 3, 3, 3, 3, 3, 3, 3, 3, 3, 3, 3, 3, 3, 3, 3, 3, 3, 3, 3, 3, 3, 3, 3, 3, 3, 3, 3, 3, 3, 3, 3, 3, 3, 3, 3, 3, 3, 3, 3, 3, 3, 3, 3, 3, 3, 3, 3, 3, 3, 3, 3, 3, 3, 3, 3, 3, 3, 3, 3, 3, 3, 3, 3, 3, 3, 3, 3, 3, 3, 3, 3, 3, 3, 3, 3, 3, 3, 3, 3, 3, 3, 3, 3, 3, 3, 3, 3, 3, 3, 3, 3, 3, 3, 3, 3]
                int[] faceVertexIndices = [25, 0, 26, 0, 1, 26, 26, 1, 27, 1, 2, 27, 27, 2, 28, 2, 3, 28, 28, 3, 29, 3, 4, 29, 29, 4, 30, 4, 5, 30, 30, 5, 31, 5, 6, 31, 31, 6, 32, 6, 7, 32, 32, 7, 33, 7, 8, 33, 33, 8, 34, 8, 9, 34, 34, 9, 35, 9, 10, 35, 35, 10, 36, 10, 11, 36, 36, 11, 37, 11, 12, 37, 37, 12, 38, 12, 13, 38, 38, 13, 39, 13, 14, 39, 39, 14, 40, 14, 15, 40, 40, 15, 41, 15, 16, 41, 41, 16, 42, 16, 17, 42, 42, 17, 43, 17, 18, 43, 43, 18, 44, 18, 19, 44, 44, 19, 45, 19, 20, 45, 45, 20, 46, 20, 21, 46, 46, 21, 47, 21, 22, 47, 47, 22, 48, 22, 23, 48, 48, 23, 49, 23, 24, 49, 50, 25, 51, 25, 26, 51, 51, 26, 52, 26, 27, 52, 52, 27, 53, 27, 28, 53, 53, 28, 54, 28, 29, 54, 54, 29, 55, 29, 30, 55, 55, 30, 56, 30, 31, 56, 56, 31, 57, 31, 32, 57, 57, 32, 58, 32, 33, 58, 58, 33, 59, 33, 34, 59, 59, 34, 60, 34, 35, 60, 60, 35, 61, 35, 36, 61, 61, 36, 62, 36, 37, 62, 62, 37, 63, 37, 38, 63, 63, 38, 64, 38, 39, 64, 64, 39, 65, 39, 40, 65, 65, 40, 66, 40, 41, 66, 66, 41, 67, 41, 42, 67, 67, 42, 68, 42, 43, 68, 68, 43, 69, 43, 44, 69, 69, 44, 70, 44, 45, 70, 70, 45, 71, 45, 46, 71, 71, 46, 72, 46, 47, 72, 72, 47, 73, 47, 48, 73, 73, 48, 74, 48, 49, 74, 75, 50, 76, 50, 51, 76, 76, 51, 77, 51, 52, 77, 77, 52, 78, 52, 53, 78, 78, 53, 79, 53, 54, 79, 79, 54, 80, 54, 55, 80, 80, 55, 81, 55, 56, 81, 81, 56, 82, 56, 57, 82, 82, 57, 83, 57, 58, 83, 83, 58, 84, 58, 59, 84, 84, 59, 85, 59, 60, 85, 85, 60, 86, 60, 61, 86, 86, 61, 87, 61, 62, 87, 87, 62, 88, 62, 63, 88, 88, 63, 89, 63, 64, 89, 89, 64, 90, 64, 65, 90, 90, 65, 91, 65, 66, 91, 91, 66, 92, 66, 67, 92, 92, 67, 93, 67, 68, 93, 93, 68, 94, 68, 69, 94, 94, 69, 95, 69, 70, 95, 95, 70, 96, 70, 71, 96, 96, 71, 97, 71, 72, 97, 97, 72, 98, 72, 73, 98, 98, 73, 99, 73, 74, 99, 100, 75, 101, 75, 76, 101, 101, 76, 102, 76, 77, 102, 102, 77, 103, 77, 78, 103, 103, 78, 104, 78, 79, 104, 104, 79, 105, 79, 80, 105, 105, 80, 106, 80, 81, 106, 106, 81, 107, 81, 82, 107, 107, 82, 108, 82, 83, 108, 108, 83, 109, 83, 84, 109, 109, 84, 110, 84, 85, 110, 110, 85, 111, 85, 86, 111, 111, 86, 112, 86, 87, 112, 112, 87, 113, 87, 88, 113, 113, 88, 114, 88, 89, 114, 114, 89, 115, 89, 90, 115, 115, 90, 116, 90, 91, 116, 116, 91, 117, 91, 92, 117, 117, 92, 118, 92, 93, 118, 118, 93, 119, 93, 94, 119, 119, 94, 120, 94, 95, 120, 120, 95, 121, 95, 96, 121, 121, 96, 122, 96, 97, 122, 122, 97, 123, 97, 98, 123, 123, 98, 124, 98, 99, 124, 125, 100, 126, 100, 101, 126, 126, 101, 127, 101, 102, 127, 127, 102, 128, 102, 103, 128, 128, 103, 129, 103, 104, 129, 129, 104, 130, 104, 105, 130, 130, 105, 131, 105, 106, 131, 131, 106, 132, 106, 107, 132, 132, 107, 133, 107, 108, 133, 133, 108, 134, 108, 109, 134, 134, 109, 135, 109, 110, 135, 135, 110, 136, 110, 111, 136, 136, 111, 137, 111, 112, 137, 137, 112, 138, 112, 113, 138, 138, 113, 139, 113, 114, 139, 139, 114, 140, 114, 115, 140, 140, 115, 141, 115, 116, 141, 141, 116, 142, 116, 117, 142, 142, 117, 143, 117, 118, 143, 143, 118, 144, 118, 119, 144, 144, 119, 145, 119, 120, 145, 145, 120, 146, 120, 121, 146, 146, 121, 147, 121, 122, 147, 147, 122, 148, 122, 123, 148, 148, 123, 149, 123, 124, 149, 150, 125, 151, 125, 126, 151, 151, 126, 152, 126, 127, 152, 152, 127, 153, 127, 128, 153, 153, 128, 154, 128, 129, 154, 154, 129, 155, 129, 130, 155, 155, 130, 156, 130, 131, 156, 156, 131, 157, 131, 132, 157, 157, 132, 158, 132, 133, 158, 158, 133, 159, 133, 134, 159, 159, 134, 160, 134, 135, 160, 160, 135, 161, 135, 136, 161, 161, 136, 162, 136, 137, 162, 162, 137, 163, 137, 138, 163, 163, 138, 164, 138, 139, 164, 164, 139, 165, 139, 140, 165, 165, 140, 166, 140, 141, 166, 166, 141, 167, 141, 142, 167, 167, 142, 168, 142, 143, 168, 168, 143, 169, 143, 144, 169, 169, 144, 170, 144, 145, 170, 170, 145, 171, 145, 146, 171, 171, 146, 172, 146, 147, 172, 172, 147, 173, 147, 148, 173, 173, 148, 174, 148, 149, 174, 175, 150, 176, 150, 151, 176, 176, 151, 177, 151, 152, 177, 177, 152, 178, 152, 153, 178, 178, 153, 179, 153, 154, 179, 179, 154, 180, 154, 155, 180, 180, 155, 181, 155, 156, 181, 181, 156, 182, 156, 157, 182, 182, 157, 183, 157, 158, 183, 183, 158, 184, 158, 159, 184, 184, 159, 185, 159, 160, 185, 185, 160, 186, 160, 161, 186, 186, 161, 187, 161, 162, 187, 187, 162, 188, 162, 163, 188, 188, 163, 189, 163, 164, 189, 189, 164, 190, 164, 165, 190, 190, 165, 191, 165, 166, 191, 191, 166, 192, 166, 167, 192, 192, 167, 193, 167, 168, 193, 193, 168, 194, 168, 169, 194, 194, 169, 195, 169, 170, 195, 195, 170, 196, 170, 171, 196, 196, 171, 197, 171, 172, 197, 197, 172, 198, 172, 173, 198, 198, 173, 199, 173, 174, 199, 200, 175, 201, 175, 176, 201, 201, 176, 202, 176, 177, 202, 202, 177, 203, 177, 178, 203, 203, 178, 204, 178, 179, 204, 204, 179, 205, 179, 180, 205, 205, 180, 206, 180, 181, 206, 206, 181, 207, 181, 182, 207, 207, 182, 208, 182, 183, 208, 208, 183, 209, 183, 184, 209, 209, 184, 210, 184, 185, 210, 210, 185, 211, 185, 186, 211, 211, 186, 212, 186, 187, 212, 212, 187, 213, 187, 188, 213, 213, 188, 214, 188, 189, 214, 214, 189, 215, 189, 190, 215, 215, 190, 216, 190, 191, 216, 216, 191, 217, 191, 192, 217, 217, 192, 218, 192, 193, 218, 218, 193, 219, 193, 194, 219, 219, 194, 220, 194, 195, 220, 220, 195, 221, 195, 196, 221, 221, 196, 222, 196, 197, 222, 222, 197, 223, 197, 198, 223, 223, 198, 224, 198, 199, 224]
                rel material:binding = </root/_materials/Material_7_017>
                normal3f[] normals = [(0.70710933, -0.7071044, 0.000011637807), (1, -0.000027388334, 0.00002007559), (0.68301606, -0.70710266, 0.18301621), (1, -0.000027388334, 0.00002007559), (0.96592087, -0.000018656254, 0.2588376), (0.68301606, -0.70710266, 0.18301621), (0.68301606, -0.70710266, 0.18301621), (0.96592087, -0.000018656254, 0.2588376), (0.61237496, -0.7071024, 0.35355762), (0.96592087, -0.000018656254, 0.2588376), (0.866016, -0.000017821789, 0.5000164), (0.61237496, -0.7071024, 0.35355762), (0.61237496, -0.7071024, 0.35355762), (0.866016, -0.000017821789, 0.5000164), (0.50000125, -0.7071025, 0.5000048), (0.866016, -0.000017821789, 0.5000164), (0.7070931, -0.000018000603, 0.7071204), (0.50000125, -0.7071025, 0.5000048), (0.50000125, -0.7071025, 0.5000048), (0.7070931, -0.000018000603, 0.7071204), (0.35355353, -0.70710254, 0.61237735), (0.7070931, -0.000018000603, 0.7071204), (0.4999836, -0.000018119812, 0.86603487), (0.35355353, -0.70710254, 0.61237735), (0.35355353, -0.70710254, 0.61237735), (0.4999836, -0.000018119812, 0.86603487), (0.18301143, -0.7071025, 0.68301755), (0.4999836, -0.000018119812, 0.86603487), (0.2588005, -0.000018239021, 0.9659308), (0.18301143, -0.7071025, 0.68301755), (0.18301143, -0.7071025, 0.68301755), (0.2588005, -0.000018239021, 0.9659308), (-0.0000024670735, -0.7071025, 0.707111), (0.2588005, -0.000018239021, 0.9659308), (-0.000019205734, -0.000018268824, 0.99999994), (-0.0000024670735, -0.7071025, 0.707111), (-0.0000024670735, -0.7071025, 0.707111), (-0.000019205734, -0.000018268824, 0.99999994), (-0.18301632, -0.7071025, 0.68301624), (-0.000019205734, -0.000018268824, 0.99999994), (-0.25883764, -0.000018119812, 0.9659208), (-0.18301632, -0.7071025, 0.68301624), (-0.18301632, -0.7071025, 0.68301624), (-0.25883764, -0.000018119812, 0.9659208), (-0.35355756, -0.70710266, 0.61237484), (-0.25883764, -0.000018119812, 0.9659208), (-0.50001657, -0.000018239021, 0.8660158), (-0.35355756, -0.70710266, 0.61237484), (-0.35355756, -0.70710266, 0.61237484), (-0.50001657, -0.000018239021, 0.8660158), (-0.50000495, -0.70710224, 0.5000015), (-0.50001657, -0.000018239021, 0.8660158), (-0.7071203, -0.000017493963, 0.70709324), (-0.50000495, -0.70710224, 0.5000015), (-0.50000495, -0.70710224, 0.5000015), (-0.7071203, -0.000017493963, 0.70709324), (-0.6123771, -0.70710284, 0.35355327), (-0.7071203, -0.000017493963, 0.70709324), (-0.866035, -0.000018894672, 0.4999834), (-0.6123771, -0.70710284, 0.35355327), (-0.6123771, -0.70710284, 0.35355327), (-0.866035, -0.000018894672, 0.4999834), (-0.68301743, -0.7071026, 0.18301141), (-0.866035, -0.000018894672, 0.4999834), (-0.9659308, -0.000018239021, 0.25880063), (-0.68301743, -0.7071026, 0.18301141), (-0.68301743, -0.7071026, 0.18301141), (-0.9659308, -0.000018239021, 0.25880063), (-0.7071112, -0.7071024, -0.000002478715), (-0.9659308, -0.000018239021, 0.25880063), (-1, -0.000018239021, -0.00001916103), (-0.7071112, -0.7071024, -0.000002478715), (-0.7071112, -0.7071024, -0.000002478715), (-1, -0.000018239021, -0.00001916103), (-0.68301606, -0.70710266, -0.18301621), (-1, -0.000018239021, -0.00001916103), (-0.96592087, -0.000018656254, -0.2588376), (-0.68301606, -0.70710266, -0.18301621), (-0.68301606, -0.70710266, -0.18301621), (-0.96592087, -0.000018656254, -0.2588376), (-0.61237496, -0.7071024, -0.35355762), (-0.96592087, -0.000018656254, -0.2588376), (-0.866016, -0.000017821789, -0.5000164), (-0.61237496, -0.7071024, -0.35355762), (-0.61237496, -0.7071024, -0.35355762), (-0.866016, -0.000017821789, -0.5000164), (-0.50000125, -0.7071025, -0.5000048), (-0.866016, -0.000017821789, -0.5000164), (-0.7070931, -0.000018000603, -0.7071204), (-0.50000125, -0.7071025, -0.5000048), (-0.50000125, -0.7071025, -0.5000048), (-0.7070931, -0.000018000603, -0.7071204), (-0.35355353, -0.70710254, -0.61237735), (-0.7070931, -0.000018000603, -0.7071204), (-0.4999836, -0.000018119812, -0.86603487), (-0.35355353, -0.70710254, -0.61237735), (-0.35355353, -0.70710254, -0.61237735), (-0.4999836, -0.000018119812, -0.86603487), (-0.18301143, -0.7071025, -0.68301755), (-0.4999836, -0.000018119812, -0.86603487), (-0.2588005, -0.000018239021, -0.9659308), (-0.18301143, -0.7071025, -0.68301755), (-0.18301143, -0.7071025, -0.68301755), (-0.2588005, -0.000018239021, -0.9659308), (0.0000024670735, -0.7071025, -0.707111), (-0.2588005, -0.000018239021, -0.9659308), (0.000019205734, -0.000018268824, -0.99999994), (0.0000024670735, -0.7071025, -0.707111), (0.0000024670735, -0.7071025, -0.707111), (0.000019205734, -0.000018268824, -0.99999994), (0.18301632, -0.7071025, -0.68301624), (0.000019205734, -0.000018268824, -0.99999994), (0.25883764, -0.000018119812, -0.9659208), (0.18301632, -0.7071025, -0.68301624), (0.18301632, -0.7071025, -0.68301624), (0.25883764, -0.000018119812, -0.9659208), (0.35355756, -0.70710266, -0.61237484), (0.25883764, -0.000018119812, -0.9659208), (0.50001657, -0.000018239021, -0.8660158), (0.35355756, -0.70710266, -0.61237484), (0.35355756, -0.70710266, -0.61237484), (0.50001657, -0.000018239021, -0.8660158), (0.50000495, -0.70710224, -0.5000015), (0.50001657, -0.000018239021, -0.8660158), (0.7071203, -0.000017493963, -0.70709324), (0.50000495, -0.70710224, -0.5000015), (0.50000495, -0.70710224, -0.5000015), (0.7071203, -0.000017493963, -0.70709324), (0.6123771, -0.70710284, -0.35355327), (0.7071203, -0.000017493963, -0.70709324), (0.866035, -0.000018894672, -0.4999834), (0.6123771, -0.70710284, -0.35355327), (0.6123771, -0.70710284, -0.35355327), (0.866035, -0.000018894672, -0.4999834), (0.68301743, -0.7071026, -0.18301141), (0.866035, -0.000018894672, -0.4999834), (0.9659308, -0.000018239021, -0.25880063), (0.68301743, -0.7071026, -0.18301141), (0.68301743, -0.7071026, -0.18301141), (0.9659308, -0.000018239021, -0.25880063), (0.7071108, -0.7071027, -0.000031791627), (0.9659308, -0.000018239021, -0.25880063), (0.99999994, -0.000033019576, -0.0000051036477), (0.7071108, -0.7071027, -0.000031791627), (0.000031879088, -1, 0.0000038994476), (0.70710933, -0.7071044, 0.000011637807), (6.183982e-7, -0.99999994, -0.0000016819686), (0.70710933, -0.7071044, 0.000011637807), (0.68301606, -0.70710266, 0.18301621), (6.183982e-7, -0.99999994, -0.0000016819686), (6.183982e-7, -0.99999994, -0.0000016819686), (0.68301606, -0.70710266, 0.18301621), (4.2282045e-7, -1, -0.0000018076971), (0.68301606, -0.70710266, 0.18301621), (0.61237496, -0.7071024, 0.35355762), (4.2282045e-7, -1, -0.0000018076971), (4.2282045e-7, -1, -0.0000018076971), (0.61237496, -0.7071024, 0.35355762), (0.0000011455268, -0.99999994, -0.0000013932586), (0.61237496, -0.7071024, 0.35355762), (0.50000125, -0.7071025, 0.5000048), (0.0000011455268, -0.99999994, -0.0000013932586), (0.0000011455268, -0.99999994, -0.0000013932586), (0.50000125, -0.7071025, 0.5000048), (0.0000014789402, -0.99999994, -9.3877316e-7), (0.50000125, -0.7071025, 0.5000048), (0.35355353, -0.70710254, 0.61237735), (0.0000014789402, -0.99999994, -9.3877316e-7), (0.0000014789402, -0.99999994, -9.3877316e-7), (0.35355353, -0.70710254, 0.61237735), (0.0000018076971, -0.99999994, -3.2410026e-7), (0.35355353, -0.70710254, 0.61237735), (0.18301143, -0.7071025, 0.68301755), (0.0000018076971, -0.99999994, -3.2410026e-7), (0.0000018076971, -0.99999994, -3.2410026e-7), (0.18301143, -0.7071025, 0.68301755), (0.0000018179417, -0.99999994, 1.4156103e-7), (0.18301143, -0.7071025, 0.68301755), (-0.0000024670735, -0.7071025, 0.707111), (0.0000018179417, -0.99999994, 1.4156103e-7), (0.0000018179417, -0.99999994, 1.4156103e-7), (-0.0000024670735, -0.7071025, 0.707111), (0.0000016358681, -0.99999994, 5.9977174e-7), (-0.0000024670735, -0.7071025, 0.707111), (-0.18301632, -0.7071025, 0.68301624), (0.0000016358681, -0.99999994, 5.9977174e-7), (0.0000016358681, -0.99999994, 5.9977174e-7), (-0.18301632, -0.7071025, 0.68301624), (0.0000017425045, -0.9999999, 6.053597e-7), (-0.18301632, -0.7071025, 0.68301624), (-0.35355756, -0.70710266, 0.61237484), (0.0000017425045, -0.9999999, 6.053597e-7), (0.0000017425045, -0.9999999, 6.053597e-7), (-0.35355756, -0.70710266, 0.61237484), (0.0000014081597, -0.99999994, 0.0000011734664), (-0.35355756, -0.70710266, 0.61237484), (-0.50000495, -0.70710224, 0.5000015), (0.0000014081597, -0.99999994, 0.0000011734664), (0.0000014081597, -0.99999994, 0.0000011734664), (-0.50000495, -0.70710224, 0.5000015), (0.0000010263175, -0.99999994, 0.0000015124679), (-0.50000495, -0.70710224, 0.5000015), (-0.6123771, -0.70710284, 0.35355327), (0.0000010263175, -0.99999994, 0.0000015124679), (0.0000010263175, -0.99999994, 0.0000015124679), (-0.6123771, -0.70710284, 0.35355327), (5.4202974e-7, -0.99999994, 0.0000016419217), (-0.6123771, -0.70710284, 0.35355327), (-0.68301743, -0.7071026, 0.18301141), (5.4202974e-7, -0.99999994, 0.0000016419217), (5.4202974e-7, -0.99999994, 0.0000016419217), (-0.68301743, -0.7071026, 0.18301141), (-1.8626451e-7, -0.99999994, 0.0000017792918), (-0.68301743, -0.7071026, 0.18301141), (-0.7071112, -0.7071024, -0.000002478715), (-1.8626451e-7, -0.99999994, 0.0000017792918), (-1.8626451e-7, -0.99999994, 0.0000017792918), (-0.7071112, -0.7071024, -0.000002478715), (-6.183982e-7, -0.99999994, 0.0000016819686), (-0.7071112, -0.7071024, -0.000002478715), (-0.68301606, -0.70710266, -0.18301621), (-6.183982e-7, -0.99999994, 0.0000016819686), (-6.183982e-7, -0.99999994, 0.0000016819686), (-0.68301606, -0.70710266, -0.18301621), (-4.2282045e-7, -1, 0.0000018076971), (-0.68301606, -0.70710266, -0.18301621), (-0.61237496, -0.7071024, -0.35355762), (-4.2282045e-7, -1, 0.0000018076971), (-4.2282045e-7, -1, 0.0000018076971), (-0.61237496, -0.7071024, -0.35355762), (-0.0000011455268, -0.99999994, 0.0000013932586), (-0.61237496, -0.7071024, -0.35355762), (-0.50000125, -0.7071025, -0.5000048), (-0.0000011455268, -0.99999994, 0.0000013932586), (-0.0000011455268, -0.99999994, 0.0000013932586), (-0.50000125, -0.7071025, -0.5000048), (-0.0000014789402, -0.99999994, 9.3877316e-7), (-0.50000125, -0.7071025, -0.5000048), (-0.35355353, -0.70710254, -0.61237735), (-0.0000014789402, -0.99999994, 9.3877316e-7), (-0.0000014789402, -0.99999994, 9.3877316e-7), (-0.35355353, -0.70710254, -0.61237735), (-0.0000018076971, -0.99999994, 3.2410026e-7), (-0.35355353, -0.70710254, -0.61237735), (-0.18301143, -0.7071025, -0.68301755), (-0.0000018076971, -0.99999994, 3.2410026e-7), (-0.0000018076971, -0.99999994, 3.2410026e-7), (-0.18301143, -0.7071025, -0.68301755), (-0.0000018179417, -0.99999994, -1.4156103e-7), (-0.18301143, -0.7071025, -0.68301755), (0.0000024670735, -0.7071025, -0.707111), (-0.0000018179417, -0.99999994, -1.4156103e-7), (-0.0000018179417, -0.99999994, -1.4156103e-7), (0.0000024670735, -0.7071025, -0.707111), (-0.0000016358681, -0.99999994, -5.9977174e-7), (0.0000024670735, -0.7071025, -0.707111), (0.18301632, -0.7071025, -0.68301624), (-0.0000016358681, -0.99999994, -5.9977174e-7), (-0.0000016358681, -0.99999994, -5.9977174e-7), (0.18301632, -0.7071025, -0.68301624), (-0.0000017425045, -0.9999999, -6.053597e-7), (0.18301632, -0.7071025, -0.68301624), (0.35355756, -0.70710266, -0.61237484), (-0.0000017425045, -0.9999999, -6.053597e-7), (-0.0000017425045, -0.9999999, -6.053597e-7), (0.35355756, -0.70710266, -0.61237484), (-0.0000014081597, -0.99999994, -0.0000011734664), (0.35355756, -0.70710266, -0.61237484), (0.50000495, -0.70710224, -0.5000015), (-0.0000014081597, -0.99999994, -0.0000011734664), (-0.0000014081597, -0.99999994, -0.0000011734664), (0.50000495, -0.70710224, -0.5000015), (-0.0000010263175, -0.99999994, -0.0000015124679), (0.50000495, -0.70710224, -0.5000015), (0.6123771, -0.70710284, -0.35355327), (-0.0000010263175, -0.99999994, -0.0000015124679), (-0.0000010263175, -0.99999994, -0.0000015124679), (0.6123771, -0.70710284, -0.35355327), (-5.4202974e-7, -0.99999994, -0.0000016419217), (0.6123771, -0.70710284, -0.35355327), (0.68301743, -0.7071026, -0.18301141), (-5.4202974e-7, -0.99999994, -0.0000016419217), (-5.4202974e-7, -0.99999994, -0.0000016419217), (0.68301743, -0.7071026, -0.18301141), (0.00003323535, -0.99999994, -0.000006923452), (0.68301743, -0.7071026, -0.18301141), (0.7071108, -0.7071027, -0.000031791627), (0.00003323535, -0.99999994, -0.000006923452), (-0.70710284, -0.7071106, -0.000031150877), (0.000031879088, -1, 0.0000038994476), (-0.6830106, -0.707109, -0.18301249), (0.000031879088, -1, 0.0000038994476), (6.183982e-7, -0.99999994, -0.0000016819686), (-0.6830106, -0.707109, -0.18301249), (-0.6830106, -0.707109, -0.18301249), (6.183982e-7, -0.99999994, -0.0000016819686), (-0.61237043, -0.7071089, -0.35355264), (6.183982e-7, -0.99999994, -0.0000016819686), (4.2282045e-7, -1, -0.0000018076971), (-0.61237043, -0.7071089, -0.35355264), (-0.61237043, -0.7071089, -0.35355264), (4.2282045e-7, -1, -0.0000018076971), (-0.49999818, -0.70710903, -0.49999857), (4.2282045e-7, -1, -0.0000018076971), (0.0000011455268, -0.99999994, -0.0000013932586), (-0.49999818, -0.70710903, -0.49999857), (-0.49999818, -0.70710903, -0.49999857), (0.0000011455268, -0.99999994, -0.0000013932586), (-0.35355213, -0.707109, -0.6123707), (0.0000011455268, -0.99999994, -0.0000013932586), (0.0000014789402, -0.99999994, -9.3877316e-7), (-0.35355213, -0.707109, -0.6123707), (-0.35355213, -0.707109, -0.6123707), (0.0000014789402, -0.99999994, -9.3877316e-7), (-0.18301181, -0.70710886, -0.6830108), (0.0000014789402, -0.99999994, -9.3877316e-7), (0.0000018076971, -0.99999994, -3.2410026e-7), (-0.18301181, -0.70710886, -0.6830108), (-0.18301181, -0.70710886, -0.6830108), (0.0000018076971, -0.99999994, -3.2410026e-7), (2.195593e-7, -0.7071092, -0.7071044), (0.0000018076971, -0.99999994, -3.2410026e-7), (0.0000018179417, -0.99999994, 1.4156103e-7), (2.195593e-7, -0.7071092, -0.7071044), (2.195593e-7, -0.7071092, -0.7071044), (0.0000018179417, -0.99999994, 1.4156103e-7), (0.18301257, -0.7071088, -0.6830106), (0.0000018179417, -0.99999994, 1.4156103e-7), (0.0000016358681, -0.99999994, 5.9977174e-7), (0.18301257, -0.7071088, -0.6830106), (0.18301257, -0.7071088, -0.6830106), (0.0000016358681, -0.99999994, 5.9977174e-7), (0.35355258, -0.7071089, -0.6123705), (0.0000016358681, -0.99999994, 5.9977174e-7), (0.0000017425045, -0.9999999, 6.053597e-7), (0.35355258, -0.7071089, -0.6123705), (0.35355258, -0.7071089, -0.6123705), (0.0000017425045, -0.9999999, 6.053597e-7), (0.49999836, -0.7071093, -0.49999818), (0.0000017425045, -0.9999999, 6.053597e-7), (0.0000014081597, -0.99999994, 0.0000011734664), (0.49999836, -0.7071093, -0.49999818), (0.49999836, -0.7071093, -0.49999818), (0.0000014081597, -0.99999994, 0.0000011734664), (0.6123706, -0.70710903, -0.353552), (0.0000014081597, -0.99999994, 0.0000011734664), (0.0000010263175, -0.99999994, 0.0000015124679), (0.6123706, -0.70710903, -0.353552), (0.6123706, -0.70710903, -0.353552), (0.0000010263175, -0.99999994, 0.0000015124679), (0.68301094, -0.7071086, -0.1830119), (0.0000010263175, -0.99999994, 0.0000015124679), (5.4202974e-7, -0.99999994, 0.0000016419217), (0.68301094, -0.7071086, -0.1830119), (0.68301094, -0.7071086, -0.1830119), (5.4202974e-7, -0.99999994, 0.0000016419217), (0.70710415, -0.70710945, 1.9883737e-7), (5.4202974e-7, -0.99999994, 0.0000016419217), (-1.8626451e-7, -0.99999994, 0.0000017792918), (0.70710415, -0.70710945, 1.9883737e-7), (0.70710415, -0.70710945, 1.9883737e-7), (-1.8626451e-7, -0.99999994, 0.0000017792918), (0.6830106, -0.707109, 0.18301249), (-1.8626451e-7, -0.99999994, 0.0000017792918), (-6.183982e-7, -0.99999994, 0.0000016819686), (0.6830106, -0.707109, 0.18301249), (0.6830106, -0.707109, 0.18301249), (-6.183982e-7, -0.99999994, 0.0000016819686), (0.61237043, -0.7071089, 0.35355264), (-6.183982e-7, -0.99999994, 0.0000016819686), (-4.2282045e-7, -1, 0.0000018076971), (0.61237043, -0.7071089, 0.35355264), (0.61237043, -0.7071089, 0.35355264), (-4.2282045e-7, -1, 0.0000018076971), (0.49999818, -0.70710903, 0.49999857), (-4.2282045e-7, -1, 0.0000018076971), (-0.0000011455268, -0.99999994, 0.0000013932586), (0.49999818, -0.70710903, 0.49999857), (0.49999818, -0.70710903, 0.49999857), (-0.0000011455268, -0.99999994, 0.0000013932586), (0.35355213, -0.707109, 0.6123707), (-0.0000011455268, -0.99999994, 0.0000013932586), (-0.0000014789402, -0.99999994, 9.3877316e-7), (0.35355213, -0.707109, 0.6123707), (0.35355213, -0.707109, 0.6123707), (-0.0000014789402, -0.99999994, 9.3877316e-7), (0.18301181, -0.70710886, 0.6830108), (-0.0000014789402, -0.99999994, 9.3877316e-7), (-0.0000018076971, -0.99999994, 3.2410026e-7), (0.18301181, -0.70710886, 0.6830108), (0.18301181, -0.70710886, 0.6830108), (-0.0000018076971, -0.99999994, 3.2410026e-7), (-2.195593e-7, -0.7071092, 0.7071044), (-0.0000018076971, -0.99999994, 3.2410026e-7), (-0.0000018179417, -0.99999994, -1.4156103e-7), (-2.195593e-7, -0.7071092, 0.7071044), (-2.195593e-7, -0.7071092, 0.7071044), (-0.0000018179417, -0.99999994, -1.4156103e-7), (-0.18301257, -0.7071088, 0.6830106), (-0.0000018179417, -0.99999994, -1.4156103e-7), (-0.0000016358681, -0.99999994, -5.9977174e-7), (-0.18301257, -0.7071088, 0.6830106), (-0.18301257, -0.7071088, 0.6830106), (-0.0000016358681, -0.99999994, -5.9977174e-7), (-0.35355258, -0.7071089, 0.6123705), (-0.0000016358681, -0.99999994, -5.9977174e-7), (-0.0000017425045, -0.9999999, -6.053597e-7), (-0.35355258, -0.7071089, 0.6123705), (-0.35355258, -0.7071089, 0.6123705), (-0.0000017425045, -0.9999999, -6.053597e-7), (-0.49999836, -0.7071093, 0.49999818), (-0.0000017425045, -0.9999999, -6.053597e-7), (-0.0000014081597, -0.99999994, -0.0000011734664), (-0.49999836, -0.7071093, 0.49999818), (-0.49999836, -0.7071093, 0.49999818), (-0.0000014081597, -0.99999994, -0.0000011734664), (-0.6123706, -0.70710903, 0.353552), (-0.0000014081597, -0.99999994, -0.0000011734664), (-0.0000010263175, -0.99999994, -0.0000015124679), (-0.6123706, -0.70710903, 0.353552), (-0.6123706, -0.70710903, 0.353552), (-0.0000010263175, -0.99999994, -0.0000015124679), (-0.68301094, -0.7071086, 0.1830119), (-0.0000010263175, -0.99999994, -0.0000015124679), (-5.4202974e-7, -0.99999994, -0.0000016419217), (-0.68301094, -0.7071086, 0.1830119), (-0.68301094, -0.7071086, 0.1830119), (-5.4202974e-7, -0.99999994, -0.0000016419217), (-0.70710063, -0.70711285, 0.0000423342), (-5.4202974e-7, -0.99999994, -0.0000016419217), (0.00003323535, -0.99999994, -0.000006923452), (-0.70710063, -0.70711285, 0.0000423342), (-1, -2.4447218e-7, -0.00005286932), (-0.70710284, -0.7071106, -0.000031150877), (-0.96592593, -1.6040147e-7, -0.25881895), (-0.70710284, -0.7071106, -0.000031150877), (-0.6830106, -0.707109, -0.18301249), (-0.96592593, -1.6040147e-7, -0.25881895), (-0.96592593, -1.6040147e-7, -0.25881895), (-0.6830106, -0.707109, -0.18301249), (-0.8660254, -6.015056e-8, -0.50000006), (-0.6830106, -0.707109, -0.18301249), (-0.61237043, -0.7071089, -0.35355264), (-0.8660254, -6.015056e-8, -0.50000006), (-0.8660254, -6.015056e-8, -0.50000006), (-0.61237043, -0.7071089, -0.35355264), (-0.7071067, 1.1027606e-7, -0.7071069), (-0.61237043, -0.7071089, -0.35355264), (-0.49999818, -0.70710903, -0.49999857), (-0.7071067, 1.1027606e-7, -0.7071069), (-0.7071067, 1.1027606e-7, -0.7071069), (-0.49999818, -0.70710903, -0.49999857), (-0.5, -1.0025094e-7, -0.86602545), (-0.49999818, -0.70710903, -0.49999857), (-0.35355213, -0.707109, -0.6123707), (-0.5, -1.0025094e-7, -0.86602545), (-0.5, -1.0025094e-7, -0.86602545), (-0.35355213, -0.707109, -0.6123707), (-0.25881916, 3.0075274e-8, -0.96592575), (-0.35355213, -0.707109, -0.6123707), (-0.18301181, -0.70710886, -0.6830108), (-0.25881916, 3.0075274e-8, -0.96592575), (-0.25881916, 3.0075274e-8, -0.96592575), (-0.18301181, -0.70710886, -0.6830108), (0, 0, -1), (-0.18301181, -0.70710886, -0.6830108), (2.195593e-7, -0.7071092, -0.7071044), (0, 0, -1), (0, 0, -1), (2.195593e-7, -0.7071092, -0.7071044), (0.25881916, -1.0025091e-8, -0.9659258), (2.195593e-7, -0.7071092, -0.7071044), (0.18301257, -0.7071088, -0.6830106), (0.25881916, -1.0025091e-8, -0.9659258), (0.25881916, -1.0025091e-8, -0.9659258), (0.18301257, -0.7071088, -0.6830106), (0.49999997, 1.3032623e-7, -0.86602545), (0.18301257, -0.7071088, -0.6830106), (0.35355258, -0.7071089, -0.6123705), (0.49999997, 1.3032623e-7, -0.86602545), (0.49999997, 1.3032623e-7, -0.86602545), (0.35355258, -0.7071089, -0.6123705), (0.70710677, -1.2030115e-7, -0.7071069), (0.35355258, -0.7071089, -0.6123705), (0.49999836, -0.7071093, -0.49999818), (0.70710677, -1.2030115e-7, -0.7071069), (0.70710677, -1.2030115e-7, -0.7071069), (0.49999836, -0.7071093, -0.49999818), (0.8660254, 0, -0.5), (0.49999836, -0.7071093, -0.49999818), (0.6123706, -0.70710903, -0.353552), (0.8660254, 0, -0.5), (0.8660254, 0, -0.5), (0.6123706, -0.70710903, -0.353552), (0.9659259, 1.7042652e-7, -0.25881895), (0.6123706, -0.70710903, -0.353552), (0.68301094, -0.7071086, -0.1830119), (0.9659259, 1.7042652e-7, -0.25881895), (0.9659259, 1.7042652e-7, -0.25881895), (0.68301094, -0.7071086, -0.1830119), (1, 2.00502e-8, -2.506275e-9), (0.68301094, -0.7071086, -0.1830119), (0.70710415, -0.70710945, 1.9883737e-7), (1, 2.00502e-8, -2.506275e-9), (1, 2.00502e-8, -2.506275e-9), (0.70710415, -0.70710945, 1.9883737e-7), (0.96592593, -1.6040147e-7, 0.25881895), (0.70710415, -0.70710945, 1.9883737e-7), (0.6830106, -0.707109, 0.18301249), (0.96592593, -1.6040147e-7, 0.25881895), (0.96592593, -1.6040147e-7, 0.25881895), (0.6830106, -0.707109, 0.18301249), (0.8660254, -6.015056e-8, 0.50000006), (0.6830106, -0.707109, 0.18301249), (0.61237043, -0.7071089, 0.35355264), (0.8660254, -6.015056e-8, 0.50000006), (0.8660254, -6.015056e-8, 0.50000006), (0.61237043, -0.7071089, 0.35355264), (0.7071067, 1.1027606e-7, 0.7071069), (0.61237043, -0.7071089, 0.35355264), (0.49999818, -0.70710903, 0.49999857), (0.7071067, 1.1027606e-7, 0.7071069), (0.7071067, 1.1027606e-7, 0.7071069), (0.49999818, -0.70710903, 0.49999857), (0.5, -1.0025094e-7, 0.86602545), (0.49999818, -0.70710903, 0.49999857), (0.35355213, -0.707109, 0.6123707), (0.5, -1.0025094e-7, 0.86602545), (0.5, -1.0025094e-7, 0.86602545), (0.35355213, -0.707109, 0.6123707), (0.25881916, 3.0075274e-8, 0.96592575), (0.35355213, -0.707109, 0.6123707), (0.18301181, -0.70710886, 0.6830108), (0.25881916, 3.0075274e-8, 0.96592575), (0.25881916, 3.0075274e-8, 0.96592575), (0.18301181, -0.70710886, 0.6830108), (0, 0, 1), (0.18301181, -0.70710886, 0.6830108), (-2.195593e-7, -0.7071092, 0.7071044), (0, 0, 1), (0, 0, 1), (-2.195593e-7, -0.7071092, 0.7071044), (-0.25881916, -1.0025091e-8, 0.9659258), (-2.195593e-7, -0.7071092, 0.7071044), (-0.18301257, -0.7071088, 0.6830106), (-0.25881916, -1.0025091e-8, 0.9659258), (-0.25881916, -1.0025091e-8, 0.9659258), (-0.18301257, -0.7071088, 0.6830106), (-0.49999997, 1.3032623e-7, 0.86602545), (-0.18301257, -0.7071088, 0.6830106), (-0.35355258, -0.7071089, 0.6123705), (-0.49999997, 1.3032623e-7, 0.86602545), (-0.49999997, 1.3032623e-7, 0.86602545), (-0.35355258, -0.7071089, 0.6123705), (-0.70710677, -1.2030115e-7, 0.7071069), (-0.35355258, -0.7071089, 0.6123705), (-0.49999836, -0.7071093, 0.49999818), (-0.70710677, -1.2030115e-7, 0.7071069), (-0.70710677, -1.2030115e-7, 0.7071069), (-0.49999836, -0.7071093, 0.49999818), (-0.8660254, 0, 0.5), (-0.49999836, -0.7071093, 0.49999818), (-0.6123706, -0.70710903, 0.353552), (-0.8660254, 0, 0.5), (-0.8660254, 0, 0.5), (-0.6123706, -0.70710903, 0.353552), (-0.9659259, 1.7042652e-7, 0.25881895), (-0.6123706, -0.70710903, 0.353552), (-0.68301094, -0.7071086, 0.1830119), (-0.9659259, 1.7042652e-7, 0.25881895), (-0.9659259, 1.7042652e-7, 0.25881895), (-0.68301094, -0.7071086, 0.1830119), (-1, 2.8405339e-7, 0.00005286932), (-0.68301094, -0.7071086, 0.1830119), (-0.70710063, -0.70711285, 0.0000423342), (-1, 2.8405339e-7, 0.00005286932), (-0.70710063, 0.70711285, -0.00004232675), (-1, -2.4447218e-7, -0.00005286932), (-0.68301064, 0.70710874, -0.18301274), (-1, -2.4447218e-7, -0.00005286932), (-0.96592593, -1.6040147e-7, -0.25881895), (-0.68301064, 0.70710874, -0.18301274), (-0.68301064, 0.70710874, -0.18301274), (-0.96592593, -1.6040147e-7, -0.25881895), (-0.6123702, 0.7071091, -0.35355273), (-0.96592593, -1.6040147e-7, -0.25881895), (-0.8660254, -6.015056e-8, -0.50000006), (-0.6123702, 0.7071091, -0.35355273), (-0.6123702, 0.7071091, -0.35355273), (-0.8660254, -6.015056e-8, -0.50000006), (-0.49999776, 0.70710915, -0.49999875), (-0.8660254, -6.015056e-8, -0.50000006), (-0.7071067, 1.1027606e-7, -0.7071069), (-0.49999776, 0.70710915, -0.49999875), (-0.49999776, 0.70710915, -0.49999875), (-0.7071067, 1.1027606e-7, -0.7071069), (-0.3535518, 0.707109, -0.6123708), (-0.7071067, 1.1027606e-7, -0.7071069), (-0.5, -1.0025094e-7, -0.86602545), (-0.3535518, 0.707109, -0.6123708), (-0.3535518, 0.707109, -0.6123708), (-0.5, -1.0025094e-7, -0.86602545), (-0.18301174, 0.7071088, -0.6830108), (-0.5, -1.0025094e-7, -0.86602545), (-0.25881916, 3.0075274e-8, -0.96592575), (-0.18301174, 0.7071088, -0.6830108), (-0.18301174, 0.7071088, -0.6830108), (-0.25881916, 3.0075274e-8, -0.96592575), (6.237533e-7, 0.7071092, -0.7071043), (-0.25881916, 3.0075274e-8, -0.96592575), (0, 0, -1), (6.237533e-7, 0.7071092, -0.7071043), (6.237533e-7, 0.7071092, -0.7071043), (0, 0, -1), (0.18301266, 0.7071088, -0.6830106), (0, 0, -1), (0.25881916, -1.0025091e-8, -0.9659258), (0.18301266, 0.7071088, -0.6830106), (0.18301266, 0.7071088, -0.6830106), (0.25881916, -1.0025091e-8, -0.9659258), (0.35355282, 0.7071089, -0.6123703), (0.25881916, -1.0025091e-8, -0.9659258), (0.49999997, 1.3032623e-7, -0.86602545), (0.35355282, 0.7071089, -0.6123703), (0.35355282, 0.7071089, -0.6123703), (0.49999997, 1.3032623e-7, -0.86602545), (0.49999875, 0.70710915, -0.49999794), (0.49999997, 1.3032623e-7, -0.86602545), (0.70710677, -1.2030115e-7, -0.7071069), (0.49999875, 0.70710915, -0.49999794), (0.49999875, 0.70710915, -0.49999794), (0.70710677, -1.2030115e-7, -0.7071069), (0.61237085, 0.70710886, -0.35355186), (0.70710677, -1.2030115e-7, -0.7071069), (0.8660254, 0, -0.5), (0.61237085, 0.70710886, -0.35355186), (0.61237085, 0.70710886, -0.35355186), (0.8660254, 0, -0.5), (0.6830109, 0.70710886, -0.18301171), (0.8660254, 0, -0.5), (0.9659259, 1.7042652e-7, -0.25881895), (0.6830109, 0.70710886, -0.18301171), (0.6830109, 0.70710886, -0.18301171), (0.9659259, 1.7042652e-7, -0.25881895), (0.70710415, 0.70710945, 6.4098276e-7), (0.9659259, 1.7042652e-7, -0.25881895), (1, 2.00502e-8, -2.506275e-9), (0.70710415, 0.70710945, 6.4098276e-7), (0.70710415, 0.70710945, 6.4098276e-7), (1, 2.00502e-8, -2.506275e-9), (0.68301064, 0.70710874, 0.18301274), (1, 2.00502e-8, -2.506275e-9), (0.96592593, -1.6040147e-7, 0.25881895), (0.68301064, 0.70710874, 0.18301274), (0.68301064, 0.70710874, 0.18301274), (0.96592593, -1.6040147e-7, 0.25881895), (0.6123702, 0.7071091, 0.35355273), (0.96592593, -1.6040147e-7, 0.25881895), (0.8660254, -6.015056e-8, 0.50000006), (0.6123702, 0.7071091, 0.35355273), (0.6123702, 0.7071091, 0.35355273), (0.8660254, -6.015056e-8, 0.50000006), (0.49999776, 0.70710915, 0.49999875), (0.8660254, -6.015056e-8, 0.50000006), (0.7071067, 1.1027606e-7, 0.7071069), (0.49999776, 0.70710915, 0.49999875), (0.49999776, 0.70710915, 0.49999875), (0.7071067, 1.1027606e-7, 0.7071069), (0.3535518, 0.707109, 0.6123708), (0.7071067, 1.1027606e-7, 0.7071069), (0.5, -1.0025094e-7, 0.86602545), (0.3535518, 0.707109, 0.6123708), (0.3535518, 0.707109, 0.6123708), (0.5, -1.0025094e-7, 0.86602545), (0.18301174, 0.7071088, 0.6830108), (0.5, -1.0025094e-7, 0.86602545), (0.25881916, 3.0075274e-8, 0.96592575), (0.18301174, 0.7071088, 0.6830108), (0.18301174, 0.7071088, 0.6830108), (0.25881916, 3.0075274e-8, 0.96592575), (-6.237533e-7, 0.7071092, 0.7071043), (0.25881916, 3.0075274e-8, 0.96592575), (0, 0, 1), (-6.237533e-7, 0.7071092, 0.7071043), (-6.237533e-7, 0.7071092, 0.7071043), (0, 0, 1), (-0.18301266, 0.7071088, 0.6830106), (0, 0, 1), (-0.25881916, -1.0025091e-8, 0.9659258), (-0.18301266, 0.7071088, 0.6830106), (-0.18301266, 0.7071088, 0.6830106), (-0.25881916, -1.0025091e-8, 0.9659258), (-0.35355282, 0.7071089, 0.6123703), (-0.25881916, -1.0025091e-8, 0.9659258), (-0.49999997, 1.3032623e-7, 0.86602545), (-0.35355282, 0.7071089, 0.6123703), (-0.35355282, 0.7071089, 0.6123703), (-0.49999997, 1.3032623e-7, 0.86602545), (-0.49999875, 0.70710915, 0.49999794), (-0.49999997, 1.3032623e-7, 0.86602545), (-0.70710677, -1.2030115e-7, 0.7071069), (-0.49999875, 0.70710915, 0.49999794), (-0.49999875, 0.70710915, 0.49999794), (-0.70710677, -1.2030115e-7, 0.7071069), (-0.61237085, 0.70710886, 0.35355186), (-0.70710677, -1.2030115e-7, 0.7071069), (-0.8660254, 0, 0.5), (-0.61237085, 0.70710886, 0.35355186), (-0.61237085, 0.70710886, 0.35355186), (-0.8660254, 0, 0.5), (-0.6830109, 0.70710886, 0.18301171), (-0.8660254, 0, 0.5), (-0.9659259, 1.7042652e-7, 0.25881895), (-0.6830109, 0.70710886, 0.18301171), (-0.6830109, 0.70710886, 0.18301171), (-0.9659259, 1.7042652e-7, 0.25881895), (-0.7071029, 0.70711076, 0.000031150877), (-0.9659259, 1.7042652e-7, 0.25881895), (-1, 2.8405339e-7, 0.00005286932), (-0.7071029, 0.70711076, 0.000031150877), (0.000033609904, 0.99999994, 0.0000038952567), (-0.70710063, 0.70711285, -0.00004232675), (-9.23872e-7, 0.99999994, 0.000002216082), (-0.70710063, 0.70711285, -0.00004232675), (-0.68301064, 0.70710874, -0.18301274), (-9.23872e-7, 0.99999994, 0.000002216082), (-9.23872e-7, 0.99999994, 0.000002216082), (-0.68301064, 0.70710874, -0.18301274), (-0.0000013634562, 0.99999994, 0.0000020517036), (-0.68301064, 0.70710874, -0.18301274), (-0.6123702, 0.7071091, -0.35355273), (-0.0000013634562, 0.99999994, 0.0000020517036), (-0.0000013634562, 0.99999994, 0.0000020517036), (-0.6123702, 0.7071091, -0.35355273), (-0.000001879409, 0.99999994, 0.0000016335398), (-0.6123702, 0.7071091, -0.35355273), (-0.49999776, 0.70710915, -0.49999875), (-0.000001879409, 0.99999994, 0.0000016335398), (-0.000001879409, 0.99999994, 0.0000016335398), (-0.49999776, 0.70710915, -0.49999875), (-0.0000022668391, 0.99999994, 9.592623e-7), (-0.49999776, 0.70710915, -0.49999875), (-0.3535518, 0.707109, -0.6123708), (-0.0000022668391, 0.99999994, 9.592623e-7), (-0.0000022668391, 0.99999994, 9.592623e-7), (-0.3535518, 0.707109, -0.6123708), (-0.0000022798777, 0.99999994, 7.748604e-7), (-0.3535518, 0.707109, -0.6123708), (-0.18301174, 0.7071088, -0.6830108), (-0.0000022798777, 0.99999994, 7.748604e-7), (-0.0000022798777, 0.99999994, 7.748604e-7), (-0.18301174, 0.7071088, -0.6830108), (-0.0000024605542, 0.99999994, 1.6391277e-7), (-0.18301174, 0.7071088, -0.6830108), (6.237533e-7, 0.7071092, -0.7071043), (-0.0000024605542, 0.99999994, 1.6391277e-7), (-0.0000024605542, 0.99999994, 1.6391277e-7), (6.237533e-7, 0.7071092, -0.7071043), (-0.000002425164, 0.99999994, -5.1036477e-7), (6.237533e-7, 0.7071092, -0.7071043), (0.18301266, 0.7071088, -0.6830106), (-0.000002425164, 0.99999994, -5.1036477e-7), (-0.000002425164, 0.99999994, -5.1036477e-7), (0.18301266, 0.7071088, -0.6830106), (-0.000002012588, 0.99999994, -0.0000013001263), (0.18301266, 0.7071088, -0.6830106), (0.35355282, 0.7071089, -0.6123703), (-0.000002012588, 0.99999994, -0.0000013001263), (-0.000002012588, 0.99999994, -0.0000013001263), (0.35355282, 0.7071089, -0.6123703), (-0.0000015888363, 0.99999994, -0.0000018626451), (0.35355282, 0.7071089, -0.6123703), (0.49999875, 0.70710915, -0.49999794), (-0.0000015888363, 0.99999994, -0.0000018626451), (-0.0000015888363, 0.99999994, -0.0000018626451), (0.49999875, 0.70710915, -0.49999794), (-8.326024e-7, 0.99999994, -0.0000022873282), (0.49999875, 0.70710915, -0.49999794), (0.61237085, 0.70710886, -0.35355186), (-8.326024e-7, 0.99999994, -0.0000022873282), (-8.326024e-7, 0.99999994, -0.0000022873282), (0.61237085, 0.70710886, -0.35355186), (-9.2200935e-7, 0.99999994, -0.0000023050234), (0.61237085, 0.70710886, -0.35355186), (0.6830109, 0.70710886, -0.18301171), (-9.2200935e-7, 0.99999994, -0.0000023050234), (-9.2200935e-7, 0.99999994, -0.0000023050234), (0.6830109, 0.70710886, -0.18301171), (-1.899898e-7, 0.99999994, -0.0000024363399), (0.6830109, 0.70710886, -0.18301171), (0.70710415, 0.70710945, 6.4098276e-7), (-1.899898e-7, 0.99999994, -0.0000024363399), (-1.899898e-7, 0.99999994, -0.0000024363399), (0.70710415, 0.70710945, 6.4098276e-7), (9.23872e-7, 0.99999994, -0.000002216082), (0.70710415, 0.70710945, 6.4098276e-7), (0.68301064, 0.70710874, 0.18301274), (9.23872e-7, 0.99999994, -0.000002216082), (9.23872e-7, 0.99999994, -0.000002216082), (0.68301064, 0.70710874, 0.18301274), (0.0000013634562, 0.99999994, -0.0000020517036), (0.68301064, 0.70710874, 0.18301274), (0.6123702, 0.7071091, 0.35355273), (0.0000013634562, 0.99999994, -0.0000020517036), (0.0000013634562, 0.99999994, -0.0000020517036), (0.6123702, 0.7071091, 0.35355273), (0.000001879409, 0.99999994, -0.0000016335398), (0.6123702, 0.7071091, 0.35355273), (0.49999776, 0.70710915, 0.49999875), (0.000001879409, 0.99999994, -0.0000016335398), (0.000001879409, 0.99999994, -0.0000016335398), (0.49999776, 0.70710915, 0.49999875), (0.0000022668391, 0.99999994, -9.592623e-7), (0.49999776, 0.70710915, 0.49999875), (0.3535518, 0.707109, 0.6123708), (0.0000022668391, 0.99999994, -9.592623e-7), (0.0000022668391, 0.99999994, -9.592623e-7), (0.3535518, 0.707109, 0.6123708), (0.0000022798777, 0.99999994, -7.748604e-7), (0.3535518, 0.707109, 0.6123708), (0.18301174, 0.7071088, 0.6830108), (0.0000022798777, 0.99999994, -7.748604e-7), (0.0000022798777, 0.99999994, -7.748604e-7), (0.18301174, 0.7071088, 0.6830108), (0.0000024605542, 0.99999994, -1.6391277e-7), (0.18301174, 0.7071088, 0.6830108), (-6.237533e-7, 0.7071092, 0.7071043), (0.0000024605542, 0.99999994, -1.6391277e-7), (0.0000024605542, 0.99999994, -1.6391277e-7), (-6.237533e-7, 0.7071092, 0.7071043), (0.000002425164, 0.99999994, 5.1036477e-7), (-6.237533e-7, 0.7071092, 0.7071043), (-0.18301266, 0.7071088, 0.6830106), (0.000002425164, 0.99999994, 5.1036477e-7), (0.000002425164, 0.99999994, 5.1036477e-7), (-0.18301266, 0.7071088, 0.6830106), (0.000002012588, 0.99999994, 0.0000013001263), (-0.18301266, 0.7071088, 0.6830106), (-0.35355282, 0.7071089, 0.6123703), (0.000002012588, 0.99999994, 0.0000013001263), (0.000002012588, 0.99999994, 0.0000013001263), (-0.35355282, 0.7071089, 0.6123703), (0.0000015888363, 0.99999994, 0.0000018626451), (-0.35355282, 0.7071089, 0.6123703), (-0.49999875, 0.70710915, 0.49999794), (0.0000015888363, 0.99999994, 0.0000018626451), (0.0000015888363, 0.99999994, 0.0000018626451), (-0.49999875, 0.70710915, 0.49999794), (8.326024e-7, 0.99999994, 0.0000022873282), (-0.49999875, 0.70710915, 0.49999794), (-0.61237085, 0.70710886, 0.35355186), (8.326024e-7, 0.99999994, 0.0000022873282), (8.326024e-7, 0.99999994, 0.0000022873282), (-0.61237085, 0.70710886, 0.35355186), (9.2200935e-7, 0.99999994, 0.0000023050234), (-0.61237085, 0.70710886, 0.35355186), (-0.6830109, 0.70710886, 0.18301171), (9.2200935e-7, 0.99999994, 0.0000023050234), (9.2200935e-7, 0.99999994, 0.0000023050234), (-0.6830109, 0.70710886, 0.18301171), (0.000031920063, 1, -0.0000038966537), (-0.6830109, 0.70710886, 0.18301171), (-0.7071029, 0.70711076, 0.000031150877), (0.000031920063, 1, -0.0000038966537), (0.7071108, 0.7071027, 0.000031799078), (0.000033609904, 0.99999994, 0.0000038952567), (0.6830169, 0.7071025, 0.18301326), (0.000033609904, 0.99999994, 0.0000038952567), (-9.23872e-7, 0.99999994, 0.000002216082), (0.6830169, 0.7071025, 0.18301326), (0.6830169, 0.7071025, 0.18301326), (-9.23872e-7, 0.99999994, 0.000002216082), (0.61237633, 0.70710266, 0.35355502), (-9.23872e-7, 0.99999994, 0.000002216082), (-0.0000013634562, 0.99999994, 0.0000020517036), (0.61237633, 0.70710266, 0.35355502), (0.61237633, 0.70710266, 0.35355502), (-0.0000013634562, 0.99999994, 0.0000020517036), (0.50000364, 0.70710224, 0.50000286), (-0.0000013634562, 0.99999994, 0.0000020517036), (-0.000001879409, 0.99999994, 0.0000016335398), (0.50000364, 0.70710224, 0.50000286), (0.50000364, 0.70710224, 0.50000286), (-0.000001879409, 0.99999994, 0.0000016335398), (0.35355592, 0.70710266, 0.61237574), (-0.000001879409, 0.99999994, 0.0000016335398), (-0.0000022668391, 0.99999994, 9.592623e-7), (0.35355592, 0.70710266, 0.61237574), (0.35355592, 0.70710266, 0.61237574), (-0.0000022668391, 0.99999994, 9.592623e-7), (0.18301441, 0.7071024, 0.6830168), (-0.0000022668391, 0.99999994, 9.592623e-7), (-0.0000022798777, 0.99999994, 7.748604e-7), (0.18301441, 0.7071024, 0.6830168), (0.18301441, 0.7071024, 0.6830168), (-0.0000022798777, 0.99999994, 7.748604e-7), (5.1944517e-7, 0.7071025, 0.7071111), (-0.0000022798777, 0.99999994, 7.748604e-7), (-0.0000024605542, 0.99999994, 1.6391277e-7), (5.1944517e-7, 0.7071025, 0.7071111), (5.1944517e-7, 0.7071025, 0.7071111), (-0.0000024605542, 0.99999994, 1.6391277e-7), (-0.18301329, 0.7071025, 0.68301696), (-0.0000024605542, 0.99999994, 1.6391277e-7), (-0.000002425164, 0.99999994, -5.1036477e-7), (-0.18301329, 0.7071025, 0.68301696), (-0.18301329, 0.7071025, 0.68301696), (-0.000002425164, 0.99999994, -5.1036477e-7), (-0.3535552, 0.70710254, 0.61237633), (-0.000002425164, 0.99999994, -5.1036477e-7), (-0.000002012588, 0.99999994, -0.0000013001263), (-0.3535552, 0.70710254, 0.61237633), (-0.3535552, 0.70710254, 0.61237633), (-0.000002012588, 0.99999994, -0.0000013001263), (-0.5000026, 0.70710254, 0.50000346), (-0.000002012588, 0.99999994, -0.0000013001263), (-0.0000015888363, 0.99999994, -0.0000018626451), (-0.5000026, 0.70710254, 0.50000346), (-0.5000026, 0.70710254, 0.50000346), (-0.0000015888363, 0.99999994, -0.0000018626451), (-0.61237574, 0.70710266, 0.35355586), (-0.0000015888363, 0.99999994, -0.0000018626451), (-8.326024e-7, 0.99999994, -0.0000022873282), (-0.61237574, 0.70710266, 0.35355586), (-0.61237574, 0.70710266, 0.35355586), (-8.326024e-7, 0.99999994, -0.0000022873282), (-0.6830165, 0.70710266, 0.18301427), (-8.326024e-7, 0.99999994, -0.0000022873282), (-9.2200935e-7, 0.99999994, -0.0000023050234), (-0.6830165, 0.70710266, 0.18301427), (-0.6830165, 0.70710266, 0.18301427), (-9.2200935e-7, 0.99999994, -0.0000023050234), (-0.7071112, 0.7071024, 5.1711686e-7), (-9.2200935e-7, 0.99999994, -0.0000023050234), (-1.899898e-7, 0.99999994, -0.0000024363399), (-0.7071112, 0.7071024, 5.1711686e-7), (-0.7071112, 0.7071024, 5.1711686e-7), (-1.899898e-7, 0.99999994, -0.0000024363399), (-0.6830169, 0.7071025, -0.18301326), (-1.899898e-7, 0.99999994, -0.0000024363399), (9.23872e-7, 0.99999994, -0.000002216082), (-0.6830169, 0.7071025, -0.18301326), (-0.6830169, 0.7071025, -0.18301326), (9.23872e-7, 0.99999994, -0.000002216082), (-0.61237633, 0.70710266, -0.35355502), (9.23872e-7, 0.99999994, -0.000002216082), (0.0000013634562, 0.99999994, -0.0000020517036), (-0.61237633, 0.70710266, -0.35355502), (-0.61237633, 0.70710266, -0.35355502), (0.0000013634562, 0.99999994, -0.0000020517036), (-0.50000364, 0.70710224, -0.50000286), (0.0000013634562, 0.99999994, -0.0000020517036), (0.000001879409, 0.99999994, -0.0000016335398), (-0.50000364, 0.70710224, -0.50000286), (-0.50000364, 0.70710224, -0.50000286), (0.000001879409, 0.99999994, -0.0000016335398), (-0.35355592, 0.70710266, -0.61237574), (0.000001879409, 0.99999994, -0.0000016335398), (0.0000022668391, 0.99999994, -9.592623e-7), (-0.35355592, 0.70710266, -0.61237574), (-0.35355592, 0.70710266, -0.61237574), (0.0000022668391, 0.99999994, -9.592623e-7), (-0.18301441, 0.7071024, -0.6830168), (0.0000022668391, 0.99999994, -9.592623e-7), (0.0000022798777, 0.99999994, -7.748604e-7), (-0.18301441, 0.7071024, -0.6830168), (-0.18301441, 0.7071024, -0.6830168), (0.0000022798777, 0.99999994, -7.748604e-7), (-5.1944517e-7, 0.7071025, -0.7071111), (0.0000022798777, 0.99999994, -7.748604e-7), (0.0000024605542, 0.99999994, -1.6391277e-7), (-5.1944517e-7, 0.7071025, -0.7071111), (-5.1944517e-7, 0.7071025, -0.7071111), (0.0000024605542, 0.99999994, -1.6391277e-7), (0.18301329, 0.7071025, -0.68301696), (0.0000024605542, 0.99999994, -1.6391277e-7), (0.000002425164, 0.99999994, 5.1036477e-7), (0.18301329, 0.7071025, -0.68301696), (0.18301329, 0.7071025, -0.68301696), (0.000002425164, 0.99999994, 5.1036477e-7), (0.3535552, 0.70710254, -0.61237633), (0.000002425164, 0.99999994, 5.1036477e-7), (0.000002012588, 0.99999994, 0.0000013001263), (0.3535552, 0.70710254, -0.61237633), (0.3535552, 0.70710254, -0.61237633), (0.000002012588, 0.99999994, 0.0000013001263), (0.5000026, 0.70710254, -0.50000346), (0.000002012588, 0.99999994, 0.0000013001263), (0.0000015888363, 0.99999994, 0.0000018626451), (0.5000026, 0.70710254, -0.50000346), (0.5000026, 0.70710254, -0.50000346), (0.0000015888363, 0.99999994, 0.0000018626451), (0.61237574, 0.70710266, -0.35355586), (0.0000015888363, 0.99999994, 0.0000018626451), (8.326024e-7, 0.99999994, 0.0000022873282), (0.61237574, 0.70710266, -0.35355586), (0.61237574, 0.70710266, -0.35355586), (8.326024e-7, 0.99999994, 0.0000022873282), (0.6830165, 0.70710266, -0.18301427), (8.326024e-7, 0.99999994, 0.0000022873282), (9.2200935e-7, 0.99999994, 0.0000023050234), (0.6830165, 0.70710266, -0.18301427), (0.6830165, 0.70710266, -0.18301427), (9.2200935e-7, 0.99999994, 0.0000023050234), (0.70710933, 0.7071044, -0.000011630356), (9.2200935e-7, 0.99999994, 0.0000023050234), (0.000031920063, 1, -0.0000038966537), (0.70710933, 0.7071044, -0.000011630356), (0.99999994, 0.000033019576, 0.0000051036477), (0.7071108, 0.7071027, 0.000031799078), (0.96593076, 0.000017821789, 0.25880063), (0.7071108, 0.7071027, 0.000031799078), (0.6830169, 0.7071025, 0.18301326), (0.96593076, 0.000017821789, 0.25880063), (0.96593076, 0.000017821789, 0.25880063), (0.6830169, 0.7071025, 0.18301326), (0.866035, 0.000018268824, 0.4999833), (0.6830169, 0.7071025, 0.18301326), (0.61237633, 0.70710266, 0.35355502), (0.866035, 0.000018268824, 0.4999833), (0.866035, 0.000018268824, 0.4999833), (0.61237633, 0.70710266, 0.35355502), (0.70712036, 0.000017374754, 0.70709324), (0.61237633, 0.70710266, 0.35355502), (0.50000364, 0.70710224, 0.50000286), (0.70712036, 0.000017374754, 0.70709324), (0.70712036, 0.000017374754, 0.70709324), (0.50000364, 0.70710224, 0.50000286), (0.50001657, 0.000018209219, 0.86601573), (0.50000364, 0.70710224, 0.50000286), (0.35355592, 0.70710266, 0.61237574), (0.50001657, 0.000018209219, 0.86601573), (0.50001657, 0.000018209219, 0.86601573), (0.35355592, 0.70710266, 0.61237574), (0.25883764, 0.000018119812, 0.9659208), (0.35355592, 0.70710266, 0.61237574), (0.18301441, 0.7071024, 0.6830168), (0.25883764, 0.000018119812, 0.9659208), (0.25883764, 0.000018119812, 0.9659208), (0.18301441, 0.7071024, 0.6830168), (0.000019205734, 0.000018268824, 0.99999994), (0.18301441, 0.7071024, 0.6830168), (5.1944517e-7, 0.7071025, 0.7071111), (0.000019205734, 0.000018268824, 0.99999994), (0.000019205734, 0.000018268824, 0.99999994), (5.1944517e-7, 0.7071025, 0.7071111), (-0.2588005, 0.000018239021, 0.9659308), (5.1944517e-7, 0.7071025, 0.7071111), (-0.18301329, 0.7071025, 0.68301696), (-0.2588005, 0.000018239021, 0.9659308), (-0.2588005, 0.000018239021, 0.9659308), (-0.18301329, 0.7071025, 0.68301696), (-0.49998367, 0.00001809001, 0.8660348), (-0.18301329, 0.7071025, 0.68301696), (-0.3535552, 0.70710254, 0.61237633), (-0.49998367, 0.00001809001, 0.8660348), (-0.49998367, 0.00001809001, 0.8660348), (-0.3535552, 0.70710254, 0.61237633), (-0.7070931, 0.00001809001, 0.7071203), (-0.3535552, 0.70710254, 0.61237633), (-0.5000026, 0.70710254, 0.50000346), (-0.7070931, 0.00001809001, 0.7071203), (-0.7070931, 0.00001809001, 0.7071203), (-0.5000026, 0.70710254, 0.50000346), (-0.8660158, 0.000018328428, 0.50001657), (-0.5000026, 0.70710254, 0.50000346), (-0.61237574, 0.70710266, 0.35355586), (-0.8660158, 0.000018328428, 0.50001657), (-0.8660158, 0.000018328428, 0.50001657), (-0.61237574, 0.70710266, 0.35355586), (-0.9659208, 0.000019073486, 0.25883755), (-0.61237574, 0.70710266, 0.35355586), (-0.6830165, 0.70710266, 0.18301427), (-0.9659208, 0.000019073486, 0.25883755), (-0.9659208, 0.000019073486, 0.25883755), (-0.6830165, 0.70710266, 0.18301427), (-1, 0.000018239021, 0.00001916103), (-0.6830165, 0.70710266, 0.18301427), (-0.7071112, 0.7071024, 5.1711686e-7), (-1, 0.000018239021, 0.00001916103), (-1, 0.000018239021, 0.00001916103), (-0.7071112, 0.7071024, 5.1711686e-7), (-0.96593076, 0.000017821789, -0.25880063), (-0.7071112, 0.7071024, 5.1711686e-7), (-0.6830169, 0.7071025, -0.18301326), (-0.96593076, 0.000017821789, -0.25880063), (-0.96593076, 0.000017821789, -0.25880063), (-0.6830169, 0.7071025, -0.18301326), (-0.866035, 0.000018268824, -0.4999833), (-0.6830169, 0.7071025, -0.18301326), (-0.61237633, 0.70710266, -0.35355502), (-0.866035, 0.000018268824, -0.4999833), (-0.866035, 0.000018268824, -0.4999833), (-0.61237633, 0.70710266, -0.35355502), (-0.70712036, 0.000017374754, -0.70709324), (-0.61237633, 0.70710266, -0.35355502), (-0.50000364, 0.70710224, -0.50000286), (-0.70712036, 0.000017374754, -0.70709324), (-0.70712036, 0.000017374754, -0.70709324), (-0.50000364, 0.70710224, -0.50000286), (-0.50001657, 0.000018209219, -0.86601573), (-0.50000364, 0.70710224, -0.50000286), (-0.35355592, 0.70710266, -0.61237574), (-0.50001657, 0.000018209219, -0.86601573), (-0.50001657, 0.000018209219, -0.86601573), (-0.35355592, 0.70710266, -0.61237574), (-0.25883764, 0.000018119812, -0.9659208), (-0.35355592, 0.70710266, -0.61237574), (-0.18301441, 0.7071024, -0.6830168), (-0.25883764, 0.000018119812, -0.9659208), (-0.25883764, 0.000018119812, -0.9659208), (-0.18301441, 0.7071024, -0.6830168), (-0.000019205734, 0.000018268824, -0.99999994), (-0.18301441, 0.7071024, -0.6830168), (-5.1944517e-7, 0.7071025, -0.7071111), (-0.000019205734, 0.000018268824, -0.99999994), (-0.000019205734, 0.000018268824, -0.99999994), (-5.1944517e-7, 0.7071025, -0.7071111), (0.2588005, 0.000018239021, -0.9659308), (-5.1944517e-7, 0.7071025, -0.7071111), (0.18301329, 0.7071025, -0.68301696), (0.2588005, 0.000018239021, -0.9659308), (0.2588005, 0.000018239021, -0.9659308), (0.18301329, 0.7071025, -0.68301696), (0.49998367, 0.00001809001, -0.8660348), (0.18301329, 0.7071025, -0.68301696), (0.3535552, 0.70710254, -0.61237633), (0.49998367, 0.00001809001, -0.8660348), (0.49998367, 0.00001809001, -0.8660348), (0.3535552, 0.70710254, -0.61237633), (0.7070931, 0.00001809001, -0.7071203), (0.3535552, 0.70710254, -0.61237633), (0.5000026, 0.70710254, -0.50000346), (0.7070931, 0.00001809001, -0.7071203), (0.7070931, 0.00001809001, -0.7071203), (0.5000026, 0.70710254, -0.50000346), (0.8660158, 0.000018328428, -0.50001657), (0.5000026, 0.70710254, -0.50000346), (0.61237574, 0.70710266, -0.35355586), (0.8660158, 0.000018328428, -0.50001657), (0.8660158, 0.000018328428, -0.50001657), (0.61237574, 0.70710266, -0.35355586), (0.9659208, 0.000019073486, -0.25883755), (0.61237574, 0.70710266, -0.35355586), (0.6830165, 0.70710266, -0.18301427), (0.9659208, 0.000019073486, -0.25883755), (0.9659208, 0.000019073486, -0.25883755), (0.6830165, 0.70710266, -0.18301427), (1, 0.000027507544, -0.000020088628), (0.6830165, 0.70710266, -0.18301427), (0.70710933, 0.7071044, -0.000011630356), (1, 0.000027507544, -0.000020088628)] (
                    interpolation = "faceVarying"
                )
                point3f[] points = [(0.335, -0, 0), (0.32358515, -0, 0.08670438), (0.29011852, -0, 0.1675), (0.23688076, -0, 0.23688076), (0.1675, -0, 0.29011852), (0.08670438, -0, 0.32358515), (2.0512833e-17, -0, 0.335), (-0.08670438, -0, 0.32358515), (-0.1675, -0, 0.29011852), (-0.23688076, -0, 0.23688076), (-0.29011852, -0, 0.1675), (-0.32358515, -0, 0.08670438), (-0.335, -0, 4.1025667e-17), (-0.32358515, -0, -0.08670438), (-0.29011852, -0, -0.1675), (-0.23688076, -0, -0.23688076), (-0.1675, -0, -0.29011852), (-0.08670438, -0, -0.32358515), (-6.15385e-17, -0, -0.335), (0.08670438, -0, -0.32358515), (0.1675, -0, -0.29011852), (0.23688076, -0, -0.23688076), (0.29011852, -0, -0.1675), (0.32358515, -0, -0.08670438), (0.335, -0, -8.2051334e-17), (0.32474872, -0.024748737, 0), (0.31368318, -0.024748737, 0.084051155), (0.28124064, -0.024748737, 0.16237436), (0.22963203, -0.024748737, 0.22963203), (0.16237436, -0.024748737, 0.28124064), (0.084051155, -0.024748737, 0.31368318), (1.9885126e-17, -0.024748737, 0.32474872), (-0.084051155, -0.024748737, 0.31368318), (-0.16237436, -0.024748737, 0.28124064), (-0.22963203, -0.024748737, 0.22963203), (-0.28124064, -0.024748737, 0.16237436), (-0.31368318, -0.024748737, 0.084051155), (-0.32474872, -0.024748737, 3.977025e-17), (-0.31368318, -0.024748737, -0.084051155), (-0.28124064, -0.024748737, -0.16237436), (-0.22963203, -0.024748737, -0.22963203), (-0.16237436, -0.024748737, -0.28124064), (-0.084051155, -0.024748737, -0.31368318), (-5.965537e-17, -0.024748737, -0.32474872), (0.084051155, -0.024748737, -0.31368318), (0.16237436, -0.024748737, -0.28124064), (0.22963203, -0.024748737, -0.22963203), (0.28124064, -0.024748737, -0.16237436), (0.31368318, -0.024748737, -0.084051155), (0.32474872, -0.024748737, -7.95405e-17), (0.3, -0.035, 0), (0.28977776, -0.035, 0.07764571), (0.25980762, -0.035, 0.15), (0.21213204, -0.035, 0.21213204), (0.15, -0.035, 0.25980762), (0.07764571, -0.035, 0.28977776), (1.8369703e-17, -0.035, 0.3), (-0.07764571, -0.035, 0.28977776), (-0.15, -0.035, 0.25980762), (-0.21213204, -0.035, 0.21213204), (-0.25980762, -0.035, 0.15), (-0.28977776, -0.035, 0.07764571), (-0.3, -0.035, 3.6739406e-17), (-0.28977776, -0.035, -0.07764571), (-0.25980762, -0.035, -0.15), (-0.21213204, -0.035, -0.21213204), (-0.15, -0.035, -0.25980762), (-0.07764571, -0.035, -0.28977776), (-5.5109105e-17, -0.035, -0.3), (0.07764571, -0.035, -0.28977776), (0.15, -0.035, -0.25980762), (0.21213204, -0.035, -0.21213204), (0.25980762, -0.035, -0.15), (0.28977776, -0.035, -0.07764571), (0.3, -0.035, -7.347881e-17), (0.27525127, -0.024748737, 0), (0.2658723, -0.024748737, 0.07124027), (0.23837459, -0.024748737, 0.13762563), (0.19463204, -0.024748737, 0.19463204), (0.13762563, -0.024748737, 0.23837459), (0.07124027, -0.024748737, 0.2658723), (1.6854278e-17, -0.024748737, 0.27525127), (-0.07124027, -0.024748737, 0.2658723), (-0.13762563, -0.024748737, 0.23837459), (-0.19463204, -0.024748737, 0.19463204), (-0.23837459, -0.024748737, 0.13762563), (-0.2658723, -0.024748737, 0.07124027), (-0.27525127, -0.024748737, 3.3708556e-17), (-0.2658723, -0.024748737, -0.07124027), (-0.23837459, -0.024748737, -0.13762563), (-0.19463204, -0.024748737, -0.19463204), (-0.13762563, -0.024748737, -0.23837459), (-0.07124027, -0.024748737, -0.2658723), (-5.0562838e-17, -0.024748737, -0.27525127), (0.07124027, -0.024748737, -0.2658723), (0.13762563, -0.024748737, -0.23837459), (0.19463204, -0.024748737, -0.19463204), (0.23837459, -0.024748737, -0.13762563), (0.2658723, -0.024748737, -0.07124027), (0.27525127, -0.024748737, -6.741711e-17), (0.265, -4.286264e-18, 0), (0.25597036, -4.286264e-18, 0.06858705), (0.22949673, -4.286264e-18, 0.1325), (0.1873833, -4.286264e-18, 0.1873833), (0.1325, -4.286264e-18, 0.22949673), (0.06858705, -4.286264e-18, 0.25597036), (1.622657e-17, -4.286264e-18, 0.265), (-0.06858705, -4.286264e-18, 0.25597036), (-0.1325, -4.286264e-18, 0.22949673), (-0.1873833, -4.286264e-18, 0.1873833), (-0.22949673, -4.286264e-18, 0.1325), (-0.25597036, -4.286264e-18, 0.06858705), (-0.265, -4.286264e-18, 3.245314e-17), (-0.25597036, -4.286264e-18, -0.06858705), (-0.22949673, -4.286264e-18, -0.1325), (-0.1873833, -4.286264e-18, -0.1873833), (-0.1325, -4.286264e-18, -0.22949673), (-0.06858705, -4.286264e-18, -0.25597036), (-4.867971e-17, -4.286264e-18, -0.265), (0.06858705, -4.286264e-18, -0.25597036), (0.1325, -4.286264e-18, -0.22949673), (0.1873833, -4.286264e-18, -0.1873833), (0.22949673, -4.286264e-18, -0.1325), (0.25597036, -4.286264e-18, -0.06858705), (0.265, -4.286264e-18, -6.490628e-17), (0.27525127, 0.024748737, 0), (0.2658723, 0.024748737, 0.07124027), (0.23837459, 0.024748737, 0.13762563), (0.19463204, 0.024748737, 0.19463204), (0.13762563, 0.024748737, 0.23837459), (0.07124027, 0.024748737, 0.2658723), (1.6854278e-17, 0.024748737, 0.27525127), (-0.07124027, 0.024748737, 0.2658723), (-0.13762563, 0.024748737, 0.23837459), (-0.19463204, 0.024748737, 0.19463204), (-0.23837459, 0.024748737, 0.13762563), (-0.2658723, 0.024748737, 0.07124027), (-0.27525127, 0.024748737, 3.3708556e-17), (-0.2658723, 0.024748737, -0.07124027), (-0.23837459, 0.024748737, -0.13762563), (-0.19463204, 0.024748737, -0.19463204), (-0.13762563, 0.024748737, -0.23837459), (-0.07124027, 0.024748737, -0.2658723), (-5.0562838e-17, 0.024748737, -0.27525127), (0.07124027, 0.024748737, -0.2658723), (0.13762563, 0.024748737, -0.23837459), (0.19463204, 0.024748737, -0.19463204), (0.23837459, 0.024748737, -0.13762563), (0.2658723, 0.024748737, -0.07124027), (0.27525127, 0.024748737, -6.741711e-17), (0.3, 0.035, 0), (0.28977776, 0.035, 0.07764571), (0.25980762, 0.035, 0.15), (0.21213204, 0.035, 0.21213204), (0.15, 0.035, 0.25980762), (0.07764571, 0.035, 0.28977776), (1.8369703e-17, 0.035, 0.3), (-0.07764571, 0.035, 0.28977776), (-0.15, 0.035, 0.25980762), (-0.21213204, 0.035, 0.21213204), (-0.25980762, 0.035, 0.15), (-0.28977776, 0.035, 0.07764571), (-0.3, 0.035, 3.6739406e-17), (-0.28977776, 0.035, -0.07764571), (-0.25980762, 0.035, -0.15), (-0.21213204, 0.035, -0.21213204), (-0.15, 0.035, -0.25980762), (-0.07764571, 0.035, -0.28977776), (-5.5109105e-17, 0.035, -0.3), (0.07764571, 0.035, -0.28977776), (0.15, 0.035, -0.25980762), (0.21213204, 0.035, -0.21213204), (0.25980762, 0.035, -0.15), (0.28977776, 0.035, -0.07764571), (0.3, 0.035, -7.347881e-17), (0.32474872, 0.024748737, 0), (0.31368318, 0.024748737, 0.084051155), (0.28124064, 0.024748737, 0.16237436), (0.22963203, 0.024748737, 0.22963203), (0.16237436, 0.024748737, 0.28124064), (0.084051155, 0.024748737, 0.31368318), (1.9885126e-17, 0.024748737, 0.32474872), (-0.084051155, 0.024748737, 0.31368318), (-0.16237436, 0.024748737, 0.28124064), (-0.22963203, 0.024748737, 0.22963203), (-0.28124064, 0.024748737, 0.16237436), (-0.31368318, 0.024748737, 0.084051155), (-0.32474872, 0.024748737, 3.977025e-17), (-0.31368318, 0.024748737, -0.084051155), (-0.28124064, 0.024748737, -0.16237436), (-0.22963203, 0.024748737, -0.22963203), (-0.16237436, 0.024748737, -0.28124064), (-0.084051155, 0.024748737, -0.31368318), (-5.965537e-17, 0.024748737, -0.32474872), (0.084051155, 0.024748737, -0.31368318), (0.16237436, 0.024748737, -0.28124064), (0.22963203, 0.024748737, -0.22963203), (0.28124064, 0.024748737, -0.16237436), (0.31368318, 0.024748737, -0.084051155), (0.32474872, 0.024748737, -7.95405e-17), (0.335, 8.572528e-18, 0), (0.32358515, 8.572528e-18, 0.08670438), (0.29011852, 8.572528e-18, 0.1675), (0.23688076, 8.572528e-18, 0.23688076), (0.1675, 8.572528e-18, 0.29011852), (0.08670438, 8.572528e-18, 0.32358515), (2.0512833e-17, 8.572528e-18, 0.335), (-0.08670438, 8.572528e-18, 0.32358515), (-0.1675, 8.572528e-18, 0.29011852), (-0.23688076, 8.572528e-18, 0.23688076), (-0.29011852, 8.572528e-18, 0.1675), (-0.32358515, 8.572528e-18, 0.08670438), (-0.335, 8.572528e-18, 4.1025667e-17), (-0.32358515, 8.572528e-18, -0.08670438), (-0.29011852, 8.572528e-18, -0.1675), (-0.23688076, 8.572528e-18, -0.23688076), (-0.1675, 8.572528e-18, -0.29011852), (-0.08670438, 8.572528e-18, -0.32358515), (-6.15385e-17, 8.572528e-18, -0.335), (0.08670438, 8.572528e-18, -0.32358515), (0.1675, 8.572528e-18, -0.29011852), (0.23688076, 8.572528e-18, -0.23688076), (0.29011852, 8.572528e-18, -0.1675), (0.32358515, 8.572528e-18, -0.08670438), (0.335, 8.572528e-18, -8.2051334e-17)]
                texCoord2f[] primvars:st = [(0, 0.875), (0, 1), (0.041666668, 0.875), (0, 1), (0.041666668, 1), (0.041666668, 0.875), (0.041666668, 0.875), (0.041666668, 1), (0.083333336, 0.875), (0.041666668, 1), (0.083333336, 1), (0.083333336, 0.875), (0.083333336, 0.875), (0.083333336, 1), (0.125, 0.875), (0.083333336, 1), (0.125, 1), (0.125, 0.875), (0.125, 0.875), (0.125, 1), (0.16666667, 0.875), (0.125, 1), (0.16666667, 1), (0.16666667, 0.875), (0.16666667, 0.875), (0.16666667, 1), (0.20833333, 0.875), (0.16666667, 1), (0.20833333, 1), (0.20833333, 0.875), (0.20833333, 0.875), (0.20833333, 1), (0.25, 0.875), (0.20833333, 1), (0.25, 1), (0.25, 0.875), (0.25, 0.875), (0.25, 1), (0.29166666, 0.875), (0.25, 1), (0.29166666, 1), (0.29166666, 0.875), (0.29166666, 0.875), (0.29166666, 1), (0.33333334, 0.875), (0.29166666, 1), (0.33333334, 1), (0.33333334, 0.875), (0.33333334, 0.875), (0.33333334, 1), (0.375, 0.875), (0.33333334, 1), (0.375, 1), (0.375, 0.875), (0.375, 0.875), (0.375, 1), (0.41666666, 0.875), (0.375, 1), (0.41666666, 1), (0.41666666, 0.875), (0.41666666, 0.875), (0.41666666, 1), (0.45833334, 0.875), (0.41666666, 1), (0.45833334, 1), (0.45833334, 0.875), (0.45833334, 0.875), (0.45833334, 1), (0.5, 0.875), (0.45833334, 1), (0.5, 1), (0.5, 0.875), (0.5, 0.875), (0.5, 1), (0.5416667, 0.875), (0.5, 1), (0.5416667, 1), (0.5416667, 0.875), (0.5416667, 0.875), (0.5416667, 1), (0.5833333, 0.875), (0.5416667, 1), (0.5833333, 1), (0.5833333, 0.875), (0.5833333, 0.875), (0.5833333, 1), (0.625, 0.875), (0.5833333, 1), (0.625, 1), (0.625, 0.875), (0.625, 0.875), (0.625, 1), (0.6666667, 0.875), (0.625, 1), (0.6666667, 1), (0.6666667, 0.875), (0.6666667, 0.875), (0.6666667, 1), (0.7083333, 0.875), (0.6666667, 1), (0.7083333, 1), (0.7083333, 0.875), (0.7083333, 0.875), (0.7083333, 1), (0.75, 0.875), (0.7083333, 1), (0.75, 1), (0.75, 0.875), (0.75, 0.875), (0.75, 1), (0.7916667, 0.875), (0.75, 1), (0.7916667, 1), (0.7916667, 0.875), (0.7916667, 0.875), (0.7916667, 1), (0.8333333, 0.875), (0.7916667, 1), (0.8333333, 1), (0.8333333, 0.875), (0.8333333, 0.875), (0.8333333, 1), (0.875, 0.875), (0.8333333, 1), (0.875, 1), (0.875, 0.875), (0.875, 0.875), (0.875, 1), (0.9166667, 0.875), (0.875, 1), (0.9166667, 1), (0.9166667, 0.875), (0.9166667, 0.875), (0.9166667, 1), (0.9583333, 0.875), (0.9166667, 1), (0.9583333, 1), (0.9583333, 0.875), (0.9583333, 0.875), (0.9583333, 1), (1, 0.875), (0.9583333, 1), (1, 1), (1, 0.875), (0, 0.75), (0, 0.875), (0.041666668, 0.75), (0, 0.875), (0.041666668, 0.875), (0.041666668, 0.75), (0.041666668, 0.75), (0.041666668, 0.875), (0.083333336, 0.75), (0.041666668, 0.875), (0.083333336, 0.875), (0.083333336, 0.75), (0.083333336, 0.75), (0.083333336, 0.875), (0.125, 0.75), (0.083333336, 0.875), (0.125, 0.875), (0.125, 0.75), (0.125, 0.75), (0.125, 0.875), (0.16666667, 0.75), (0.125, 0.875), (0.16666667, 0.875), (0.16666667, 0.75), (0.16666667, 0.75), (0.16666667, 0.875), (0.20833333, 0.75), (0.16666667, 0.875), (0.20833333, 0.875), (0.20833333, 0.75), (0.20833333, 0.75), (0.20833333, 0.875), (0.25, 0.75), (0.20833333, 0.875), (0.25, 0.875), (0.25, 0.75), (0.25, 0.75), (0.25, 0.875), (0.29166666, 0.75), (0.25, 0.875), (0.29166666, 0.875), (0.29166666, 0.75), (0.29166666, 0.75), (0.29166666, 0.875), (0.33333334, 0.75), (0.29166666, 0.875), (0.33333334, 0.875), (0.33333334, 0.75), (0.33333334, 0.75), (0.33333334, 0.875), (0.375, 0.75), (0.33333334, 0.875), (0.375, 0.875), (0.375, 0.75), (0.375, 0.75), (0.375, 0.875), (0.41666666, 0.75), (0.375, 0.875), (0.41666666, 0.875), (0.41666666, 0.75), (0.41666666, 0.75), (0.41666666, 0.875), (0.45833334, 0.75), (0.41666666, 0.875), (0.45833334, 0.875), (0.45833334, 0.75), (0.45833334, 0.75), (0.45833334, 0.875), (0.5, 0.75), (0.45833334, 0.875), (0.5, 0.875), (0.5, 0.75), (0.5, 0.75), (0.5, 0.875), (0.5416667, 0.75), (0.5, 0.875), (0.5416667, 0.875), (0.5416667, 0.75), (0.5416667, 0.75), (0.5416667, 0.875), (0.5833333, 0.75), (0.5416667, 0.875), (0.5833333, 0.875), (0.5833333, 0.75), (0.5833333, 0.75), (0.5833333, 0.875), (0.625, 0.75), (0.5833333, 0.875), (0.625, 0.875), (0.625, 0.75), (0.625, 0.75), (0.625, 0.875), (0.6666667, 0.75), (0.625, 0.875), (0.6666667, 0.875), (0.6666667, 0.75), (0.6666667, 0.75), (0.6666667, 0.875), (0.7083333, 0.75), (0.6666667, 0.875), (0.7083333, 0.875), (0.7083333, 0.75), (0.7083333, 0.75), (0.7083333, 0.875), (0.75, 0.75), (0.7083333, 0.875), (0.75, 0.875), (0.75, 0.75), (0.75, 0.75), (0.75, 0.875), (0.7916667, 0.75), (0.75, 0.875), (0.7916667, 0.875), (0.7916667, 0.75), (0.7916667, 0.75), (0.7916667, 0.875), (0.8333333, 0.75), (0.7916667, 0.875), (0.8333333, 0.875), (0.8333333, 0.75), (0.8333333, 0.75), (0.8333333, 0.875), (0.875, 0.75), (0.8333333, 0.875), (0.875, 0.875), (0.875, 0.75), (0.875, 0.75), (0.875, 0.875), (0.9166667, 0.75), (0.875, 0.875), (0.9166667, 0.875), (0.9166667, 0.75), (0.9166667, 0.75), (0.9166667, 0.875), (0.9583333, 0.75), (0.9166667, 0.875), (0.9583333, 0.875), (0.9583333, 0.75), (0.9583333, 0.75), (0.9583333, 0.875), (1, 0.75), (0.9583333, 0.875), (1, 0.875), (1, 0.75), (0, 0.625), (0, 0.75), (0.041666668, 0.625), (0, 0.75), (0.041666668, 0.75), (0.041666668, 0.625), (0.041666668, 0.625), (0.041666668, 0.75), (0.083333336, 0.625), (0.041666668, 0.75), (0.083333336, 0.75), (0.083333336, 0.625), (0.083333336, 0.625), (0.083333336, 0.75), (0.125, 0.625), (0.083333336, 0.75), (0.125, 0.75), (0.125, 0.625), (0.125, 0.625), (0.125, 0.75), (0.16666667, 0.625), (0.125, 0.75), (0.16666667, 0.75), (0.16666667, 0.625), (0.16666667, 0.625), (0.16666667, 0.75), (0.20833333, 0.625), (0.16666667, 0.75), (0.20833333, 0.75), (0.20833333, 0.625), (0.20833333, 0.625), (0.20833333, 0.75), (0.25, 0.625), (0.20833333, 0.75), (0.25, 0.75), (0.25, 0.625), (0.25, 0.625), (0.25, 0.75), (0.29166666, 0.625), (0.25, 0.75), (0.29166666, 0.75), (0.29166666, 0.625), (0.29166666, 0.625), (0.29166666, 0.75), (0.33333334, 0.625), (0.29166666, 0.75), (0.33333334, 0.75), (0.33333334, 0.625), (0.33333334, 0.625), (0.33333334, 0.75), (0.375, 0.625), (0.33333334, 0.75), (0.375, 0.75), (0.375, 0.625), (0.375, 0.625), (0.375, 0.75), (0.41666666, 0.625), (0.375, 0.75), (0.41666666, 0.75), (0.41666666, 0.625), (0.41666666, 0.625), (0.41666666, 0.75), (0.45833334, 0.625), (0.41666666, 0.75), (0.45833334, 0.75), (0.45833334, 0.625), (0.45833334, 0.625), (0.45833334, 0.75), (0.5, 0.625), (0.45833334, 0.75), (0.5, 0.75), (0.5, 0.625), (0.5, 0.625), (0.5, 0.75), (0.5416667, 0.625), (0.5, 0.75), (0.5416667, 0.75), (0.5416667, 0.625), (0.5416667, 0.625), (0.5416667, 0.75), (0.5833333, 0.625), (0.5416667, 0.75), (0.5833333, 0.75), (0.5833333, 0.625), (0.5833333, 0.625), (0.5833333, 0.75), (0.625, 0.625), (0.5833333, 0.75), (0.625, 0.75), (0.625, 0.625), (0.625, 0.625), (0.625, 0.75), (0.6666667, 0.625), (0.625, 0.75), (0.6666667, 0.75), (0.6666667, 0.625), (0.6666667, 0.625), (0.6666667, 0.75), (0.7083333, 0.625), (0.6666667, 0.75), (0.7083333, 0.75), (0.7083333, 0.625), (0.7083333, 0.625), (0.7083333, 0.75), (0.75, 0.625), (0.7083333, 0.75), (0.75, 0.75), (0.75, 0.625), (0.75, 0.625), (0.75, 0.75), (0.7916667, 0.625), (0.75, 0.75), (0.7916667, 0.75), (0.7916667, 0.625), (0.7916667, 0.625), (0.7916667, 0.75), (0.8333333, 0.625), (0.7916667, 0.75), (0.8333333, 0.75), (0.8333333, 0.625), (0.8333333, 0.625), (0.8333333, 0.75), (0.875, 0.625), (0.8333333, 0.75), (0.875, 0.75), (0.875, 0.625), (0.875, 0.625), (0.875, 0.75), (0.9166667, 0.625), (0.875, 0.75), (0.9166667, 0.75), (0.9166667, 0.625), (0.9166667, 0.625), (0.9166667, 0.75), (0.9583333, 0.625), (0.9166667, 0.75), (0.9583333, 0.75), (0.9583333, 0.625), (0.9583333, 0.625), (0.9583333, 0.75), (1, 0.625), (0.9583333, 0.75), (1, 0.75), (1, 0.625), (0, 0.5), (0, 0.625), (0.041666668, 0.5), (0, 0.625), (0.041666668, 0.625), (0.041666668, 0.5), (0.041666668, 0.5), (0.041666668, 0.625), (0.083333336, 0.5), (0.041666668, 0.625), (0.083333336, 0.625), (0.083333336, 0.5), (0.083333336, 0.5), (0.083333336, 0.625), (0.125, 0.5), (0.083333336, 0.625), (0.125, 0.625), (0.125, 0.5), (0.125, 0.5), (0.125, 0.625), (0.16666667, 0.5), (0.125, 0.625), (0.16666667, 0.625), (0.16666667, 0.5), (0.16666667, 0.5), (0.16666667, 0.625), (0.20833333, 0.5), (0.16666667, 0.625), (0.20833333, 0.625), (0.20833333, 0.5), (0.20833333, 0.5), (0.20833333, 0.625), (0.25, 0.5), (0.20833333, 0.625), (0.25, 0.625), (0.25, 0.5), (0.25, 0.5), (0.25, 0.625), (0.29166666, 0.5), (0.25, 0.625), (0.29166666, 0.625), (0.29166666, 0.5), (0.29166666, 0.5), (0.29166666, 0.625), (0.33333334, 0.5), (0.29166666, 0.625), (0.33333334, 0.625), (0.33333334, 0.5), (0.33333334, 0.5), (0.33333334, 0.625), (0.375, 0.5), (0.33333334, 0.625), (0.375, 0.625), (0.375, 0.5), (0.375, 0.5), (0.375, 0.625), (0.41666666, 0.5), (0.375, 0.625), (0.41666666, 0.625), (0.41666666, 0.5), (0.41666666, 0.5), (0.41666666, 0.625), (0.45833334, 0.5), (0.41666666, 0.625), (0.45833334, 0.625), (0.45833334, 0.5), (0.45833334, 0.5), (0.45833334, 0.625), (0.5, 0.5), (0.45833334, 0.625), (0.5, 0.625), (0.5, 0.5), (0.5, 0.5), (0.5, 0.625), (0.5416667, 0.5), (0.5, 0.625), (0.5416667, 0.625), (0.5416667, 0.5), (0.5416667, 0.5), (0.5416667, 0.625), (0.5833333, 0.5), (0.5416667, 0.625), (0.5833333, 0.625), (0.5833333, 0.5), (0.5833333, 0.5), (0.5833333, 0.625), (0.625, 0.5), (0.5833333, 0.625), (0.625, 0.625), (0.625, 0.5), (0.625, 0.5), (0.625, 0.625), (0.6666667, 0.5), (0.625, 0.625), (0.6666667, 0.625), (0.6666667, 0.5), (0.6666667, 0.5), (0.6666667, 0.625), (0.7083333, 0.5), (0.6666667, 0.625), (0.7083333, 0.625), (0.7083333, 0.5), (0.7083333, 0.5), (0.7083333, 0.625), (0.75, 0.5), (0.7083333, 0.625), (0.75, 0.625), (0.75, 0.5), (0.75, 0.5), (0.75, 0.625), (0.7916667, 0.5), (0.75, 0.625), (0.7916667, 0.625), (0.7916667, 0.5), (0.7916667, 0.5), (0.7916667, 0.625), (0.8333333, 0.5), (0.7916667, 0.625), (0.8333333, 0.625), (0.8333333, 0.5), (0.8333333, 0.5), (0.8333333, 0.625), (0.875, 0.5), (0.8333333, 0.625), (0.875, 0.625), (0.875, 0.5), (0.875, 0.5), (0.875, 0.625), (0.9166667, 0.5), (0.875, 0.625), (0.9166667, 0.625), (0.9166667, 0.5), (0.9166667, 0.5), (0.9166667, 0.625), (0.9583333, 0.5), (0.9166667, 0.625), (0.9583333, 0.625), (0.9583333, 0.5), (0.9583333, 0.5), (0.9583333, 0.625), (1, 0.5), (0.9583333, 0.625), (1, 0.625), (1, 0.5), (0, 0.375), (0, 0.5), (0.041666668, 0.375), (0, 0.5), (0.041666668, 0.5), (0.041666668, 0.375), (0.041666668, 0.375), (0.041666668, 0.5), (0.083333336, 0.375), (0.041666668, 0.5), (0.083333336, 0.5), (0.083333336, 0.375), (0.083333336, 0.375), (0.083333336, 0.5), (0.125, 0.375), (0.083333336, 0.5), (0.125, 0.5), (0.125, 0.375), (0.125, 0.375), (0.125, 0.5), (0.16666667, 0.375), (0.125, 0.5), (0.16666667, 0.5), (0.16666667, 0.375), (0.16666667, 0.375), (0.16666667, 0.5), (0.20833333, 0.375), (0.16666667, 0.5), (0.20833333, 0.5), (0.20833333, 0.375), (0.20833333, 0.375), (0.20833333, 0.5), (0.25, 0.375), (0.20833333, 0.5), (0.25, 0.5), (0.25, 0.375), (0.25, 0.375), (0.25, 0.5), (0.29166666, 0.375), (0.25, 0.5), (0.29166666, 0.5), (0.29166666, 0.375), (0.29166666, 0.375), (0.29166666, 0.5), (0.33333334, 0.375), (0.29166666, 0.5), (0.33333334, 0.5), (0.33333334, 0.375), (0.33333334, 0.375), (0.33333334, 0.5), (0.375, 0.375), (0.33333334, 0.5), (0.375, 0.5), (0.375, 0.375), (0.375, 0.375), (0.375, 0.5), (0.41666666, 0.375), (0.375, 0.5), (0.41666666, 0.5), (0.41666666, 0.375), (0.41666666, 0.375), (0.41666666, 0.5), (0.45833334, 0.375), (0.41666666, 0.5), (0.45833334, 0.5), (0.45833334, 0.375), (0.45833334, 0.375), (0.45833334, 0.5), (0.5, 0.375), (0.45833334, 0.5), (0.5, 0.5), (0.5, 0.375), (0.5, 0.375), (0.5, 0.5), (0.5416667, 0.375), (0.5, 0.5), (0.5416667, 0.5), (0.5416667, 0.375), (0.5416667, 0.375), (0.5416667, 0.5), (0.5833333, 0.375), (0.5416667, 0.5), (0.5833333, 0.5), (0.5833333, 0.375), (0.5833333, 0.375), (0.5833333, 0.5), (0.625, 0.375), (0.5833333, 0.5), (0.625, 0.5), (0.625, 0.375), (0.625, 0.375), (0.625, 0.5), (0.6666667, 0.375), (0.625, 0.5), (0.6666667, 0.5), (0.6666667, 0.375), (0.6666667, 0.375), (0.6666667, 0.5), (0.7083333, 0.375), (0.6666667, 0.5), (0.7083333, 0.5), (0.7083333, 0.375), (0.7083333, 0.375), (0.7083333, 0.5), (0.75, 0.375), (0.7083333, 0.5), (0.75, 0.5), (0.75, 0.375), (0.75, 0.375), (0.75, 0.5), (0.7916667, 0.375), (0.75, 0.5), (0.7916667, 0.5), (0.7916667, 0.375), (0.7916667, 0.375), (0.7916667, 0.5), (0.8333333, 0.375), (0.7916667, 0.5), (0.8333333, 0.5), (0.8333333, 0.375), (0.8333333, 0.375), (0.8333333, 0.5), (0.875, 0.375), (0.8333333, 0.5), (0.875, 0.5), (0.875, 0.375), (0.875, 0.375), (0.875, 0.5), (0.9166667, 0.375), (0.875, 0.5), (0.9166667, 0.5), (0.9166667, 0.375), (0.9166667, 0.375), (0.9166667, 0.5), (0.9583333, 0.375), (0.9166667, 0.5), (0.9583333, 0.5), (0.9583333, 0.375), (0.9583333, 0.375), (0.9583333, 0.5), (1, 0.375), (0.9583333, 0.5), (1, 0.5), (1, 0.375), (0, 0.25), (0, 0.375), (0.041666668, 0.25), (0, 0.375), (0.041666668, 0.375), (0.041666668, 0.25), (0.041666668, 0.25), (0.041666668, 0.375), (0.083333336, 0.25), (0.041666668, 0.375), (0.083333336, 0.375), (0.083333336, 0.25), (0.083333336, 0.25), (0.083333336, 0.375), (0.125, 0.25), (0.083333336, 0.375), (0.125, 0.375), (0.125, 0.25), (0.125, 0.25), (0.125, 0.375), (0.16666667, 0.25), (0.125, 0.375), (0.16666667, 0.375), (0.16666667, 0.25), (0.16666667, 0.25), (0.16666667, 0.375), (0.20833333, 0.25), (0.16666667, 0.375), (0.20833333, 0.375), (0.20833333, 0.25), (0.20833333, 0.25), (0.20833333, 0.375), (0.25, 0.25), (0.20833333, 0.375), (0.25, 0.375), (0.25, 0.25), (0.25, 0.25), (0.25, 0.375), (0.29166666, 0.25), (0.25, 0.375), (0.29166666, 0.375), (0.29166666, 0.25), (0.29166666, 0.25), (0.29166666, 0.375), (0.33333334, 0.25), (0.29166666, 0.375), (0.33333334, 0.375), (0.33333334, 0.25), (0.33333334, 0.25), (0.33333334, 0.375), (0.375, 0.25), (0.33333334, 0.375), (0.375, 0.375), (0.375, 0.25), (0.375, 0.25), (0.375, 0.375), (0.41666666, 0.25), (0.375, 0.375), (0.41666666, 0.375), (0.41666666, 0.25), (0.41666666, 0.25), (0.41666666, 0.375), (0.45833334, 0.25), (0.41666666, 0.375), (0.45833334, 0.375), (0.45833334, 0.25), (0.45833334, 0.25), (0.45833334, 0.375), (0.5, 0.25), (0.45833334, 0.375), (0.5, 0.375), (0.5, 0.25), (0.5, 0.25), (0.5, 0.375), (0.5416667, 0.25), (0.5, 0.375), (0.5416667, 0.375), (0.5416667, 0.25), (0.5416667, 0.25), (0.5416667, 0.375), (0.5833333, 0.25), (0.5416667, 0.375), (0.5833333, 0.375), (0.5833333, 0.25), (0.5833333, 0.25), (0.5833333, 0.375), (0.625, 0.25), (0.5833333, 0.375), (0.625, 0.375), (0.625, 0.25), (0.625, 0.25), (0.625, 0.375), (0.6666667, 0.25), (0.625, 0.375), (0.6666667, 0.375), (0.6666667, 0.25), (0.6666667, 0.25), (0.6666667, 0.375), (0.7083333, 0.25), (0.6666667, 0.375), (0.7083333, 0.375), (0.7083333, 0.25), (0.7083333, 0.25), (0.7083333, 0.375), (0.75, 0.25), (0.7083333, 0.375), (0.75, 0.375), (0.75, 0.25), (0.75, 0.25), (0.75, 0.375), (0.7916667, 0.25), (0.75, 0.375), (0.7916667, 0.375), (0.7916667, 0.25), (0.7916667, 0.25), (0.7916667, 0.375), (0.8333333, 0.25), (0.7916667, 0.375), (0.8333333, 0.375), (0.8333333, 0.25), (0.8333333, 0.25), (0.8333333, 0.375), (0.875, 0.25), (0.8333333, 0.375), (0.875, 0.375), (0.875, 0.25), (0.875, 0.25), (0.875, 0.375), (0.9166667, 0.25), (0.875, 0.375), (0.9166667, 0.375), (0.9166667, 0.25), (0.9166667, 0.25), (0.9166667, 0.375), (0.9583333, 0.25), (0.9166667, 0.375), (0.9583333, 0.375), (0.9583333, 0.25), (0.9583333, 0.25), (0.9583333, 0.375), (1, 0.25), (0.9583333, 0.375), (1, 0.375), (1, 0.25), (0, 0.125), (0, 0.25), (0.041666668, 0.125), (0, 0.25), (0.041666668, 0.25), (0.041666668, 0.125), (0.041666668, 0.125), (0.041666668, 0.25), (0.083333336, 0.125), (0.041666668, 0.25), (0.083333336, 0.25), (0.083333336, 0.125), (0.083333336, 0.125), (0.083333336, 0.25), (0.125, 0.125), (0.083333336, 0.25), (0.125, 0.25), (0.125, 0.125), (0.125, 0.125), (0.125, 0.25), (0.16666667, 0.125), (0.125, 0.25), (0.16666667, 0.25), (0.16666667, 0.125), (0.16666667, 0.125), (0.16666667, 0.25), (0.20833333, 0.125), (0.16666667, 0.25), (0.20833333, 0.25), (0.20833333, 0.125), (0.20833333, 0.125), (0.20833333, 0.25), (0.25, 0.125), (0.20833333, 0.25), (0.25, 0.25), (0.25, 0.125), (0.25, 0.125), (0.25, 0.25), (0.29166666, 0.125), (0.25, 0.25), (0.29166666, 0.25), (0.29166666, 0.125), (0.29166666, 0.125), (0.29166666, 0.25), (0.33333334, 0.125), (0.29166666, 0.25), (0.33333334, 0.25), (0.33333334, 0.125), (0.33333334, 0.125), (0.33333334, 0.25), (0.375, 0.125), (0.33333334, 0.25), (0.375, 0.25), (0.375, 0.125), (0.375, 0.125), (0.375, 0.25), (0.41666666, 0.125), (0.375, 0.25), (0.41666666, 0.25), (0.41666666, 0.125), (0.41666666, 0.125), (0.41666666, 0.25), (0.45833334, 0.125), (0.41666666, 0.25), (0.45833334, 0.25), (0.45833334, 0.125), (0.45833334, 0.125), (0.45833334, 0.25), (0.5, 0.125), (0.45833334, 0.25), (0.5, 0.25), (0.5, 0.125), (0.5, 0.125), (0.5, 0.25), (0.5416667, 0.125), (0.5, 0.25), (0.5416667, 0.25), (0.5416667, 0.125), (0.5416667, 0.125), (0.5416667, 0.25), (0.5833333, 0.125), (0.5416667, 0.25), (0.5833333, 0.25), (0.5833333, 0.125), (0.5833333, 0.125), (0.5833333, 0.25), (0.625, 0.125), (0.5833333, 0.25), (0.625, 0.25), (0.625, 0.125), (0.625, 0.125), (0.625, 0.25), (0.6666667, 0.125), (0.625, 0.25), (0.6666667, 0.25), (0.6666667, 0.125), (0.6666667, 0.125), (0.6666667, 0.25), (0.7083333, 0.125), (0.6666667, 0.25), (0.7083333, 0.25), (0.7083333, 0.125), (0.7083333, 0.125), (0.7083333, 0.25), (0.75, 0.125), (0.7083333, 0.25), (0.75, 0.25), (0.75, 0.125), (0.75, 0.125), (0.75, 0.25), (0.7916667, 0.125), (0.75, 0.25), (0.7916667, 0.25), (0.7916667, 0.125), (0.7916667, 0.125), (0.7916667, 0.25), (0.8333333, 0.125), (0.7916667, 0.25), (0.8333333, 0.25), (0.8333333, 0.125), (0.8333333, 0.125), (0.8333333, 0.25), (0.875, 0.125), (0.8333333, 0.25), (0.875, 0.25), (0.875, 0.125), (0.875, 0.125), (0.875, 0.25), (0.9166667, 0.125), (0.875, 0.25), (0.9166667, 0.25), (0.9166667, 0.125), (0.9166667, 0.125), (0.9166667, 0.25), (0.9583333, 0.125), (0.9166667, 0.25), (0.9583333, 0.25), (0.9583333, 0.125), (0.9583333, 0.125), (0.9583333, 0.25), (1, 0.125), (0.9583333, 0.25), (1, 0.25), (1, 0.125), (0, 0), (0, 0.125), (0.041666668, 0), (0, 0.125), (0.041666668, 0.125), (0.041666668, 0), (0.041666668, 0), (0.041666668, 0.125), (0.083333336, 0), (0.041666668, 0.125), (0.083333336, 0.125), (0.083333336, 0), (0.083333336, 0), (0.083333336, 0.125), (0.125, 0), (0.083333336, 0.125), (0.125, 0.125), (0.125, 0), (0.125, 0), (0.125, 0.125), (0.16666667, 0), (0.125, 0.125), (0.16666667, 0.125), (0.16666667, 0), (0.16666667, 0), (0.16666667, 0.125), (0.20833333, 0), (0.16666667, 0.125), (0.20833333, 0.125), (0.20833333, 0), (0.20833333, 0), (0.20833333, 0.125), (0.25, 0), (0.20833333, 0.125), (0.25, 0.125), (0.25, 0), (0.25, 0), (0.25, 0.125), (0.29166666, 0), (0.25, 0.125), (0.29166666, 0.125), (0.29166666, 0), (0.29166666, 0), (0.29166666, 0.125), (0.33333334, 0), (0.29166666, 0.125), (0.33333334, 0.125), (0.33333334, 0), (0.33333334, 0), (0.33333334, 0.125), (0.375, 0), (0.33333334, 0.125), (0.375, 0.125), (0.375, 0), (0.375, 0), (0.375, 0.125), (0.41666666, 0), (0.375, 0.125), (0.41666666, 0.125), (0.41666666, 0), (0.41666666, 0), (0.41666666, 0.125), (0.45833334, 0), (0.41666666, 0.125), (0.45833334, 0.125), (0.45833334, 0), (0.45833334, 0), (0.45833334, 0.125), (0.5, 0), (0.45833334, 0.125), (0.5, 0.125), (0.5, 0), (0.5, 0), (0.5, 0.125), (0.5416667, 0), (0.5, 0.125), (0.5416667, 0.125), (0.5416667, 0), (0.5416667, 0), (0.5416667, 0.125), (0.5833333, 0), (0.5416667, 0.125), (0.5833333, 0.125), (0.5833333, 0), (0.5833333, 0), (0.5833333, 0.125), (0.625, 0), (0.5833333, 0.125), (0.625, 0.125), (0.625, 0), (0.625, 0), (0.625, 0.125), (0.6666667, 0), (0.625, 0.125), (0.6666667, 0.125), (0.6666667, 0), (0.6666667, 0), (0.6666667, 0.125), (0.7083333, 0), (0.6666667, 0.125), (0.7083333, 0.125), (0.7083333, 0), (0.7083333, 0), (0.7083333, 0.125), (0.75, 0), (0.7083333, 0.125), (0.75, 0.125), (0.75, 0), (0.75, 0), (0.75, 0.125), (0.7916667, 0), (0.75, 0.125), (0.7916667, 0.125), (0.7916667, 0), (0.7916667, 0), (0.7916667, 0.125), (0.8333333, 0), (0.7916667, 0.125), (0.8333333, 0.125), (0.8333333, 0), (0.8333333, 0), (0.8333333, 0.125), (0.875, 0), (0.8333333, 0.125), (0.875, 0.125), (0.875, 0), (0.875, 0), (0.875, 0.125), (0.9166667, 0), (0.875, 0.125), (0.9166667, 0.125), (0.9166667, 0), (0.9166667, 0), (0.9166667, 0.125), (0.9583333, 0), (0.9166667, 0.125), (0.9583333, 0.125), (0.9583333, 0), (0.9583333, 0), (0.9583333, 0.125), (1, 0), (0.9583333, 0.125), (1, 0.125), (1, 0)] (
                    interpolation = "faceVarying"
                )
                uniform token subdivisionScheme = "none"
                custom string userProperties:blender:data_name = "Mesh_7.017"
            }
        }

        def Xform "operator_console"
        {
            custom string userProperties:blender:object_name = "operator_console"
            float3 xformOp:rotateXYZ = (0, -0, 0)
            float3 xformOp:scale = (1, 1, 1)
            double3 xformOp:translate = (1.2400000095367432, -0.8199999928474426, 0.8999999761581421)
            uniform token[] xformOpOrder = ["xformOp:translate", "xformOp:rotateXYZ", "xformOp:scale"]

            def Mesh "Mesh_10_012" (
                active = true
                prepend apiSchemas = ["MaterialBindingAPI"]
            )
            {
                uniform bool doubleSided = 0
                float3[] extent = [(-0.175, -0.125, -0.3), (0.175, 0.125, 0.3)]
                int[] faceVertexCounts = [3, 3, 3, 3, 3, 3, 3, 3, 3, 3, 3, 3]
                int[] faceVertexIndices = [0, 2, 1, 2, 3, 1, 4, 6, 5, 6, 7, 5, 8, 10, 9, 10, 11, 9, 12, 14, 13, 14, 15, 13, 16, 18, 17, 18, 19, 17, 20, 22, 21, 22, 23, 21]
                rel material:binding = </root/_materials/Material_10_012>
                normal3f[] normals = [(1, 0, 0), (1, 0, 0), (1, 0, 0), (1, 0, 0), (1, 0, 0), (1, 0, 0), (-1, 0, 0), (-1, 0, 0), (-1, 0, 0), (-1, 0, 0), (-1, 0, 0), (-1, 0, 0), (0, 0, 1), (0, 0, 1), (0, 0, 1), (0, 0, 1), (0, 0, 1), (0, 0, 1), (0, 0, -1), (0, 0, -1), (0, 0, -1), (0, 0, -1), (0, 0, -1), (0, 0, -1), (0, -1, 0), (0, -1, 0), (0, -1, 0), (0, -1, 0), (0, -1, 0), (0, -1, 0), (0, 1, 0), (0, 1, 0), (0, 1, 0), (0, 1, 0), (0, 1, 0), (0, 1, 0)] (
                    interpolation = "faceVarying"
                )
                point3f[] points = [(0.175, -0.125, 0.3), (0.175, 0.125, 0.3), (0.175, -0.125, -0.3), (0.175, 0.125, -0.3), (-0.175, 0.125, 0.3), (-0.175, -0.125, 0.3), (-0.175, 0.125, -0.3), (-0.175, -0.125, -0.3), (-0.175, 0.125, 0.3), (0.175, 0.125, 0.3), (-0.175, -0.125, 0.3), (0.175, -0.125, 0.3), (-0.175, -0.125, -0.3), (0.175, -0.125, -0.3), (-0.175, 0.125, -0.3), (0.175, 0.125, -0.3), (-0.175, -0.125, 0.3), (0.175, -0.125, 0.3), (-0.175, -0.125, -0.3), (0.175, -0.125, -0.3), (0.175, 0.125, 0.3), (-0.175, 0.125, 0.3), (0.175, 0.125, -0.3), (-0.175, 0.125, -0.3)]
                texCoord2f[] primvars:st = [(0, 0), (0, 1), (1, 0), (0, 1), (1, 1), (1, 0), (0, 0), (0, 1), (1, 0), (0, 1), (1, 1), (1, 0), (0, 0), (0, 1), (1, 0), (0, 1), (1, 1), (1, 0), (0, 0), (0, 1), (1, 0), (0, 1), (1, 1), (1, 0), (0, 0), (0, 1), (1, 0), (0, 1), (1, 1), (1, 0), (0, 0), (0, 1), (1, 0), (0, 1), (1, 1), (1, 0)] (
                    interpolation = "faceVarying"
                )
                uniform token subdivisionScheme = "none"
                custom string userProperties:blender:data_name = "Mesh_10.012"
            }
        }

        def Xform "source_0"
        {
            custom string userProperties:blender:object_name = "source_0"
            float3 xformOp:rotateXYZ = (0, -0, 0)
            float3 xformOp:scale = (1, 1, 1)
            double3 xformOp:translate = (-1.0800000429153442, 0, 0.6200000047683716)
            uniform token[] xformOpOrder = ["xformOp:translate", "xformOp:rotateXYZ", "xformOp:scale"]

            def Mesh "Mesh_1_019" (
                active = true
                prepend apiSchemas = ["MaterialBindingAPI"]
            )
            {
                uniform bool doubleSided = 0
                float3[] extent = [(-0.265, -0.5, -0.4), (0.265, 0.5, 0.4)]
                int[] faceVertexCounts = [3, 3, 3, 3, 3, 3, 3, 3, 3, 3, 3, 3]
                int[] faceVertexIndices = [0, 2, 1, 2, 3, 1, 4, 6, 5, 6, 7, 5, 8, 10, 9, 10, 11, 9, 12, 14, 13, 14, 15, 13, 16, 18, 17, 18, 19, 17, 20, 22, 21, 22, 23, 21]
                rel material:binding = </root/_materials/Material_1_019>
                normal3f[] normals = [(1, 0, 0), (1, 0, 0), (1, 0, 0), (1, 0, 0), (1, 0, 0), (1, 0, 0), (-1, 0, 0), (-1, 0, 0), (-1, 0, 0), (-1, 0, 0), (-1, 0, 0), (-1, 0, 0), (0, 0, 1), (0, 0, 1), (0, 0, 1), (0, 0, 1), (0, 0, 1), (0, 0, 1), (0, 0, -1), (0, 0, -1), (0, 0, -1), (0, 0, -1), (0, 0, -1), (0, 0, -1), (0, -1, 0), (0, -1, 0), (0, -1, 0), (0, -1, 0), (0, -1, 0), (0, -1, 0), (0, 1, 0), (0, 1, 0), (0, 1, 0), (0, 1, 0), (0, 1, 0), (0, 1, 0)] (
                    interpolation = "faceVarying"
                )
                point3f[] points = [(0.265, -0.5, 0.4), (0.265, 0.5, 0.4), (0.265, -0.5, -0.4), (0.265, 0.5, -0.4), (-0.265, 0.5, 0.4), (-0.265, -0.5, 0.4), (-0.265, 0.5, -0.4), (-0.265, -0.5, -0.4), (-0.265, 0.5, 0.4), (0.265, 0.5, 0.4), (-0.265, -0.5, 0.4), (0.265, -0.5, 0.4), (-0.265, -0.5, -0.4), (0.265, -0.5, -0.4), (-0.265, 0.5, -0.4), (0.265, 0.5, -0.4), (-0.265, -0.5, 0.4), (0.265, -0.5, 0.4), (-0.265, -0.5, -0.4), (0.265, -0.5, -0.4), (0.265, 0.5, 0.4), (-0.265, 0.5, 0.4), (0.265, 0.5, -0.4), (-0.265, 0.5, -0.4)]
                texCoord2f[] primvars:st = [(0, 0), (0, 1), (1, 0), (0, 1), (1, 1), (1, 0), (0, 0), (0, 1), (1, 0), (0, 1), (1, 1), (1, 0), (0, 0), (0, 1), (1, 0), (0, 1), (1, 1), (1, 0), (0, 0), (0, 1), (1, 0), (0, 1), (1, 1), (1, 0), (0, 0), (0, 1), (1, 0), (0, 1), (1, 1), (1, 0), (0, 0), (0, 1), (1, 0), (0, 1), (1, 1), (1, 0)] (
                    interpolation = "faceVarying"
                )
                uniform token subdivisionScheme = "none"
                custom string userProperties:blender:data_name = "Mesh_1.019"
            }
        }

        def Xform "magnet_ring_2_5"
        {
            custom string userProperties:blender:object_name = "magnet_ring_2_5"
            float3 xformOp:rotateXYZ = (0, -0, 90.00001)
            float3 xformOp:scale = (1.0000001, 1.0000001, 1)
            double3 xformOp:translate = (0.5899999737739563, 0, 0.6499999761581421)
            uniform token[] xformOpOrder = ["xformOp:translate", "xformOp:rotateXYZ", "xformOp:scale"]

            def Mesh "Mesh_8_014" (
                active = true
                prepend apiSchemas = ["MaterialBindingAPI"]
            )
            {
                uniform bool doubleSided = 0
                float3[] extent = [(-0.335, -0.035, -0.335), (0.335, 0.035, 0.335)]
                int[] faceVertexCounts = [3, 3, 3, 3, 3, 3, 3, 3, 3, 3, 3, 3, 3, 3, 3, 3, 3, 3, 3, 3, 3, 3, 3, 3, 3, 3, 3, 3, 3, 3, 3, 3, 3, 3, 3, 3, 3, 3, 3, 3, 3, 3, 3, 3, 3, 3, 3, 3, 3, 3, 3, 3, 3, 3, 3, 3, 3, 3, 3, 3, 3, 3, 3, 3, 3, 3, 3, 3, 3, 3, 3, 3, 3, 3, 3, 3, 3, 3, 3, 3, 3, 3, 3, 3, 3, 3, 3, 3, 3, 3, 3, 3, 3, 3, 3, 3, 3, 3, 3, 3, 3, 3, 3, 3, 3, 3, 3, 3, 3, 3, 3, 3, 3, 3, 3, 3, 3, 3, 3, 3, 3, 3, 3, 3, 3, 3, 3, 3, 3, 3, 3, 3, 3, 3, 3, 3, 3, 3, 3, 3, 3, 3, 3, 3, 3, 3, 3, 3, 3, 3, 3, 3, 3, 3, 3, 3, 3, 3, 3, 3, 3, 3, 3, 3, 3, 3, 3, 3, 3, 3, 3, 3, 3, 3, 3, 3, 3, 3, 3, 3, 3, 3, 3, 3, 3, 3, 3, 3, 3, 3, 3, 3, 3, 3, 3, 3, 3, 3, 3, 3, 3, 3, 3, 3, 3, 3, 3, 3, 3, 3, 3, 3, 3, 3, 3, 3, 3, 3, 3, 3, 3, 3, 3, 3, 3, 3, 3, 3, 3, 3, 3, 3, 3, 3, 3, 3, 3, 3, 3, 3, 3, 3, 3, 3, 3, 3, 3, 3, 3, 3, 3, 3, 3, 3, 3, 3, 3, 3, 3, 3, 3, 3, 3, 3, 3, 3, 3, 3, 3, 3, 3, 3, 3, 3, 3, 3, 3, 3, 3, 3, 3, 3, 3, 3, 3, 3, 3, 3, 3, 3, 3, 3, 3, 3, 3, 3, 3, 3, 3, 3, 3, 3, 3, 3, 3, 3, 3, 3, 3, 3, 3, 3, 3, 3, 3, 3, 3, 3, 3, 3, 3, 3, 3, 3, 3, 3, 3, 3, 3, 3, 3, 3, 3, 3, 3, 3, 3, 3, 3, 3, 3, 3, 3, 3, 3, 3, 3, 3, 3, 3, 3, 3, 3, 3, 3, 3, 3, 3, 3, 3, 3, 3, 3, 3, 3, 3, 3, 3, 3, 3, 3, 3, 3, 3, 3, 3, 3, 3, 3, 3, 3, 3, 3, 3]
                int[] faceVertexIndices = [25, 0, 26, 0, 1, 26, 26, 1, 27, 1, 2, 27, 27, 2, 28, 2, 3, 28, 28, 3, 29, 3, 4, 29, 29, 4, 30, 4, 5, 30, 30, 5, 31, 5, 6, 31, 31, 6, 32, 6, 7, 32, 32, 7, 33, 7, 8, 33, 33, 8, 34, 8, 9, 34, 34, 9, 35, 9, 10, 35, 35, 10, 36, 10, 11, 36, 36, 11, 37, 11, 12, 37, 37, 12, 38, 12, 13, 38, 38, 13, 39, 13, 14, 39, 39, 14, 40, 14, 15, 40, 40, 15, 41, 15, 16, 41, 41, 16, 42, 16, 17, 42, 42, 17, 43, 17, 18, 43, 43, 18, 44, 18, 19, 44, 44, 19, 45, 19, 20, 45, 45, 20, 46, 20, 21, 46, 46, 21, 47, 21, 22, 47, 47, 22, 48, 22, 23, 48, 48, 23, 49, 23, 24, 49, 50, 25, 51, 25, 26, 51, 51, 26, 52, 26, 27, 52, 52, 27, 53, 27, 28, 53, 53, 28, 54, 28, 29, 54, 54, 29, 55, 29, 30, 55, 55, 30, 56, 30, 31, 56, 56, 31, 57, 31, 32, 57, 57, 32, 58, 32, 33, 58, 58, 33, 59, 33, 34, 59, 59, 34, 60, 34, 35, 60, 60, 35, 61, 35, 36, 61, 61, 36, 62, 36, 37, 62, 62, 37, 63, 37, 38, 63, 63, 38, 64, 38, 39, 64, 64, 39, 65, 39, 40, 65, 65, 40, 66, 40, 41, 66, 66, 41, 67, 41, 42, 67, 67, 42, 68, 42, 43, 68, 68, 43, 69, 43, 44, 69, 69, 44, 70, 44, 45, 70, 70, 45, 71, 45, 46, 71, 71, 46, 72, 46, 47, 72, 72, 47, 73, 47, 48, 73, 73, 48, 74, 48, 49, 74, 75, 50, 76, 50, 51, 76, 76, 51, 77, 51, 52, 77, 77, 52, 78, 52, 53, 78, 78, 53, 79, 53, 54, 79, 79, 54, 80, 54, 55, 80, 80, 55, 81, 55, 56, 81, 81, 56, 82, 56, 57, 82, 82, 57, 83, 57, 58, 83, 83, 58, 84, 58, 59, 84, 84, 59, 85, 59, 60, 85, 85, 60, 86, 60, 61, 86, 86, 61, 87, 61, 62, 87, 87, 62, 88, 62, 63, 88, 88, 63, 89, 63, 64, 89, 89, 64, 90, 64, 65, 90, 90, 65, 91, 65, 66, 91, 91, 66, 92, 66, 67, 92, 92, 67, 93, 67, 68, 93, 93, 68, 94, 68, 69, 94, 94, 69, 95, 69, 70, 95, 95, 70, 96, 70, 71, 96, 96, 71, 97, 71, 72, 97, 97, 72, 98, 72, 73, 98, 98, 73, 99, 73, 74, 99, 100, 75, 101, 75, 76, 101, 101, 76, 102, 76, 77, 102, 102, 77, 103, 77, 78, 103, 103, 78, 104, 78, 79, 104, 104, 79, 105, 79, 80, 105, 105, 80, 106, 80, 81, 106, 106, 81, 107, 81, 82, 107, 107, 82, 108, 82, 83, 108, 108, 83, 109, 83, 84, 109, 109, 84, 110, 84, 85, 110, 110, 85, 111, 85, 86, 111, 111, 86, 112, 86, 87, 112, 112, 87, 113, 87, 88, 113, 113, 88, 114, 88, 89, 114, 114, 89, 115, 89, 90, 115, 115, 90, 116, 90, 91, 116, 116, 91, 117, 91, 92, 117, 117, 92, 118, 92, 93, 118, 118, 93, 119, 93, 94, 119, 119, 94, 120, 94, 95, 120, 120, 95, 121, 95, 96, 121, 121, 96, 122, 96, 97, 122, 122, 97, 123, 97, 98, 123, 123, 98, 124, 98, 99, 124, 125, 100, 126, 100, 101, 126, 126, 101, 127, 101, 102, 127, 127, 102, 128, 102, 103, 128, 128, 103, 129, 103, 104, 129, 129, 104, 130, 104, 105, 130, 130, 105, 131, 105, 106, 131, 131, 106, 132, 106, 107, 132, 132, 107, 133, 107, 108, 133, 133, 108, 134, 108, 109, 134, 134, 109, 135, 109, 110, 135, 135, 110, 136, 110, 111, 136, 136, 111, 137, 111, 112, 137, 137, 112, 138, 112, 113, 138, 138, 113, 139, 113, 114, 139, 139, 114, 140, 114, 115, 140, 140, 115, 141, 115, 116, 141, 141, 116, 142, 116, 117, 142, 142, 117, 143, 117, 118, 143, 143, 118, 144, 118, 119, 144, 144, 119, 145, 119, 120, 145, 145, 120, 146, 120, 121, 146, 146, 121, 147, 121, 122, 147, 147, 122, 148, 122, 123, 148, 148, 123, 149, 123, 124, 149, 150, 125, 151, 125, 126, 151, 151, 126, 152, 126, 127, 152, 152, 127, 153, 127, 128, 153, 153, 128, 154, 128, 129, 154, 154, 129, 155, 129, 130, 155, 155, 130, 156, 130, 131, 156, 156, 131, 157, 131, 132, 157, 157, 132, 158, 132, 133, 158, 158, 133, 159, 133, 134, 159, 159, 134, 160, 134, 135, 160, 160, 135, 161, 135, 136, 161, 161, 136, 162, 136, 137, 162, 162, 137, 163, 137, 138, 163, 163, 138, 164, 138, 139, 164, 164, 139, 165, 139, 140, 165, 165, 140, 166, 140, 141, 166, 166, 141, 167, 141, 142, 167, 167, 142, 168, 142, 143, 168, 168, 143, 169, 143, 144, 169, 169, 144, 170, 144, 145, 170, 170, 145, 171, 145, 146, 171, 171, 146, 172, 146, 147, 172, 172, 147, 173, 147, 148, 173, 173, 148, 174, 148, 149, 174, 175, 150, 176, 150, 151, 176, 176, 151, 177, 151, 152, 177, 177, 152, 178, 152, 153, 178, 178, 153, 179, 153, 154, 179, 179, 154, 180, 154, 155, 180, 180, 155, 181, 155, 156, 181, 181, 156, 182, 156, 157, 182, 182, 157, 183, 157, 158, 183, 183, 158, 184, 158, 159, 184, 184, 159, 185, 159, 160, 185, 185, 160, 186, 160, 161, 186, 186, 161, 187, 161, 162, 187, 187, 162, 188, 162, 163, 188, 188, 163, 189, 163, 164, 189, 189, 164, 190, 164, 165, 190, 190, 165, 191, 165, 166, 191, 191, 166, 192, 166, 167, 192, 192, 167, 193, 167, 168, 193, 193, 168, 194, 168, 169, 194, 194, 169, 195, 169, 170, 195, 195, 170, 196, 170, 171, 196, 196, 171, 197, 171, 172, 197, 197, 172, 198, 172, 173, 198, 198, 173, 199, 173, 174, 199, 200, 175, 201, 175, 176, 201, 201, 176, 202, 176, 177, 202, 202, 177, 203, 177, 178, 203, 203, 178, 204, 178, 179, 204, 204, 179, 205, 179, 180, 205, 205, 180, 206, 180, 181, 206, 206, 181, 207, 181, 182, 207, 207, 182, 208, 182, 183, 208, 208, 183, 209, 183, 184, 209, 209, 184, 210, 184, 185, 210, 210, 185, 211, 185, 186, 211, 211, 186, 212, 186, 187, 212, 212, 187, 213, 187, 188, 213, 213, 188, 214, 188, 189, 214, 214, 189, 215, 189, 190, 215, 215, 190, 216, 190, 191, 216, 216, 191, 217, 191, 192, 217, 217, 192, 218, 192, 193, 218, 218, 193, 219, 193, 194, 219, 219, 194, 220, 194, 195, 220, 220, 195, 221, 195, 196, 221, 221, 196, 222, 196, 197, 222, 222, 197, 223, 197, 198, 223, 223, 198, 224, 198, 199, 224]
                rel material:binding = </root/_materials/Material_8_014>
                normal3f[] normals = [(0.70710933, -0.7071044, 0.000011637807), (1, -0.000027388334, 0.00002007559), (0.68301606, -0.70710266, 0.18301621), (1, -0.000027388334, 0.00002007559), (0.96592087, -0.000018656254, 0.2588376), (0.68301606, -0.70710266, 0.18301621), (0.68301606, -0.70710266, 0.18301621), (0.96592087, -0.000018656254, 0.2588376), (0.61237496, -0.7071024, 0.35355762), (0.96592087, -0.000018656254, 0.2588376), (0.866016, -0.000017821789, 0.5000164), (0.61237496, -0.7071024, 0.35355762), (0.61237496, -0.7071024, 0.35355762), (0.866016, -0.000017821789, 0.5000164), (0.50000125, -0.7071025, 0.5000048), (0.866016, -0.000017821789, 0.5000164), (0.7070931, -0.000018000603, 0.7071204), (0.50000125, -0.7071025, 0.5000048), (0.50000125, -0.7071025, 0.5000048), (0.7070931, -0.000018000603, 0.7071204), (0.35355353, -0.70710254, 0.61237735), (0.7070931, -0.000018000603, 0.7071204), (0.4999836, -0.000018119812, 0.86603487), (0.35355353, -0.70710254, 0.61237735), (0.35355353, -0.70710254, 0.61237735), (0.4999836, -0.000018119812, 0.86603487), (0.18301143, -0.7071025, 0.68301755), (0.4999836, -0.000018119812, 0.86603487), (0.2588005, -0.000018239021, 0.9659308), (0.18301143, -0.7071025, 0.68301755), (0.18301143, -0.7071025, 0.68301755), (0.2588005, -0.000018239021, 0.9659308), (-0.0000024670735, -0.7071025, 0.707111), (0.2588005, -0.000018239021, 0.9659308), (-0.000019205734, -0.000018268824, 0.99999994), (-0.0000024670735, -0.7071025, 0.707111), (-0.0000024670735, -0.7071025, 0.707111), (-0.000019205734, -0.000018268824, 0.99999994), (-0.18301632, -0.7071025, 0.68301624), (-0.000019205734, -0.000018268824, 0.99999994), (-0.25883764, -0.000018119812, 0.9659208), (-0.18301632, -0.7071025, 0.68301624), (-0.18301632, -0.7071025, 0.68301624), (-0.25883764, -0.000018119812, 0.9659208), (-0.35355756, -0.70710266, 0.61237484), (-0.25883764, -0.000018119812, 0.9659208), (-0.50001657, -0.000018239021, 0.8660158), (-0.35355756, -0.70710266, 0.61237484), (-0.35355756, -0.70710266, 0.61237484), (-0.50001657, -0.000018239021, 0.8660158), (-0.50000495, -0.70710224, 0.5000015), (-0.50001657, -0.000018239021, 0.8660158), (-0.7071203, -0.000017493963, 0.70709324), (-0.50000495, -0.70710224, 0.5000015), (-0.50000495, -0.70710224, 0.5000015), (-0.7071203, -0.000017493963, 0.70709324), (-0.6123771, -0.70710284, 0.35355327), (-0.7071203, -0.000017493963, 0.70709324), (-0.866035, -0.000018894672, 0.4999834), (-0.6123771, -0.70710284, 0.35355327), (-0.6123771, -0.70710284, 0.35355327), (-0.866035, -0.000018894672, 0.4999834), (-0.68301743, -0.7071026, 0.18301141), (-0.866035, -0.000018894672, 0.4999834), (-0.9659308, -0.000018239021, 0.25880063), (-0.68301743, -0.7071026, 0.18301141), (-0.68301743, -0.7071026, 0.18301141), (-0.9659308, -0.000018239021, 0.25880063), (-0.7071112, -0.7071024, -0.000002478715), (-0.9659308, -0.000018239021, 0.25880063), (-1, -0.000018239021, -0.00001916103), (-0.7071112, -0.7071024, -0.000002478715), (-0.7071112, -0.7071024, -0.000002478715), (-1, -0.000018239021, -0.00001916103), (-0.68301606, -0.70710266, -0.18301621), (-1, -0.000018239021, -0.00001916103), (-0.96592087, -0.000018656254, -0.2588376), (-0.68301606, -0.70710266, -0.18301621), (-0.68301606, -0.70710266, -0.18301621), (-0.96592087, -0.000018656254, -0.2588376), (-0.61237496, -0.7071024, -0.35355762), (-0.96592087, -0.000018656254, -0.2588376), (-0.866016, -0.000017821789, -0.5000164), (-0.61237496, -0.7071024, -0.35355762), (-0.61237496, -0.7071024, -0.35355762), (-0.866016, -0.000017821789, -0.5000164), (-0.50000125, -0.7071025, -0.5000048), (-0.866016, -0.000017821789, -0.5000164), (-0.7070931, -0.000018000603, -0.7071204), (-0.50000125, -0.7071025, -0.5000048), (-0.50000125, -0.7071025, -0.5000048), (-0.7070931, -0.000018000603, -0.7071204), (-0.35355353, -0.70710254, -0.61237735), (-0.7070931, -0.000018000603, -0.7071204), (-0.4999836, -0.000018119812, -0.86603487), (-0.35355353, -0.70710254, -0.61237735), (-0.35355353, -0.70710254, -0.61237735), (-0.4999836, -0.000018119812, -0.86603487), (-0.18301143, -0.7071025, -0.68301755), (-0.4999836, -0.000018119812, -0.86603487), (-0.2588005, -0.000018239021, -0.9659308), (-0.18301143, -0.7071025, -0.68301755), (-0.18301143, -0.7071025, -0.68301755), (-0.2588005, -0.000018239021, -0.9659308), (0.0000024670735, -0.7071025, -0.707111), (-0.2588005, -0.000018239021, -0.9659308), (0.000019205734, -0.000018268824, -0.99999994), (0.0000024670735, -0.7071025, -0.707111), (0.0000024670735, -0.7071025, -0.707111), (0.000019205734, -0.000018268824, -0.99999994), (0.18301632, -0.7071025, -0.68301624), (0.000019205734, -0.000018268824, -0.99999994), (0.25883764, -0.000018119812, -0.9659208), (0.18301632, -0.7071025, -0.68301624), (0.18301632, -0.7071025, -0.68301624), (0.25883764, -0.000018119812, -0.9659208), (0.35355756, -0.70710266, -0.61237484), (0.25883764, -0.000018119812, -0.9659208), (0.50001657, -0.000018239021, -0.8660158), (0.35355756, -0.70710266, -0.61237484), (0.35355756, -0.70710266, -0.61237484), (0.50001657, -0.000018239021, -0.8660158), (0.50000495, -0.70710224, -0.5000015), (0.50001657, -0.000018239021, -0.8660158), (0.7071203, -0.000017493963, -0.70709324), (0.50000495, -0.70710224, -0.5000015), (0.50000495, -0.70710224, -0.5000015), (0.7071203, -0.000017493963, -0.70709324), (0.6123771, -0.70710284, -0.35355327), (0.7071203, -0.000017493963, -0.70709324), (0.866035, -0.000018894672, -0.4999834), (0.6123771, -0.70710284, -0.35355327), (0.6123771, -0.70710284, -0.35355327), (0.866035, -0.000018894672, -0.4999834), (0.68301743, -0.7071026, -0.18301141), (0.866035, -0.000018894672, -0.4999834), (0.9659308, -0.000018239021, -0.25880063), (0.68301743, -0.7071026, -0.18301141), (0.68301743, -0.7071026, -0.18301141), (0.9659308, -0.000018239021, -0.25880063), (0.7071108, -0.7071027, -0.000031791627), (0.9659308, -0.000018239021, -0.25880063), (0.99999994, -0.000033019576, -0.0000051036477), (0.7071108, -0.7071027, -0.000031791627), (0.000031879088, -1, 0.0000038994476), (0.70710933, -0.7071044, 0.000011637807), (6.183982e-7, -0.99999994, -0.0000016819686), (0.70710933, -0.7071044, 0.000011637807), (0.68301606, -0.70710266, 0.18301621), (6.183982e-7, -0.99999994, -0.0000016819686), (6.183982e-7, -0.99999994, -0.0000016819686), (0.68301606, -0.70710266, 0.18301621), (4.2282045e-7, -1, -0.0000018076971), (0.68301606, -0.70710266, 0.18301621), (0.61237496, -0.7071024, 0.35355762), (4.2282045e-7, -1, -0.0000018076971), (4.2282045e-7, -1, -0.0000018076971), (0.61237496, -0.7071024, 0.35355762), (0.0000011455268, -0.99999994, -0.0000013932586), (0.61237496, -0.7071024, 0.35355762), (0.50000125, -0.7071025, 0.5000048), (0.0000011455268, -0.99999994, -0.0000013932586), (0.0000011455268, -0.99999994, -0.0000013932586), (0.50000125, -0.7071025, 0.5000048), (0.0000014789402, -0.99999994, -9.3877316e-7), (0.50000125, -0.7071025, 0.5000048), (0.35355353, -0.70710254, 0.61237735), (0.0000014789402, -0.99999994, -9.3877316e-7), (0.0000014789402, -0.99999994, -9.3877316e-7), (0.35355353, -0.70710254, 0.61237735), (0.0000018076971, -0.99999994, -3.2410026e-7), (0.35355353, -0.70710254, 0.61237735), (0.18301143, -0.7071025, 0.68301755), (0.0000018076971, -0.99999994, -3.2410026e-7), (0.0000018076971, -0.99999994, -3.2410026e-7), (0.18301143, -0.7071025, 0.68301755), (0.0000018179417, -0.99999994, 1.4156103e-7), (0.18301143, -0.7071025, 0.68301755), (-0.0000024670735, -0.7071025, 0.707111), (0.0000018179417, -0.99999994, 1.4156103e-7), (0.0000018179417, -0.99999994, 1.4156103e-7), (-0.0000024670735, -0.7071025, 0.707111), (0.0000016358681, -0.99999994, 5.9977174e-7), (-0.0000024670735, -0.7071025, 0.707111), (-0.18301632, -0.7071025, 0.68301624), (0.0000016358681, -0.99999994, 5.9977174e-7), (0.0000016358681, -0.99999994, 5.9977174e-7), (-0.18301632, -0.7071025, 0.68301624), (0.0000017425045, -0.9999999, 6.053597e-7), (-0.18301632, -0.7071025, 0.68301624), (-0.35355756, -0.70710266, 0.61237484), (0.0000017425045, -0.9999999, 6.053597e-7), (0.0000017425045, -0.9999999, 6.053597e-7), (-0.35355756, -0.70710266, 0.61237484), (0.0000014081597, -0.99999994, 0.0000011734664), (-0.35355756, -0.70710266, 0.61237484), (-0.50000495, -0.70710224, 0.5000015), (0.0000014081597, -0.99999994, 0.0000011734664), (0.0000014081597, -0.99999994, 0.0000011734664), (-0.50000495, -0.70710224, 0.5000015), (0.0000010263175, -0.99999994, 0.0000015124679), (-0.50000495, -0.70710224, 0.5000015), (-0.6123771, -0.70710284, 0.35355327), (0.0000010263175, -0.99999994, 0.0000015124679), (0.0000010263175, -0.99999994, 0.0000015124679), (-0.6123771, -0.70710284, 0.35355327), (5.4202974e-7, -0.99999994, 0.0000016419217), (-0.6123771, -0.70710284, 0.35355327), (-0.68301743, -0.7071026, 0.18301141), (5.4202974e-7, -0.99999994, 0.0000016419217), (5.4202974e-7, -0.99999994, 0.0000016419217), (-0.68301743, -0.7071026, 0.18301141), (-1.8626451e-7, -0.99999994, 0.0000017792918), (-0.68301743, -0.7071026, 0.18301141), (-0.7071112, -0.7071024, -0.000002478715), (-1.8626451e-7, -0.99999994, 0.0000017792918), (-1.8626451e-7, -0.99999994, 0.0000017792918), (-0.7071112, -0.7071024, -0.000002478715), (-6.183982e-7, -0.99999994, 0.0000016819686), (-0.7071112, -0.7071024, -0.000002478715), (-0.68301606, -0.70710266, -0.18301621), (-6.183982e-7, -0.99999994, 0.0000016819686), (-6.183982e-7, -0.99999994, 0.0000016819686), (-0.68301606, -0.70710266, -0.18301621), (-4.2282045e-7, -1, 0.0000018076971), (-0.68301606, -0.70710266, -0.18301621), (-0.61237496, -0.7071024, -0.35355762), (-4.2282045e-7, -1, 0.0000018076971), (-4.2282045e-7, -1, 0.0000018076971), (-0.61237496, -0.7071024, -0.35355762), (-0.0000011455268, -0.99999994, 0.0000013932586), (-0.61237496, -0.7071024, -0.35355762), (-0.50000125, -0.7071025, -0.5000048), (-0.0000011455268, -0.99999994, 0.0000013932586), (-0.0000011455268, -0.99999994, 0.0000013932586), (-0.50000125, -0.7071025, -0.5000048), (-0.0000014789402, -0.99999994, 9.3877316e-7), (-0.50000125, -0.7071025, -0.5000048), (-0.35355353, -0.70710254, -0.61237735), (-0.0000014789402, -0.99999994, 9.3877316e-7), (-0.0000014789402, -0.99999994, 9.3877316e-7), (-0.35355353, -0.70710254, -0.61237735), (-0.0000018076971, -0.99999994, 3.2410026e-7), (-0.35355353, -0.70710254, -0.61237735), (-0.18301143, -0.7071025, -0.68301755), (-0.0000018076971, -0.99999994, 3.2410026e-7), (-0.0000018076971, -0.99999994, 3.2410026e-7), (-0.18301143, -0.7071025, -0.68301755), (-0.0000018179417, -0.99999994, -1.4156103e-7), (-0.18301143, -0.7071025, -0.68301755), (0.0000024670735, -0.7071025, -0.707111), (-0.0000018179417, -0.99999994, -1.4156103e-7), (-0.0000018179417, -0.99999994, -1.4156103e-7), (0.0000024670735, -0.7071025, -0.707111), (-0.0000016358681, -0.99999994, -5.9977174e-7), (0.0000024670735, -0.7071025, -0.707111), (0.18301632, -0.7071025, -0.68301624), (-0.0000016358681, -0.99999994, -5.9977174e-7), (-0.0000016358681, -0.99999994, -5.9977174e-7), (0.18301632, -0.7071025, -0.68301624), (-0.0000017425045, -0.9999999, -6.053597e-7), (0.18301632, -0.7071025, -0.68301624), (0.35355756, -0.70710266, -0.61237484), (-0.0000017425045, -0.9999999, -6.053597e-7), (-0.0000017425045, -0.9999999, -6.053597e-7), (0.35355756, -0.70710266, -0.61237484), (-0.0000014081597, -0.99999994, -0.0000011734664), (0.35355756, -0.70710266, -0.61237484), (0.50000495, -0.70710224, -0.5000015), (-0.0000014081597, -0.99999994, -0.0000011734664), (-0.0000014081597, -0.99999994, -0.0000011734664), (0.50000495, -0.70710224, -0.5000015), (-0.0000010263175, -0.99999994, -0.0000015124679), (0.50000495, -0.70710224, -0.5000015), (0.6123771, -0.70710284, -0.35355327), (-0.0000010263175, -0.99999994, -0.0000015124679), (-0.0000010263175, -0.99999994, -0.0000015124679), (0.6123771, -0.70710284, -0.35355327), (-5.4202974e-7, -0.99999994, -0.0000016419217), (0.6123771, -0.70710284, -0.35355327), (0.68301743, -0.7071026, -0.18301141), (-5.4202974e-7, -0.99999994, -0.0000016419217), (-5.4202974e-7, -0.99999994, -0.0000016419217), (0.68301743, -0.7071026, -0.18301141), (0.00003323535, -0.99999994, -0.000006923452), (0.68301743, -0.7071026, -0.18301141), (0.7071108, -0.7071027, -0.000031791627), (0.00003323535, -0.99999994, -0.000006923452), (-0.70710284, -0.7071106, -0.000031150877), (0.000031879088, -1, 0.0000038994476), (-0.6830106, -0.707109, -0.18301249), (0.000031879088, -1, 0.0000038994476), (6.183982e-7, -0.99999994, -0.0000016819686), (-0.6830106, -0.707109, -0.18301249), (-0.6830106, -0.707109, -0.18301249), (6.183982e-7, -0.99999994, -0.0000016819686), (-0.61237043, -0.7071089, -0.35355264), (6.183982e-7, -0.99999994, -0.0000016819686), (4.2282045e-7, -1, -0.0000018076971), (-0.61237043, -0.7071089, -0.35355264), (-0.61237043, -0.7071089, -0.35355264), (4.2282045e-7, -1, -0.0000018076971), (-0.49999818, -0.70710903, -0.49999857), (4.2282045e-7, -1, -0.0000018076971), (0.0000011455268, -0.99999994, -0.0000013932586), (-0.49999818, -0.70710903, -0.49999857), (-0.49999818, -0.70710903, -0.49999857), (0.0000011455268, -0.99999994, -0.0000013932586), (-0.35355213, -0.707109, -0.6123707), (0.0000011455268, -0.99999994, -0.0000013932586), (0.0000014789402, -0.99999994, -9.3877316e-7), (-0.35355213, -0.707109, -0.6123707), (-0.35355213, -0.707109, -0.6123707), (0.0000014789402, -0.99999994, -9.3877316e-7), (-0.18301181, -0.70710886, -0.6830108), (0.0000014789402, -0.99999994, -9.3877316e-7), (0.0000018076971, -0.99999994, -3.2410026e-7), (-0.18301181, -0.70710886, -0.6830108), (-0.18301181, -0.70710886, -0.6830108), (0.0000018076971, -0.99999994, -3.2410026e-7), (2.195593e-7, -0.7071092, -0.7071044), (0.0000018076971, -0.99999994, -3.2410026e-7), (0.0000018179417, -0.99999994, 1.4156103e-7), (2.195593e-7, -0.7071092, -0.7071044), (2.195593e-7, -0.7071092, -0.7071044), (0.0000018179417, -0.99999994, 1.4156103e-7), (0.18301257, -0.7071088, -0.6830106), (0.0000018179417, -0.99999994, 1.4156103e-7), (0.0000016358681, -0.99999994, 5.9977174e-7), (0.18301257, -0.7071088, -0.6830106), (0.18301257, -0.7071088, -0.6830106), (0.0000016358681, -0.99999994, 5.9977174e-7), (0.35355258, -0.7071089, -0.6123705), (0.0000016358681, -0.99999994, 5.9977174e-7), (0.0000017425045, -0.9999999, 6.053597e-7), (0.35355258, -0.7071089, -0.6123705), (0.35355258, -0.7071089, -0.6123705), (0.0000017425045, -0.9999999, 6.053597e-7), (0.49999836, -0.7071093, -0.49999818), (0.0000017425045, -0.9999999, 6.053597e-7), (0.0000014081597, -0.99999994, 0.0000011734664), (0.49999836, -0.7071093, -0.49999818), (0.49999836, -0.7071093, -0.49999818), (0.0000014081597, -0.99999994, 0.0000011734664), (0.6123706, -0.70710903, -0.353552), (0.0000014081597, -0.99999994, 0.0000011734664), (0.0000010263175, -0.99999994, 0.0000015124679), (0.6123706, -0.70710903, -0.353552), (0.6123706, -0.70710903, -0.353552), (0.0000010263175, -0.99999994, 0.0000015124679), (0.68301094, -0.7071086, -0.1830119), (0.0000010263175, -0.99999994, 0.0000015124679), (5.4202974e-7, -0.99999994, 0.0000016419217), (0.68301094, -0.7071086, -0.1830119), (0.68301094, -0.7071086, -0.1830119), (5.4202974e-7, -0.99999994, 0.0000016419217), (0.70710415, -0.70710945, 1.9883737e-7), (5.4202974e-7, -0.99999994, 0.0000016419217), (-1.8626451e-7, -0.99999994, 0.0000017792918), (0.70710415, -0.70710945, 1.9883737e-7), (0.70710415, -0.70710945, 1.9883737e-7), (-1.8626451e-7, -0.99999994, 0.0000017792918), (0.6830106, -0.707109, 0.18301249), (-1.8626451e-7, -0.99999994, 0.0000017792918), (-6.183982e-7, -0.99999994, 0.0000016819686), (0.6830106, -0.707109, 0.18301249), (0.6830106, -0.707109, 0.18301249), (-6.183982e-7, -0.99999994, 0.0000016819686), (0.61237043, -0.7071089, 0.35355264), (-6.183982e-7, -0.99999994, 0.0000016819686), (-4.2282045e-7, -1, 0.0000018076971), (0.61237043, -0.7071089, 0.35355264), (0.61237043, -0.7071089, 0.35355264), (-4.2282045e-7, -1, 0.0000018076971), (0.49999818, -0.70710903, 0.49999857), (-4.2282045e-7, -1, 0.0000018076971), (-0.0000011455268, -0.99999994, 0.0000013932586), (0.49999818, -0.70710903, 0.49999857), (0.49999818, -0.70710903, 0.49999857), (-0.0000011455268, -0.99999994, 0.0000013932586), (0.35355213, -0.707109, 0.6123707), (-0.0000011455268, -0.99999994, 0.0000013932586), (-0.0000014789402, -0.99999994, 9.3877316e-7), (0.35355213, -0.707109, 0.6123707), (0.35355213, -0.707109, 0.6123707), (-0.0000014789402, -0.99999994, 9.3877316e-7), (0.18301181, -0.70710886, 0.6830108), (-0.0000014789402, -0.99999994, 9.3877316e-7), (-0.0000018076971, -0.99999994, 3.2410026e-7), (0.18301181, -0.70710886, 0.6830108), (0.18301181, -0.70710886, 0.6830108), (-0.0000018076971, -0.99999994, 3.2410026e-7), (-2.195593e-7, -0.7071092, 0.7071044), (-0.0000018076971, -0.99999994, 3.2410026e-7), (-0.0000018179417, -0.99999994, -1.4156103e-7), (-2.195593e-7, -0.7071092, 0.7071044), (-2.195593e-7, -0.7071092, 0.7071044), (-0.0000018179417, -0.99999994, -1.4156103e-7), (-0.18301257, -0.7071088, 0.6830106), (-0.0000018179417, -0.99999994, -1.4156103e-7), (-0.0000016358681, -0.99999994, -5.9977174e-7), (-0.18301257, -0.7071088, 0.6830106), (-0.18301257, -0.7071088, 0.6830106), (-0.0000016358681, -0.99999994, -5.9977174e-7), (-0.35355258, -0.7071089, 0.6123705), (-0.0000016358681, -0.99999994, -5.9977174e-7), (-0.0000017425045, -0.9999999, -6.053597e-7), (-0.35355258, -0.7071089, 0.6123705), (-0.35355258, -0.7071089, 0.6123705), (-0.0000017425045, -0.9999999, -6.053597e-7), (-0.49999836, -0.7071093, 0.49999818), (-0.0000017425045, -0.9999999, -6.053597e-7), (-0.0000014081597, -0.99999994, -0.0000011734664), (-0.49999836, -0.7071093, 0.49999818), (-0.49999836, -0.7071093, 0.49999818), (-0.0000014081597, -0.99999994, -0.0000011734664), (-0.6123706, -0.70710903, 0.353552), (-0.0000014081597, -0.99999994, -0.0000011734664), (-0.0000010263175, -0.99999994, -0.0000015124679), (-0.6123706, -0.70710903, 0.353552), (-0.6123706, -0.70710903, 0.353552), (-0.0000010263175, -0.99999994, -0.0000015124679), (-0.68301094, -0.7071086, 0.1830119), (-0.0000010263175, -0.99999994, -0.0000015124679), (-5.4202974e-7, -0.99999994, -0.0000016419217), (-0.68301094, -0.7071086, 0.1830119), (-0.68301094, -0.7071086, 0.1830119), (-5.4202974e-7, -0.99999994, -0.0000016419217), (-0.70710063, -0.70711285, 0.0000423342), (-5.4202974e-7, -0.99999994, -0.0000016419217), (0.00003323535, -0.99999994, -0.000006923452), (-0.70710063, -0.70711285, 0.0000423342), (-1, -2.4447218e-7, -0.00005286932), (-0.70710284, -0.7071106, -0.000031150877), (-0.96592593, -1.6040147e-7, -0.25881895), (-0.70710284, -0.7071106, -0.000031150877), (-0.6830106, -0.707109, -0.18301249), (-0.96592593, -1.6040147e-7, -0.25881895), (-0.96592593, -1.6040147e-7, -0.25881895), (-0.6830106, -0.707109, -0.18301249), (-0.8660254, -6.015056e-8, -0.50000006), (-0.6830106, -0.707109, -0.18301249), (-0.61237043, -0.7071089, -0.35355264), (-0.8660254, -6.015056e-8, -0.50000006), (-0.8660254, -6.015056e-8, -0.50000006), (-0.61237043, -0.7071089, -0.35355264), (-0.7071067, 1.1027606e-7, -0.7071069), (-0.61237043, -0.7071089, -0.35355264), (-0.49999818, -0.70710903, -0.49999857), (-0.7071067, 1.1027606e-7, -0.7071069), (-0.7071067, 1.1027606e-7, -0.7071069), (-0.49999818, -0.70710903, -0.49999857), (-0.5, -1.0025094e-7, -0.86602545), (-0.49999818, -0.70710903, -0.49999857), (-0.35355213, -0.707109, -0.6123707), (-0.5, -1.0025094e-7, -0.86602545), (-0.5, -1.0025094e-7, -0.86602545), (-0.35355213, -0.707109, -0.6123707), (-0.25881916, 3.0075274e-8, -0.96592575), (-0.35355213, -0.707109, -0.6123707), (-0.18301181, -0.70710886, -0.6830108), (-0.25881916, 3.0075274e-8, -0.96592575), (-0.25881916, 3.0075274e-8, -0.96592575), (-0.18301181, -0.70710886, -0.6830108), (0, 0, -1), (-0.18301181, -0.70710886, -0.6830108), (2.195593e-7, -0.7071092, -0.7071044), (0, 0, -1), (0, 0, -1), (2.195593e-7, -0.7071092, -0.7071044), (0.25881916, -1.0025091e-8, -0.9659258), (2.195593e-7, -0.7071092, -0.7071044), (0.18301257, -0.7071088, -0.6830106), (0.25881916, -1.0025091e-8, -0.9659258), (0.25881916, -1.0025091e-8, -0.9659258), (0.18301257, -0.7071088, -0.6830106), (0.49999997, 1.3032623e-7, -0.86602545), (0.18301257, -0.7071088, -0.6830106), (0.35355258, -0.7071089, -0.6123705), (0.49999997, 1.3032623e-7, -0.86602545), (0.49999997, 1.3032623e-7, -0.86602545), (0.35355258, -0.7071089, -0.6123705), (0.70710677, -1.2030115e-7, -0.7071069), (0.35355258, -0.7071089, -0.6123705), (0.49999836, -0.7071093, -0.49999818), (0.70710677, -1.2030115e-7, -0.7071069), (0.70710677, -1.2030115e-7, -0.7071069), (0.49999836, -0.7071093, -0.49999818), (0.8660254, 0, -0.5), (0.49999836, -0.7071093, -0.49999818), (0.6123706, -0.70710903, -0.353552), (0.8660254, 0, -0.5), (0.8660254, 0, -0.5), (0.6123706, -0.70710903, -0.353552), (0.9659259, 1.7042652e-7, -0.25881895), (0.6123706, -0.70710903, -0.353552), (0.68301094, -0.7071086, -0.1830119), (0.9659259, 1.7042652e-7, -0.25881895), (0.9659259, 1.7042652e-7, -0.25881895), (0.68301094, -0.7071086, -0.1830119), (1, 2.00502e-8, -2.506275e-9), (0.68301094, -0.7071086, -0.1830119), (0.70710415, -0.70710945, 1.9883737e-7), (1, 2.00502e-8, -2.506275e-9), (1, 2.00502e-8, -2.506275e-9), (0.70710415, -0.70710945, 1.9883737e-7), (0.96592593, -1.6040147e-7, 0.25881895), (0.70710415, -0.70710945, 1.9883737e-7), (0.6830106, -0.707109, 0.18301249), (0.96592593, -1.6040147e-7, 0.25881895), (0.96592593, -1.6040147e-7, 0.25881895), (0.6830106, -0.707109, 0.18301249), (0.8660254, -6.015056e-8, 0.50000006), (0.6830106, -0.707109, 0.18301249), (0.61237043, -0.7071089, 0.35355264), (0.8660254, -6.015056e-8, 0.50000006), (0.8660254, -6.015056e-8, 0.50000006), (0.61237043, -0.7071089, 0.35355264), (0.7071067, 1.1027606e-7, 0.7071069), (0.61237043, -0.7071089, 0.35355264), (0.49999818, -0.70710903, 0.49999857), (0.7071067, 1.1027606e-7, 0.7071069), (0.7071067, 1.1027606e-7, 0.7071069), (0.49999818, -0.70710903, 0.49999857), (0.5, -1.0025094e-7, 0.86602545), (0.49999818, -0.70710903, 0.49999857), (0.35355213, -0.707109, 0.6123707), (0.5, -1.0025094e-7, 0.86602545), (0.5, -1.0025094e-7, 0.86602545), (0.35355213, -0.707109, 0.6123707), (0.25881916, 3.0075274e-8, 0.96592575), (0.35355213, -0.707109, 0.6123707), (0.18301181, -0.70710886, 0.6830108), (0.25881916, 3.0075274e-8, 0.96592575), (0.25881916, 3.0075274e-8, 0.96592575), (0.18301181, -0.70710886, 0.6830108), (0, 0, 1), (0.18301181, -0.70710886, 0.6830108), (-2.195593e-7, -0.7071092, 0.7071044), (0, 0, 1), (0, 0, 1), (-2.195593e-7, -0.7071092, 0.7071044), (-0.25881916, -1.0025091e-8, 0.9659258), (-2.195593e-7, -0.7071092, 0.7071044), (-0.18301257, -0.7071088, 0.6830106), (-0.25881916, -1.0025091e-8, 0.9659258), (-0.25881916, -1.0025091e-8, 0.9659258), (-0.18301257, -0.7071088, 0.6830106), (-0.49999997, 1.3032623e-7, 0.86602545), (-0.18301257, -0.7071088, 0.6830106), (-0.35355258, -0.7071089, 0.6123705), (-0.49999997, 1.3032623e-7, 0.86602545), (-0.49999997, 1.3032623e-7, 0.86602545), (-0.35355258, -0.7071089, 0.6123705), (-0.70710677, -1.2030115e-7, 0.7071069), (-0.35355258, -0.7071089, 0.6123705), (-0.49999836, -0.7071093, 0.49999818), (-0.70710677, -1.2030115e-7, 0.7071069), (-0.70710677, -1.2030115e-7, 0.7071069), (-0.49999836, -0.7071093, 0.49999818), (-0.8660254, 0, 0.5), (-0.49999836, -0.7071093, 0.49999818), (-0.6123706, -0.70710903, 0.353552), (-0.8660254, 0, 0.5), (-0.8660254, 0, 0.5), (-0.6123706, -0.70710903, 0.353552), (-0.9659259, 1.7042652e-7, 0.25881895), (-0.6123706, -0.70710903, 0.353552), (-0.68301094, -0.7071086, 0.1830119), (-0.9659259, 1.7042652e-7, 0.25881895), (-0.9659259, 1.7042652e-7, 0.25881895), (-0.68301094, -0.7071086, 0.1830119), (-1, 2.8405339e-7, 0.00005286932), (-0.68301094, -0.7071086, 0.1830119), (-0.70710063, -0.70711285, 0.0000423342), (-1, 2.8405339e-7, 0.00005286932), (-0.70710063, 0.70711285, -0.00004232675), (-1, -2.4447218e-7, -0.00005286932), (-0.68301064, 0.70710874, -0.18301274), (-1, -2.4447218e-7, -0.00005286932), (-0.96592593, -1.6040147e-7, -0.25881895), (-0.68301064, 0.70710874, -0.18301274), (-0.68301064, 0.70710874, -0.18301274), (-0.96592593, -1.6040147e-7, -0.25881895), (-0.6123702, 0.7071091, -0.35355273), (-0.96592593, -1.6040147e-7, -0.25881895), (-0.8660254, -6.015056e-8, -0.50000006), (-0.6123702, 0.7071091, -0.35355273), (-0.6123702, 0.7071091, -0.35355273), (-0.8660254, -6.015056e-8, -0.50000006), (-0.49999776, 0.70710915, -0.49999875), (-0.8660254, -6.015056e-8, -0.50000006), (-0.7071067, 1.1027606e-7, -0.7071069), (-0.49999776, 0.70710915, -0.49999875), (-0.49999776, 0.70710915, -0.49999875), (-0.7071067, 1.1027606e-7, -0.7071069), (-0.3535518, 0.707109, -0.6123708), (-0.7071067, 1.1027606e-7, -0.7071069), (-0.5, -1.0025094e-7, -0.86602545), (-0.3535518, 0.707109, -0.6123708), (-0.3535518, 0.707109, -0.6123708), (-0.5, -1.0025094e-7, -0.86602545), (-0.18301174, 0.7071088, -0.6830108), (-0.5, -1.0025094e-7, -0.86602545), (-0.25881916, 3.0075274e-8, -0.96592575), (-0.18301174, 0.7071088, -0.6830108), (-0.18301174, 0.7071088, -0.6830108), (-0.25881916, 3.0075274e-8, -0.96592575), (6.237533e-7, 0.7071092, -0.7071043), (-0.25881916, 3.0075274e-8, -0.96592575), (0, 0, -1), (6.237533e-7, 0.7071092, -0.7071043), (6.237533e-7, 0.7071092, -0.7071043), (0, 0, -1), (0.18301266, 0.7071088, -0.6830106), (0, 0, -1), (0.25881916, -1.0025091e-8, -0.9659258), (0.18301266, 0.7071088, -0.6830106), (0.18301266, 0.7071088, -0.6830106), (0.25881916, -1.0025091e-8, -0.9659258), (0.35355282, 0.7071089, -0.6123703), (0.25881916, -1.0025091e-8, -0.9659258), (0.49999997, 1.3032623e-7, -0.86602545), (0.35355282, 0.7071089, -0.6123703), (0.35355282, 0.7071089, -0.6123703), (0.49999997, 1.3032623e-7, -0.86602545), (0.49999875, 0.70710915, -0.49999794), (0.49999997, 1.3032623e-7, -0.86602545), (0.70710677, -1.2030115e-7, -0.7071069), (0.49999875, 0.70710915, -0.49999794), (0.49999875, 0.70710915, -0.49999794), (0.70710677, -1.2030115e-7, -0.7071069), (0.61237085, 0.70710886, -0.35355186), (0.70710677, -1.2030115e-7, -0.7071069), (0.8660254, 0, -0.5), (0.61237085, 0.70710886, -0.35355186), (0.61237085, 0.70710886, -0.35355186), (0.8660254, 0, -0.5), (0.6830109, 0.70710886, -0.18301171), (0.8660254, 0, -0.5), (0.9659259, 1.7042652e-7, -0.25881895), (0.6830109, 0.70710886, -0.18301171), (0.6830109, 0.70710886, -0.18301171), (0.9659259, 1.7042652e-7, -0.25881895), (0.70710415, 0.70710945, 6.4098276e-7), (0.9659259, 1.7042652e-7, -0.25881895), (1, 2.00502e-8, -2.506275e-9), (0.70710415, 0.70710945, 6.4098276e-7), (0.70710415, 0.70710945, 6.4098276e-7), (1, 2.00502e-8, -2.506275e-9), (0.68301064, 0.70710874, 0.18301274), (1, 2.00502e-8, -2.506275e-9), (0.96592593, -1.6040147e-7, 0.25881895), (0.68301064, 0.70710874, 0.18301274), (0.68301064, 0.70710874, 0.18301274), (0.96592593, -1.6040147e-7, 0.25881895), (0.6123702, 0.7071091, 0.35355273), (0.96592593, -1.6040147e-7, 0.25881895), (0.8660254, -6.015056e-8, 0.50000006), (0.6123702, 0.7071091, 0.35355273), (0.6123702, 0.7071091, 0.35355273), (0.8660254, -6.015056e-8, 0.50000006), (0.49999776, 0.70710915, 0.49999875), (0.8660254, -6.015056e-8, 0.50000006), (0.7071067, 1.1027606e-7, 0.7071069), (0.49999776, 0.70710915, 0.49999875), (0.49999776, 0.70710915, 0.49999875), (0.7071067, 1.1027606e-7, 0.7071069), (0.3535518, 0.707109, 0.6123708), (0.7071067, 1.1027606e-7, 0.7071069), (0.5, -1.0025094e-7, 0.86602545), (0.3535518, 0.707109, 0.6123708), (0.3535518, 0.707109, 0.6123708), (0.5, -1.0025094e-7, 0.86602545), (0.18301174, 0.7071088, 0.6830108), (0.5, -1.0025094e-7, 0.86602545), (0.25881916, 3.0075274e-8, 0.96592575), (0.18301174, 0.7071088, 0.6830108), (0.18301174, 0.7071088, 0.6830108), (0.25881916, 3.0075274e-8, 0.96592575), (-6.237533e-7, 0.7071092, 0.7071043), (0.25881916, 3.0075274e-8, 0.96592575), (0, 0, 1), (-6.237533e-7, 0.7071092, 0.7071043), (-6.237533e-7, 0.7071092, 0.7071043), (0, 0, 1), (-0.18301266, 0.7071088, 0.6830106), (0, 0, 1), (-0.25881916, -1.0025091e-8, 0.9659258), (-0.18301266, 0.7071088, 0.6830106), (-0.18301266, 0.7071088, 0.6830106), (-0.25881916, -1.0025091e-8, 0.9659258), (-0.35355282, 0.7071089, 0.6123703), (-0.25881916, -1.0025091e-8, 0.9659258), (-0.49999997, 1.3032623e-7, 0.86602545), (-0.35355282, 0.7071089, 0.6123703), (-0.35355282, 0.7071089, 0.6123703), (-0.49999997, 1.3032623e-7, 0.86602545), (-0.49999875, 0.70710915, 0.49999794), (-0.49999997, 1.3032623e-7, 0.86602545), (-0.70710677, -1.2030115e-7, 0.7071069), (-0.49999875, 0.70710915, 0.49999794), (-0.49999875, 0.70710915, 0.49999794), (-0.70710677, -1.2030115e-7, 0.7071069), (-0.61237085, 0.70710886, 0.35355186), (-0.70710677, -1.2030115e-7, 0.7071069), (-0.8660254, 0, 0.5), (-0.61237085, 0.70710886, 0.35355186), (-0.61237085, 0.70710886, 0.35355186), (-0.8660254, 0, 0.5), (-0.6830109, 0.70710886, 0.18301171), (-0.8660254, 0, 0.5), (-0.9659259, 1.7042652e-7, 0.25881895), (-0.6830109, 0.70710886, 0.18301171), (-0.6830109, 0.70710886, 0.18301171), (-0.9659259, 1.7042652e-7, 0.25881895), (-0.7071029, 0.70711076, 0.000031150877), (-0.9659259, 1.7042652e-7, 0.25881895), (-1, 2.8405339e-7, 0.00005286932), (-0.7071029, 0.70711076, 0.000031150877), (0.000033609904, 0.99999994, 0.0000038952567), (-0.70710063, 0.70711285, -0.00004232675), (-9.23872e-7, 0.99999994, 0.000002216082), (-0.70710063, 0.70711285, -0.00004232675), (-0.68301064, 0.70710874, -0.18301274), (-9.23872e-7, 0.99999994, 0.000002216082), (-9.23872e-7, 0.99999994, 0.000002216082), (-0.68301064, 0.70710874, -0.18301274), (-0.0000013634562, 0.99999994, 0.0000020517036), (-0.68301064, 0.70710874, -0.18301274), (-0.6123702, 0.7071091, -0.35355273), (-0.0000013634562, 0.99999994, 0.0000020517036), (-0.0000013634562, 0.99999994, 0.0000020517036), (-0.6123702, 0.7071091, -0.35355273), (-0.000001879409, 0.99999994, 0.0000016335398), (-0.6123702, 0.7071091, -0.35355273), (-0.49999776, 0.70710915, -0.49999875), (-0.000001879409, 0.99999994, 0.0000016335398), (-0.000001879409, 0.99999994, 0.0000016335398), (-0.49999776, 0.70710915, -0.49999875), (-0.0000022668391, 0.99999994, 9.592623e-7), (-0.49999776, 0.70710915, -0.49999875), (-0.3535518, 0.707109, -0.6123708), (-0.0000022668391, 0.99999994, 9.592623e-7), (-0.0000022668391, 0.99999994, 9.592623e-7), (-0.3535518, 0.707109, -0.6123708), (-0.0000022798777, 0.99999994, 7.748604e-7), (-0.3535518, 0.707109, -0.6123708), (-0.18301174, 0.7071088, -0.6830108), (-0.0000022798777, 0.99999994, 7.748604e-7), (-0.0000022798777, 0.99999994, 7.748604e-7), (-0.18301174, 0.7071088, -0.6830108), (-0.0000024605542, 0.99999994, 1.6391277e-7), (-0.18301174, 0.7071088, -0.6830108), (6.237533e-7, 0.7071092, -0.7071043), (-0.0000024605542, 0.99999994, 1.6391277e-7), (-0.0000024605542, 0.99999994, 1.6391277e-7), (6.237533e-7, 0.7071092, -0.7071043), (-0.000002425164, 0.99999994, -5.1036477e-7), (6.237533e-7, 0.7071092, -0.7071043), (0.18301266, 0.7071088, -0.6830106), (-0.000002425164, 0.99999994, -5.1036477e-7), (-0.000002425164, 0.99999994, -5.1036477e-7), (0.18301266, 0.7071088, -0.6830106), (-0.000002012588, 0.99999994, -0.0000013001263), (0.18301266, 0.7071088, -0.6830106), (0.35355282, 0.7071089, -0.6123703), (-0.000002012588, 0.99999994, -0.0000013001263), (-0.000002012588, 0.99999994, -0.0000013001263), (0.35355282, 0.7071089, -0.6123703), (-0.0000015888363, 0.99999994, -0.0000018626451), (0.35355282, 0.7071089, -0.6123703), (0.49999875, 0.70710915, -0.49999794), (-0.0000015888363, 0.99999994, -0.0000018626451), (-0.0000015888363, 0.99999994, -0.0000018626451), (0.49999875, 0.70710915, -0.49999794), (-8.326024e-7, 0.99999994, -0.0000022873282), (0.49999875, 0.70710915, -0.49999794), (0.61237085, 0.70710886, -0.35355186), (-8.326024e-7, 0.99999994, -0.0000022873282), (-8.326024e-7, 0.99999994, -0.0000022873282), (0.61237085, 0.70710886, -0.35355186), (-9.2200935e-7, 0.99999994, -0.0000023050234), (0.61237085, 0.70710886, -0.35355186), (0.6830109, 0.70710886, -0.18301171), (-9.2200935e-7, 0.99999994, -0.0000023050234), (-9.2200935e-7, 0.99999994, -0.0000023050234), (0.6830109, 0.70710886, -0.18301171), (-1.899898e-7, 0.99999994, -0.0000024363399), (0.6830109, 0.70710886, -0.18301171), (0.70710415, 0.70710945, 6.4098276e-7), (-1.899898e-7, 0.99999994, -0.0000024363399), (-1.899898e-7, 0.99999994, -0.0000024363399), (0.70710415, 0.70710945, 6.4098276e-7), (9.23872e-7, 0.99999994, -0.000002216082), (0.70710415, 0.70710945, 6.4098276e-7), (0.68301064, 0.70710874, 0.18301274), (9.23872e-7, 0.99999994, -0.000002216082), (9.23872e-7, 0.99999994, -0.000002216082), (0.68301064, 0.70710874, 0.18301274), (0.0000013634562, 0.99999994, -0.0000020517036), (0.68301064, 0.70710874, 0.18301274), (0.6123702, 0.7071091, 0.35355273), (0.0000013634562, 0.99999994, -0.0000020517036), (0.0000013634562, 0.99999994, -0.0000020517036), (0.6123702, 0.7071091, 0.35355273), (0.000001879409, 0.99999994, -0.0000016335398), (0.6123702, 0.7071091, 0.35355273), (0.49999776, 0.70710915, 0.49999875), (0.000001879409, 0.99999994, -0.0000016335398), (0.000001879409, 0.99999994, -0.0000016335398), (0.49999776, 0.70710915, 0.49999875), (0.0000022668391, 0.99999994, -9.592623e-7), (0.49999776, 0.70710915, 0.49999875), (0.3535518, 0.707109, 0.6123708), (0.0000022668391, 0.99999994, -9.592623e-7), (0.0000022668391, 0.99999994, -9.592623e-7), (0.3535518, 0.707109, 0.6123708), (0.0000022798777, 0.99999994, -7.748604e-7), (0.3535518, 0.707109, 0.6123708), (0.18301174, 0.7071088, 0.6830108), (0.0000022798777, 0.99999994, -7.748604e-7), (0.0000022798777, 0.99999994, -7.748604e-7), (0.18301174, 0.7071088, 0.6830108), (0.0000024605542, 0.99999994, -1.6391277e-7), (0.18301174, 0.7071088, 0.6830108), (-6.237533e-7, 0.7071092, 0.7071043), (0.0000024605542, 0.99999994, -1.6391277e-7), (0.0000024605542, 0.99999994, -1.6391277e-7), (-6.237533e-7, 0.7071092, 0.7071043), (0.000002425164, 0.99999994, 5.1036477e-7), (-6.237533e-7, 0.7071092, 0.7071043), (-0.18301266, 0.7071088, 0.6830106), (0.000002425164, 0.99999994, 5.1036477e-7), (0.000002425164, 0.99999994, 5.1036477e-7), (-0.18301266, 0.7071088, 0.6830106), (0.000002012588, 0.99999994, 0.0000013001263), (-0.18301266, 0.7071088, 0.6830106), (-0.35355282, 0.7071089, 0.6123703), (0.000002012588, 0.99999994, 0.0000013001263), (0.000002012588, 0.99999994, 0.0000013001263), (-0.35355282, 0.7071089, 0.6123703), (0.0000015888363, 0.99999994, 0.0000018626451), (-0.35355282, 0.7071089, 0.6123703), (-0.49999875, 0.70710915, 0.49999794), (0.0000015888363, 0.99999994, 0.0000018626451), (0.0000015888363, 0.99999994, 0.0000018626451), (-0.49999875, 0.70710915, 0.49999794), (8.326024e-7, 0.99999994, 0.0000022873282), (-0.49999875, 0.70710915, 0.49999794), (-0.61237085, 0.70710886, 0.35355186), (8.326024e-7, 0.99999994, 0.0000022873282), (8.326024e-7, 0.99999994, 0.0000022873282), (-0.61237085, 0.70710886, 0.35355186), (9.2200935e-7, 0.99999994, 0.0000023050234), (-0.61237085, 0.70710886, 0.35355186), (-0.6830109, 0.70710886, 0.18301171), (9.2200935e-7, 0.99999994, 0.0000023050234), (9.2200935e-7, 0.99999994, 0.0000023050234), (-0.6830109, 0.70710886, 0.18301171), (0.000031920063, 1, -0.0000038966537), (-0.6830109, 0.70710886, 0.18301171), (-0.7071029, 0.70711076, 0.000031150877), (0.000031920063, 1, -0.0000038966537), (0.7071108, 0.7071027, 0.000031799078), (0.000033609904, 0.99999994, 0.0000038952567), (0.6830169, 0.7071025, 0.18301326), (0.000033609904, 0.99999994, 0.0000038952567), (-9.23872e-7, 0.99999994, 0.000002216082), (0.6830169, 0.7071025, 0.18301326), (0.6830169, 0.7071025, 0.18301326), (-9.23872e-7, 0.99999994, 0.000002216082), (0.61237633, 0.70710266, 0.35355502), (-9.23872e-7, 0.99999994, 0.000002216082), (-0.0000013634562, 0.99999994, 0.0000020517036), (0.61237633, 0.70710266, 0.35355502), (0.61237633, 0.70710266, 0.35355502), (-0.0000013634562, 0.99999994, 0.0000020517036), (0.50000364, 0.70710224, 0.50000286), (-0.0000013634562, 0.99999994, 0.0000020517036), (-0.000001879409, 0.99999994, 0.0000016335398), (0.50000364, 0.70710224, 0.50000286), (0.50000364, 0.70710224, 0.50000286), (-0.000001879409, 0.99999994, 0.0000016335398), (0.35355592, 0.70710266, 0.61237574), (-0.000001879409, 0.99999994, 0.0000016335398), (-0.0000022668391, 0.99999994, 9.592623e-7), (0.35355592, 0.70710266, 0.61237574), (0.35355592, 0.70710266, 0.61237574), (-0.0000022668391, 0.99999994, 9.592623e-7), (0.18301441, 0.7071024, 0.6830168), (-0.0000022668391, 0.99999994, 9.592623e-7), (-0.0000022798777, 0.99999994, 7.748604e-7), (0.18301441, 0.7071024, 0.6830168), (0.18301441, 0.7071024, 0.6830168), (-0.0000022798777, 0.99999994, 7.748604e-7), (5.1944517e-7, 0.7071025, 0.7071111), (-0.0000022798777, 0.99999994, 7.748604e-7), (-0.0000024605542, 0.99999994, 1.6391277e-7), (5.1944517e-7, 0.7071025, 0.7071111), (5.1944517e-7, 0.7071025, 0.7071111), (-0.0000024605542, 0.99999994, 1.6391277e-7), (-0.18301329, 0.7071025, 0.68301696), (-0.0000024605542, 0.99999994, 1.6391277e-7), (-0.000002425164, 0.99999994, -5.1036477e-7), (-0.18301329, 0.7071025, 0.68301696), (-0.18301329, 0.7071025, 0.68301696), (-0.000002425164, 0.99999994, -5.1036477e-7), (-0.3535552, 0.70710254, 0.61237633), (-0.000002425164, 0.99999994, -5.1036477e-7), (-0.000002012588, 0.99999994, -0.0000013001263), (-0.3535552, 0.70710254, 0.61237633), (-0.3535552, 0.70710254, 0.61237633), (-0.000002012588, 0.99999994, -0.0000013001263), (-0.5000026, 0.70710254, 0.50000346), (-0.000002012588, 0.99999994, -0.0000013001263), (-0.0000015888363, 0.99999994, -0.0000018626451), (-0.5000026, 0.70710254, 0.50000346), (-0.5000026, 0.70710254, 0.50000346), (-0.0000015888363, 0.99999994, -0.0000018626451), (-0.61237574, 0.70710266, 0.35355586), (-0.0000015888363, 0.99999994, -0.0000018626451), (-8.326024e-7, 0.99999994, -0.0000022873282), (-0.61237574, 0.70710266, 0.35355586), (-0.61237574, 0.70710266, 0.35355586), (-8.326024e-7, 0.99999994, -0.0000022873282), (-0.6830165, 0.70710266, 0.18301427), (-8.326024e-7, 0.99999994, -0.0000022873282), (-9.2200935e-7, 0.99999994, -0.0000023050234), (-0.6830165, 0.70710266, 0.18301427), (-0.6830165, 0.70710266, 0.18301427), (-9.2200935e-7, 0.99999994, -0.0000023050234), (-0.7071112, 0.7071024, 5.1711686e-7), (-9.2200935e-7, 0.99999994, -0.0000023050234), (-1.899898e-7, 0.99999994, -0.0000024363399), (-0.7071112, 0.7071024, 5.1711686e-7), (-0.7071112, 0.7071024, 5.1711686e-7), (-1.899898e-7, 0.99999994, -0.0000024363399), (-0.6830169, 0.7071025, -0.18301326), (-1.899898e-7, 0.99999994, -0.0000024363399), (9.23872e-7, 0.99999994, -0.000002216082), (-0.6830169, 0.7071025, -0.18301326), (-0.6830169, 0.7071025, -0.18301326), (9.23872e-7, 0.99999994, -0.000002216082), (-0.61237633, 0.70710266, -0.35355502), (9.23872e-7, 0.99999994, -0.000002216082), (0.0000013634562, 0.99999994, -0.0000020517036), (-0.61237633, 0.70710266, -0.35355502), (-0.61237633, 0.70710266, -0.35355502), (0.0000013634562, 0.99999994, -0.0000020517036), (-0.50000364, 0.70710224, -0.50000286), (0.0000013634562, 0.99999994, -0.0000020517036), (0.000001879409, 0.99999994, -0.0000016335398), (-0.50000364, 0.70710224, -0.50000286), (-0.50000364, 0.70710224, -0.50000286), (0.000001879409, 0.99999994, -0.0000016335398), (-0.35355592, 0.70710266, -0.61237574), (0.000001879409, 0.99999994, -0.0000016335398), (0.0000022668391, 0.99999994, -9.592623e-7), (-0.35355592, 0.70710266, -0.61237574), (-0.35355592, 0.70710266, -0.61237574), (0.0000022668391, 0.99999994, -9.592623e-7), (-0.18301441, 0.7071024, -0.6830168), (0.0000022668391, 0.99999994, -9.592623e-7), (0.0000022798777, 0.99999994, -7.748604e-7), (-0.18301441, 0.7071024, -0.6830168), (-0.18301441, 0.7071024, -0.6830168), (0.0000022798777, 0.99999994, -7.748604e-7), (-5.1944517e-7, 0.7071025, -0.7071111), (0.0000022798777, 0.99999994, -7.748604e-7), (0.0000024605542, 0.99999994, -1.6391277e-7), (-5.1944517e-7, 0.7071025, -0.7071111), (-5.1944517e-7, 0.7071025, -0.7071111), (0.0000024605542, 0.99999994, -1.6391277e-7), (0.18301329, 0.7071025, -0.68301696), (0.0000024605542, 0.99999994, -1.6391277e-7), (0.000002425164, 0.99999994, 5.1036477e-7), (0.18301329, 0.7071025, -0.68301696), (0.18301329, 0.7071025, -0.68301696), (0.000002425164, 0.99999994, 5.1036477e-7), (0.3535552, 0.70710254, -0.61237633), (0.000002425164, 0.99999994, 5.1036477e-7), (0.000002012588, 0.99999994, 0.0000013001263), (0.3535552, 0.70710254, -0.61237633), (0.3535552, 0.70710254, -0.61237633), (0.000002012588, 0.99999994, 0.0000013001263), (0.5000026, 0.70710254, -0.50000346), (0.000002012588, 0.99999994, 0.0000013001263), (0.0000015888363, 0.99999994, 0.0000018626451), (0.5000026, 0.70710254, -0.50000346), (0.5000026, 0.70710254, -0.50000346), (0.0000015888363, 0.99999994, 0.0000018626451), (0.61237574, 0.70710266, -0.35355586), (0.0000015888363, 0.99999994, 0.0000018626451), (8.326024e-7, 0.99999994, 0.0000022873282), (0.61237574, 0.70710266, -0.35355586), (0.61237574, 0.70710266, -0.35355586), (8.326024e-7, 0.99999994, 0.0000022873282), (0.6830165, 0.70710266, -0.18301427), (8.326024e-7, 0.99999994, 0.0000022873282), (9.2200935e-7, 0.99999994, 0.0000023050234), (0.6830165, 0.70710266, -0.18301427), (0.6830165, 0.70710266, -0.18301427), (9.2200935e-7, 0.99999994, 0.0000023050234), (0.70710933, 0.7071044, -0.000011630356), (9.2200935e-7, 0.99999994, 0.0000023050234), (0.000031920063, 1, -0.0000038966537), (0.70710933, 0.7071044, -0.000011630356), (0.99999994, 0.000033019576, 0.0000051036477), (0.7071108, 0.7071027, 0.000031799078), (0.96593076, 0.000017821789, 0.25880063), (0.7071108, 0.7071027, 0.000031799078), (0.6830169, 0.7071025, 0.18301326), (0.96593076, 0.000017821789, 0.25880063), (0.96593076, 0.000017821789, 0.25880063), (0.6830169, 0.7071025, 0.18301326), (0.866035, 0.000018268824, 0.4999833), (0.6830169, 0.7071025, 0.18301326), (0.61237633, 0.70710266, 0.35355502), (0.866035, 0.000018268824, 0.4999833), (0.866035, 0.000018268824, 0.4999833), (0.61237633, 0.70710266, 0.35355502), (0.70712036, 0.000017374754, 0.70709324), (0.61237633, 0.70710266, 0.35355502), (0.50000364, 0.70710224, 0.50000286), (0.70712036, 0.000017374754, 0.70709324), (0.70712036, 0.000017374754, 0.70709324), (0.50000364, 0.70710224, 0.50000286), (0.50001657, 0.000018209219, 0.86601573), (0.50000364, 0.70710224, 0.50000286), (0.35355592, 0.70710266, 0.61237574), (0.50001657, 0.000018209219, 0.86601573), (0.50001657, 0.000018209219, 0.86601573), (0.35355592, 0.70710266, 0.61237574), (0.25883764, 0.000018119812, 0.9659208), (0.35355592, 0.70710266, 0.61237574), (0.18301441, 0.7071024, 0.6830168), (0.25883764, 0.000018119812, 0.9659208), (0.25883764, 0.000018119812, 0.9659208), (0.18301441, 0.7071024, 0.6830168), (0.000019205734, 0.000018268824, 0.99999994), (0.18301441, 0.7071024, 0.6830168), (5.1944517e-7, 0.7071025, 0.7071111), (0.000019205734, 0.000018268824, 0.99999994), (0.000019205734, 0.000018268824, 0.99999994), (5.1944517e-7, 0.7071025, 0.7071111), (-0.2588005, 0.000018239021, 0.9659308), (5.1944517e-7, 0.7071025, 0.7071111), (-0.18301329, 0.7071025, 0.68301696), (-0.2588005, 0.000018239021, 0.9659308), (-0.2588005, 0.000018239021, 0.9659308), (-0.18301329, 0.7071025, 0.68301696), (-0.49998367, 0.00001809001, 0.8660348), (-0.18301329, 0.7071025, 0.68301696), (-0.3535552, 0.70710254, 0.61237633), (-0.49998367, 0.00001809001, 0.8660348), (-0.49998367, 0.00001809001, 0.8660348), (-0.3535552, 0.70710254, 0.61237633), (-0.7070931, 0.00001809001, 0.7071203), (-0.3535552, 0.70710254, 0.61237633), (-0.5000026, 0.70710254, 0.50000346), (-0.7070931, 0.00001809001, 0.7071203), (-0.7070931, 0.00001809001, 0.7071203), (-0.5000026, 0.70710254, 0.50000346), (-0.8660158, 0.000018328428, 0.50001657), (-0.5000026, 0.70710254, 0.50000346), (-0.61237574, 0.70710266, 0.35355586), (-0.8660158, 0.000018328428, 0.50001657), (-0.8660158, 0.000018328428, 0.50001657), (-0.61237574, 0.70710266, 0.35355586), (-0.9659208, 0.000019073486, 0.25883755), (-0.61237574, 0.70710266, 0.35355586), (-0.6830165, 0.70710266, 0.18301427), (-0.9659208, 0.000019073486, 0.25883755), (-0.9659208, 0.000019073486, 0.25883755), (-0.6830165, 0.70710266, 0.18301427), (-1, 0.000018239021, 0.00001916103), (-0.6830165, 0.70710266, 0.18301427), (-0.7071112, 0.7071024, 5.1711686e-7), (-1, 0.000018239021, 0.00001916103), (-1, 0.000018239021, 0.00001916103), (-0.7071112, 0.7071024, 5.1711686e-7), (-0.96593076, 0.000017821789, -0.25880063), (-0.7071112, 0.7071024, 5.1711686e-7), (-0.6830169, 0.7071025, -0.18301326), (-0.96593076, 0.000017821789, -0.25880063), (-0.96593076, 0.000017821789, -0.25880063), (-0.6830169, 0.7071025, -0.18301326), (-0.866035, 0.000018268824, -0.4999833), (-0.6830169, 0.7071025, -0.18301326), (-0.61237633, 0.70710266, -0.35355502), (-0.866035, 0.000018268824, -0.4999833), (-0.866035, 0.000018268824, -0.4999833), (-0.61237633, 0.70710266, -0.35355502), (-0.70712036, 0.000017374754, -0.70709324), (-0.61237633, 0.70710266, -0.35355502), (-0.50000364, 0.70710224, -0.50000286), (-0.70712036, 0.000017374754, -0.70709324), (-0.70712036, 0.000017374754, -0.70709324), (-0.50000364, 0.70710224, -0.50000286), (-0.50001657, 0.000018209219, -0.86601573), (-0.50000364, 0.70710224, -0.50000286), (-0.35355592, 0.70710266, -0.61237574), (-0.50001657, 0.000018209219, -0.86601573), (-0.50001657, 0.000018209219, -0.86601573), (-0.35355592, 0.70710266, -0.61237574), (-0.25883764, 0.000018119812, -0.9659208), (-0.35355592, 0.70710266, -0.61237574), (-0.18301441, 0.7071024, -0.6830168), (-0.25883764, 0.000018119812, -0.9659208), (-0.25883764, 0.000018119812, -0.9659208), (-0.18301441, 0.7071024, -0.6830168), (-0.000019205734, 0.000018268824, -0.99999994), (-0.18301441, 0.7071024, -0.6830168), (-5.1944517e-7, 0.7071025, -0.7071111), (-0.000019205734, 0.000018268824, -0.99999994), (-0.000019205734, 0.000018268824, -0.99999994), (-5.1944517e-7, 0.7071025, -0.7071111), (0.2588005, 0.000018239021, -0.9659308), (-5.1944517e-7, 0.7071025, -0.7071111), (0.18301329, 0.7071025, -0.68301696), (0.2588005, 0.000018239021, -0.9659308), (0.2588005, 0.000018239021, -0.9659308), (0.18301329, 0.7071025, -0.68301696), (0.49998367, 0.00001809001, -0.8660348), (0.18301329, 0.7071025, -0.68301696), (0.3535552, 0.70710254, -0.61237633), (0.49998367, 0.00001809001, -0.8660348), (0.49998367, 0.00001809001, -0.8660348), (0.3535552, 0.70710254, -0.61237633), (0.7070931, 0.00001809001, -0.7071203), (0.3535552, 0.70710254, -0.61237633), (0.5000026, 0.70710254, -0.50000346), (0.7070931, 0.00001809001, -0.7071203), (0.7070931, 0.00001809001, -0.7071203), (0.5000026, 0.70710254, -0.50000346), (0.8660158, 0.000018328428, -0.50001657), (0.5000026, 0.70710254, -0.50000346), (0.61237574, 0.70710266, -0.35355586), (0.8660158, 0.000018328428, -0.50001657), (0.8660158, 0.000018328428, -0.50001657), (0.61237574, 0.70710266, -0.35355586), (0.9659208, 0.000019073486, -0.25883755), (0.61237574, 0.70710266, -0.35355586), (0.6830165, 0.70710266, -0.18301427), (0.9659208, 0.000019073486, -0.25883755), (0.9659208, 0.000019073486, -0.25883755), (0.6830165, 0.70710266, -0.18301427), (1, 0.000027507544, -0.000020088628), (0.6830165, 0.70710266, -0.18301427), (0.70710933, 0.7071044, -0.000011630356), (1, 0.000027507544, -0.000020088628)] (
                    interpolation = "faceVarying"
                )
                point3f[] points = [(0.335, -0, 0), (0.32358515, -0, 0.08670438), (0.29011852, -0, 0.1675), (0.23688076, -0, 0.23688076), (0.1675, -0, 0.29011852), (0.08670438, -0, 0.32358515), (2.0512833e-17, -0, 0.335), (-0.08670438, -0, 0.32358515), (-0.1675, -0, 0.29011852), (-0.23688076, -0, 0.23688076), (-0.29011852, -0, 0.1675), (-0.32358515, -0, 0.08670438), (-0.335, -0, 4.1025667e-17), (-0.32358515, -0, -0.08670438), (-0.29011852, -0, -0.1675), (-0.23688076, -0, -0.23688076), (-0.1675, -0, -0.29011852), (-0.08670438, -0, -0.32358515), (-6.15385e-17, -0, -0.335), (0.08670438, -0, -0.32358515), (0.1675, -0, -0.29011852), (0.23688076, -0, -0.23688076), (0.29011852, -0, -0.1675), (0.32358515, -0, -0.08670438), (0.335, -0, -8.2051334e-17), (0.32474872, -0.024748737, 0), (0.31368318, -0.024748737, 0.084051155), (0.28124064, -0.024748737, 0.16237436), (0.22963203, -0.024748737, 0.22963203), (0.16237436, -0.024748737, 0.28124064), (0.084051155, -0.024748737, 0.31368318), (1.9885126e-17, -0.024748737, 0.32474872), (-0.084051155, -0.024748737, 0.31368318), (-0.16237436, -0.024748737, 0.28124064), (-0.22963203, -0.024748737, 0.22963203), (-0.28124064, -0.024748737, 0.16237436), (-0.31368318, -0.024748737, 0.084051155), (-0.32474872, -0.024748737, 3.977025e-17), (-0.31368318, -0.024748737, -0.084051155), (-0.28124064, -0.024748737, -0.16237436), (-0.22963203, -0.024748737, -0.22963203), (-0.16237436, -0.024748737, -0.28124064), (-0.084051155, -0.024748737, -0.31368318), (-5.965537e-17, -0.024748737, -0.32474872), (0.084051155, -0.024748737, -0.31368318), (0.16237436, -0.024748737, -0.28124064), (0.22963203, -0.024748737, -0.22963203), (0.28124064, -0.024748737, -0.16237436), (0.31368318, -0.024748737, -0.084051155), (0.32474872, -0.024748737, -7.95405e-17), (0.3, -0.035, 0), (0.28977776, -0.035, 0.07764571), (0.25980762, -0.035, 0.15), (0.21213204, -0.035, 0.21213204), (0.15, -0.035, 0.25980762), (0.07764571, -0.035, 0.28977776), (1.8369703e-17, -0.035, 0.3), (-0.07764571, -0.035, 0.28977776), (-0.15, -0.035, 0.25980762), (-0.21213204, -0.035, 0.21213204), (-0.25980762, -0.035, 0.15), (-0.28977776, -0.035, 0.07764571), (-0.3, -0.035, 3.6739406e-17), (-0.28977776, -0.035, -0.07764571), (-0.25980762, -0.035, -0.15), (-0.21213204, -0.035, -0.21213204), (-0.15, -0.035, -0.25980762), (-0.07764571, -0.035, -0.28977776), (-5.5109105e-17, -0.035, -0.3), (0.07764571, -0.035, -0.28977776), (0.15, -0.035, -0.25980762), (0.21213204, -0.035, -0.21213204), (0.25980762, -0.035, -0.15), (0.28977776, -0.035, -0.07764571), (0.3, -0.035, -7.347881e-17), (0.27525127, -0.024748737, 0), (0.2658723, -0.024748737, 0.07124027), (0.23837459, -0.024748737, 0.13762563), (0.19463204, -0.024748737, 0.19463204), (0.13762563, -0.024748737, 0.23837459), (0.07124027, -0.024748737, 0.2658723), (1.6854278e-17, -0.024748737, 0.27525127), (-0.07124027, -0.024748737, 0.2658723), (-0.13762563, -0.024748737, 0.23837459), (-0.19463204, -0.024748737, 0.19463204), (-0.23837459, -0.024748737, 0.13762563), (-0.2658723, -0.024748737, 0.07124027), (-0.27525127, -0.024748737, 3.3708556e-17), (-0.2658723, -0.024748737, -0.07124027), (-0.23837459, -0.024748737, -0.13762563), (-0.19463204, -0.024748737, -0.19463204), (-0.13762563, -0.024748737, -0.23837459), (-0.07124027, -0.024748737, -0.2658723), (-5.0562838e-17, -0.024748737, -0.27525127), (0.07124027, -0.024748737, -0.2658723), (0.13762563, -0.024748737, -0.23837459), (0.19463204, -0.024748737, -0.19463204), (0.23837459, -0.024748737, -0.13762563), (0.2658723, -0.024748737, -0.07124027), (0.27525127, -0.024748737, -6.741711e-17), (0.265, -4.286264e-18, 0), (0.25597036, -4.286264e-18, 0.06858705), (0.22949673, -4.286264e-18, 0.1325), (0.1873833, -4.286264e-18, 0.1873833), (0.1325, -4.286264e-18, 0.22949673), (0.06858705, -4.286264e-18, 0.25597036), (1.622657e-17, -4.286264e-18, 0.265), (-0.06858705, -4.286264e-18, 0.25597036), (-0.1325, -4.286264e-18, 0.22949673), (-0.1873833, -4.286264e-18, 0.1873833), (-0.22949673, -4.286264e-18, 0.1325), (-0.25597036, -4.286264e-18, 0.06858705), (-0.265, -4.286264e-18, 3.245314e-17), (-0.25597036, -4.286264e-18, -0.06858705), (-0.22949673, -4.286264e-18, -0.1325), (-0.1873833, -4.286264e-18, -0.1873833), (-0.1325, -4.286264e-18, -0.22949673), (-0.06858705, -4.286264e-18, -0.25597036), (-4.867971e-17, -4.286264e-18, -0.265), (0.06858705, -4.286264e-18, -0.25597036), (0.1325, -4.286264e-18, -0.22949673), (0.1873833, -4.286264e-18, -0.1873833), (0.22949673, -4.286264e-18, -0.1325), (0.25597036, -4.286264e-18, -0.06858705), (0.265, -4.286264e-18, -6.490628e-17), (0.27525127, 0.024748737, 0), (0.2658723, 0.024748737, 0.07124027), (0.23837459, 0.024748737, 0.13762563), (0.19463204, 0.024748737, 0.19463204), (0.13762563, 0.024748737, 0.23837459), (0.07124027, 0.024748737, 0.2658723), (1.6854278e-17, 0.024748737, 0.27525127), (-0.07124027, 0.024748737, 0.2658723), (-0.13762563, 0.024748737, 0.23837459), (-0.19463204, 0.024748737, 0.19463204), (-0.23837459, 0.024748737, 0.13762563), (-0.2658723, 0.024748737, 0.07124027), (-0.27525127, 0.024748737, 3.3708556e-17), (-0.2658723, 0.024748737, -0.07124027), (-0.23837459, 0.024748737, -0.13762563), (-0.19463204, 0.024748737, -0.19463204), (-0.13762563, 0.024748737, -0.23837459), (-0.07124027, 0.024748737, -0.2658723), (-5.0562838e-17, 0.024748737, -0.27525127), (0.07124027, 0.024748737, -0.2658723), (0.13762563, 0.024748737, -0.23837459), (0.19463204, 0.024748737, -0.19463204), (0.23837459, 0.024748737, -0.13762563), (0.2658723, 0.024748737, -0.07124027), (0.27525127, 0.024748737, -6.741711e-17), (0.3, 0.035, 0), (0.28977776, 0.035, 0.07764571), (0.25980762, 0.035, 0.15), (0.21213204, 0.035, 0.21213204), (0.15, 0.035, 0.25980762), (0.07764571, 0.035, 0.28977776), (1.8369703e-17, 0.035, 0.3), (-0.07764571, 0.035, 0.28977776), (-0.15, 0.035, 0.25980762), (-0.21213204, 0.035, 0.21213204), (-0.25980762, 0.035, 0.15), (-0.28977776, 0.035, 0.07764571), (-0.3, 0.035, 3.6739406e-17), (-0.28977776, 0.035, -0.07764571), (-0.25980762, 0.035, -0.15), (-0.21213204, 0.035, -0.21213204), (-0.15, 0.035, -0.25980762), (-0.07764571, 0.035, -0.28977776), (-5.5109105e-17, 0.035, -0.3), (0.07764571, 0.035, -0.28977776), (0.15, 0.035, -0.25980762), (0.21213204, 0.035, -0.21213204), (0.25980762, 0.035, -0.15), (0.28977776, 0.035, -0.07764571), (0.3, 0.035, -7.347881e-17), (0.32474872, 0.024748737, 0), (0.31368318, 0.024748737, 0.084051155), (0.28124064, 0.024748737, 0.16237436), (0.22963203, 0.024748737, 0.22963203), (0.16237436, 0.024748737, 0.28124064), (0.084051155, 0.024748737, 0.31368318), (1.9885126e-17, 0.024748737, 0.32474872), (-0.084051155, 0.024748737, 0.31368318), (-0.16237436, 0.024748737, 0.28124064), (-0.22963203, 0.024748737, 0.22963203), (-0.28124064, 0.024748737, 0.16237436), (-0.31368318, 0.024748737, 0.084051155), (-0.32474872, 0.024748737, 3.977025e-17), (-0.31368318, 0.024748737, -0.084051155), (-0.28124064, 0.024748737, -0.16237436), (-0.22963203, 0.024748737, -0.22963203), (-0.16237436, 0.024748737, -0.28124064), (-0.084051155, 0.024748737, -0.31368318), (-5.965537e-17, 0.024748737, -0.32474872), (0.084051155, 0.024748737, -0.31368318), (0.16237436, 0.024748737, -0.28124064), (0.22963203, 0.024748737, -0.22963203), (0.28124064, 0.024748737, -0.16237436), (0.31368318, 0.024748737, -0.084051155), (0.32474872, 0.024748737, -7.95405e-17), (0.335, 8.572528e-18, 0), (0.32358515, 8.572528e-18, 0.08670438), (0.29011852, 8.572528e-18, 0.1675), (0.23688076, 8.572528e-18, 0.23688076), (0.1675, 8.572528e-18, 0.29011852), (0.08670438, 8.572528e-18, 0.32358515), (2.0512833e-17, 8.572528e-18, 0.335), (-0.08670438, 8.572528e-18, 0.32358515), (-0.1675, 8.572528e-18, 0.29011852), (-0.23688076, 8.572528e-18, 0.23688076), (-0.29011852, 8.572528e-18, 0.1675), (-0.32358515, 8.572528e-18, 0.08670438), (-0.335, 8.572528e-18, 4.1025667e-17), (-0.32358515, 8.572528e-18, -0.08670438), (-0.29011852, 8.572528e-18, -0.1675), (-0.23688076, 8.572528e-18, -0.23688076), (-0.1675, 8.572528e-18, -0.29011852), (-0.08670438, 8.572528e-18, -0.32358515), (-6.15385e-17, 8.572528e-18, -0.335), (0.08670438, 8.572528e-18, -0.32358515), (0.1675, 8.572528e-18, -0.29011852), (0.23688076, 8.572528e-18, -0.23688076), (0.29011852, 8.572528e-18, -0.1675), (0.32358515, 8.572528e-18, -0.08670438), (0.335, 8.572528e-18, -8.2051334e-17)]
                texCoord2f[] primvars:st = [(0, 0.875), (0, 1), (0.041666668, 0.875), (0, 1), (0.041666668, 1), (0.041666668, 0.875), (0.041666668, 0.875), (0.041666668, 1), (0.083333336, 0.875), (0.041666668, 1), (0.083333336, 1), (0.083333336, 0.875), (0.083333336, 0.875), (0.083333336, 1), (0.125, 0.875), (0.083333336, 1), (0.125, 1), (0.125, 0.875), (0.125, 0.875), (0.125, 1), (0.16666667, 0.875), (0.125, 1), (0.16666667, 1), (0.16666667, 0.875), (0.16666667, 0.875), (0.16666667, 1), (0.20833333, 0.875), (0.16666667, 1), (0.20833333, 1), (0.20833333, 0.875), (0.20833333, 0.875), (0.20833333, 1), (0.25, 0.875), (0.20833333, 1), (0.25, 1), (0.25, 0.875), (0.25, 0.875), (0.25, 1), (0.29166666, 0.875), (0.25, 1), (0.29166666, 1), (0.29166666, 0.875), (0.29166666, 0.875), (0.29166666, 1), (0.33333334, 0.875), (0.29166666, 1), (0.33333334, 1), (0.33333334, 0.875), (0.33333334, 0.875), (0.33333334, 1), (0.375, 0.875), (0.33333334, 1), (0.375, 1), (0.375, 0.875), (0.375, 0.875), (0.375, 1), (0.41666666, 0.875), (0.375, 1), (0.41666666, 1), (0.41666666, 0.875), (0.41666666, 0.875), (0.41666666, 1), (0.45833334, 0.875), (0.41666666, 1), (0.45833334, 1), (0.45833334, 0.875), (0.45833334, 0.875), (0.45833334, 1), (0.5, 0.875), (0.45833334, 1), (0.5, 1), (0.5, 0.875), (0.5, 0.875), (0.5, 1), (0.5416667, 0.875), (0.5, 1), (0.5416667, 1), (0.5416667, 0.875), (0.5416667, 0.875), (0.5416667, 1), (0.5833333, 0.875), (0.5416667, 1), (0.5833333, 1), (0.5833333, 0.875), (0.5833333, 0.875), (0.5833333, 1), (0.625, 0.875), (0.5833333, 1), (0.625, 1), (0.625, 0.875), (0.625, 0.875), (0.625, 1), (0.6666667, 0.875), (0.625, 1), (0.6666667, 1), (0.6666667, 0.875), (0.6666667, 0.875), (0.6666667, 1), (0.7083333, 0.875), (0.6666667, 1), (0.7083333, 1), (0.7083333, 0.875), (0.7083333, 0.875), (0.7083333, 1), (0.75, 0.875), (0.7083333, 1), (0.75, 1), (0.75, 0.875), (0.75, 0.875), (0.75, 1), (0.7916667, 0.875), (0.75, 1), (0.7916667, 1), (0.7916667, 0.875), (0.7916667, 0.875), (0.7916667, 1), (0.8333333, 0.875), (0.7916667, 1), (0.8333333, 1), (0.8333333, 0.875), (0.8333333, 0.875), (0.8333333, 1), (0.875, 0.875), (0.8333333, 1), (0.875, 1), (0.875, 0.875), (0.875, 0.875), (0.875, 1), (0.9166667, 0.875), (0.875, 1), (0.9166667, 1), (0.9166667, 0.875), (0.9166667, 0.875), (0.9166667, 1), (0.9583333, 0.875), (0.9166667, 1), (0.9583333, 1), (0.9583333, 0.875), (0.9583333, 0.875), (0.9583333, 1), (1, 0.875), (0.9583333, 1), (1, 1), (1, 0.875), (0, 0.75), (0, 0.875), (0.041666668, 0.75), (0, 0.875), (0.041666668, 0.875), (0.041666668, 0.75), (0.041666668, 0.75), (0.041666668, 0.875), (0.083333336, 0.75), (0.041666668, 0.875), (0.083333336, 0.875), (0.083333336, 0.75), (0.083333336, 0.75), (0.083333336, 0.875), (0.125, 0.75), (0.083333336, 0.875), (0.125, 0.875), (0.125, 0.75), (0.125, 0.75), (0.125, 0.875), (0.16666667, 0.75), (0.125, 0.875), (0.16666667, 0.875), (0.16666667, 0.75), (0.16666667, 0.75), (0.16666667, 0.875), (0.20833333, 0.75), (0.16666667, 0.875), (0.20833333, 0.875), (0.20833333, 0.75), (0.20833333, 0.75), (0.20833333, 0.875), (0.25, 0.75), (0.20833333, 0.875), (0.25, 0.875), (0.25, 0.75), (0.25, 0.75), (0.25, 0.875), (0.29166666, 0.75), (0.25, 0.875), (0.29166666, 0.875), (0.29166666, 0.75), (0.29166666, 0.75), (0.29166666, 0.875), (0.33333334, 0.75), (0.29166666, 0.875), (0.33333334, 0.875), (0.33333334, 0.75), (0.33333334, 0.75), (0.33333334, 0.875), (0.375, 0.75), (0.33333334, 0.875), (0.375, 0.875), (0.375, 0.75), (0.375, 0.75), (0.375, 0.875), (0.41666666, 0.75), (0.375, 0.875), (0.41666666, 0.875), (0.41666666, 0.75), (0.41666666, 0.75), (0.41666666, 0.875), (0.45833334, 0.75), (0.41666666, 0.875), (0.45833334, 0.875), (0.45833334, 0.75), (0.45833334, 0.75), (0.45833334, 0.875), (0.5, 0.75), (0.45833334, 0.875), (0.5, 0.875), (0.5, 0.75), (0.5, 0.75), (0.5, 0.875), (0.5416667, 0.75), (0.5, 0.875), (0.5416667, 0.875), (0.5416667, 0.75), (0.5416667, 0.75), (0.5416667, 0.875), (0.5833333, 0.75), (0.5416667, 0.875), (0.5833333, 0.875), (0.5833333, 0.75), (0.5833333, 0.75), (0.5833333, 0.875), (0.625, 0.75), (0.5833333, 0.875), (0.625, 0.875), (0.625, 0.75), (0.625, 0.75), (0.625, 0.875), (0.6666667, 0.75), (0.625, 0.875), (0.6666667, 0.875), (0.6666667, 0.75), (0.6666667, 0.75), (0.6666667, 0.875), (0.7083333, 0.75), (0.6666667, 0.875), (0.7083333, 0.875), (0.7083333, 0.75), (0.7083333, 0.75), (0.7083333, 0.875), (0.75, 0.75), (0.7083333, 0.875), (0.75, 0.875), (0.75, 0.75), (0.75, 0.75), (0.75, 0.875), (0.7916667, 0.75), (0.75, 0.875), (0.7916667, 0.875), (0.7916667, 0.75), (0.7916667, 0.75), (0.7916667, 0.875), (0.8333333, 0.75), (0.7916667, 0.875), (0.8333333, 0.875), (0.8333333, 0.75), (0.8333333, 0.75), (0.8333333, 0.875), (0.875, 0.75), (0.8333333, 0.875), (0.875, 0.875), (0.875, 0.75), (0.875, 0.75), (0.875, 0.875), (0.9166667, 0.75), (0.875, 0.875), (0.9166667, 0.875), (0.9166667, 0.75), (0.9166667, 0.75), (0.9166667, 0.875), (0.9583333, 0.75), (0.9166667, 0.875), (0.9583333, 0.875), (0.9583333, 0.75), (0.9583333, 0.75), (0.9583333, 0.875), (1, 0.75), (0.9583333, 0.875), (1, 0.875), (1, 0.75), (0, 0.625), (0, 0.75), (0.041666668, 0.625), (0, 0.75), (0.041666668, 0.75), (0.041666668, 0.625), (0.041666668, 0.625), (0.041666668, 0.75), (0.083333336, 0.625), (0.041666668, 0.75), (0.083333336, 0.75), (0.083333336, 0.625), (0.083333336, 0.625), (0.083333336, 0.75), (0.125, 0.625), (0.083333336, 0.75), (0.125, 0.75), (0.125, 0.625), (0.125, 0.625), (0.125, 0.75), (0.16666667, 0.625), (0.125, 0.75), (0.16666667, 0.75), (0.16666667, 0.625), (0.16666667, 0.625), (0.16666667, 0.75), (0.20833333, 0.625), (0.16666667, 0.75), (0.20833333, 0.75), (0.20833333, 0.625), (0.20833333, 0.625), (0.20833333, 0.75), (0.25, 0.625), (0.20833333, 0.75), (0.25, 0.75), (0.25, 0.625), (0.25, 0.625), (0.25, 0.75), (0.29166666, 0.625), (0.25, 0.75), (0.29166666, 0.75), (0.29166666, 0.625), (0.29166666, 0.625), (0.29166666, 0.75), (0.33333334, 0.625), (0.29166666, 0.75), (0.33333334, 0.75), (0.33333334, 0.625), (0.33333334, 0.625), (0.33333334, 0.75), (0.375, 0.625), (0.33333334, 0.75), (0.375, 0.75), (0.375, 0.625), (0.375, 0.625), (0.375, 0.75), (0.41666666, 0.625), (0.375, 0.75), (0.41666666, 0.75), (0.41666666, 0.625), (0.41666666, 0.625), (0.41666666, 0.75), (0.45833334, 0.625), (0.41666666, 0.75), (0.45833334, 0.75), (0.45833334, 0.625), (0.45833334, 0.625), (0.45833334, 0.75), (0.5, 0.625), (0.45833334, 0.75), (0.5, 0.75), (0.5, 0.625), (0.5, 0.625), (0.5, 0.75), (0.5416667, 0.625), (0.5, 0.75), (0.5416667, 0.75), (0.5416667, 0.625), (0.5416667, 0.625), (0.5416667, 0.75), (0.5833333, 0.625), (0.5416667, 0.75), (0.5833333, 0.75), (0.5833333, 0.625), (0.5833333, 0.625), (0.5833333, 0.75), (0.625, 0.625), (0.5833333, 0.75), (0.625, 0.75), (0.625, 0.625), (0.625, 0.625), (0.625, 0.75), (0.6666667, 0.625), (0.625, 0.75), (0.6666667, 0.75), (0.6666667, 0.625), (0.6666667, 0.625), (0.6666667, 0.75), (0.7083333, 0.625), (0.6666667, 0.75), (0.7083333, 0.75), (0.7083333, 0.625), (0.7083333, 0.625), (0.7083333, 0.75), (0.75, 0.625), (0.7083333, 0.75), (0.75, 0.75), (0.75, 0.625), (0.75, 0.625), (0.75, 0.75), (0.7916667, 0.625), (0.75, 0.75), (0.7916667, 0.75), (0.7916667, 0.625), (0.7916667, 0.625), (0.7916667, 0.75), (0.8333333, 0.625), (0.7916667, 0.75), (0.8333333, 0.75), (0.8333333, 0.625), (0.8333333, 0.625), (0.8333333, 0.75), (0.875, 0.625), (0.8333333, 0.75), (0.875, 0.75), (0.875, 0.625), (0.875, 0.625), (0.875, 0.75), (0.9166667, 0.625), (0.875, 0.75), (0.9166667, 0.75), (0.9166667, 0.625), (0.9166667, 0.625), (0.9166667, 0.75), (0.9583333, 0.625), (0.9166667, 0.75), (0.9583333, 0.75), (0.9583333, 0.625), (0.9583333, 0.625), (0.9583333, 0.75), (1, 0.625), (0.9583333, 0.75), (1, 0.75), (1, 0.625), (0, 0.5), (0, 0.625), (0.041666668, 0.5), (0, 0.625), (0.041666668, 0.625), (0.041666668, 0.5), (0.041666668, 0.5), (0.041666668, 0.625), (0.083333336, 0.5), (0.041666668, 0.625), (0.083333336, 0.625), (0.083333336, 0.5), (0.083333336, 0.5), (0.083333336, 0.625), (0.125, 0.5), (0.083333336, 0.625), (0.125, 0.625), (0.125, 0.5), (0.125, 0.5), (0.125, 0.625), (0.16666667, 0.5), (0.125, 0.625), (0.16666667, 0.625), (0.16666667, 0.5), (0.16666667, 0.5), (0.16666667, 0.625), (0.20833333, 0.5), (0.16666667, 0.625), (0.20833333, 0.625), (0.20833333, 0.5), (0.20833333, 0.5), (0.20833333, 0.625), (0.25, 0.5), (0.20833333, 0.625), (0.25, 0.625), (0.25, 0.5), (0.25, 0.5), (0.25, 0.625), (0.29166666, 0.5), (0.25, 0.625), (0.29166666, 0.625), (0.29166666, 0.5), (0.29166666, 0.5), (0.29166666, 0.625), (0.33333334, 0.5), (0.29166666, 0.625), (0.33333334, 0.625), (0.33333334, 0.5), (0.33333334, 0.5), (0.33333334, 0.625), (0.375, 0.5), (0.33333334, 0.625), (0.375, 0.625), (0.375, 0.5), (0.375, 0.5), (0.375, 0.625), (0.41666666, 0.5), (0.375, 0.625), (0.41666666, 0.625), (0.41666666, 0.5), (0.41666666, 0.5), (0.41666666, 0.625), (0.45833334, 0.5), (0.41666666, 0.625), (0.45833334, 0.625), (0.45833334, 0.5), (0.45833334, 0.5), (0.45833334, 0.625), (0.5, 0.5), (0.45833334, 0.625), (0.5, 0.625), (0.5, 0.5), (0.5, 0.5), (0.5, 0.625), (0.5416667, 0.5), (0.5, 0.625), (0.5416667, 0.625), (0.5416667, 0.5), (0.5416667, 0.5), (0.5416667, 0.625), (0.5833333, 0.5), (0.5416667, 0.625), (0.5833333, 0.625), (0.5833333, 0.5), (0.5833333, 0.5), (0.5833333, 0.625), (0.625, 0.5), (0.5833333, 0.625), (0.625, 0.625), (0.625, 0.5), (0.625, 0.5), (0.625, 0.625), (0.6666667, 0.5), (0.625, 0.625), (0.6666667, 0.625), (0.6666667, 0.5), (0.6666667, 0.5), (0.6666667, 0.625), (0.7083333, 0.5), (0.6666667, 0.625), (0.7083333, 0.625), (0.7083333, 0.5), (0.7083333, 0.5), (0.7083333, 0.625), (0.75, 0.5), (0.7083333, 0.625), (0.75, 0.625), (0.75, 0.5), (0.75, 0.5), (0.75, 0.625), (0.7916667, 0.5), (0.75, 0.625), (0.7916667, 0.625), (0.7916667, 0.5), (0.7916667, 0.5), (0.7916667, 0.625), (0.8333333, 0.5), (0.7916667, 0.625), (0.8333333, 0.625), (0.8333333, 0.5), (0.8333333, 0.5), (0.8333333, 0.625), (0.875, 0.5), (0.8333333, 0.625), (0.875, 0.625), (0.875, 0.5), (0.875, 0.5), (0.875, 0.625), (0.9166667, 0.5), (0.875, 0.625), (0.9166667, 0.625), (0.9166667, 0.5), (0.9166667, 0.5), (0.9166667, 0.625), (0.9583333, 0.5), (0.9166667, 0.625), (0.9583333, 0.625), (0.9583333, 0.5), (0.9583333, 0.5), (0.9583333, 0.625), (1, 0.5), (0.9583333, 0.625), (1, 0.625), (1, 0.5), (0, 0.375), (0, 0.5), (0.041666668, 0.375), (0, 0.5), (0.041666668, 0.5), (0.041666668, 0.375), (0.041666668, 0.375), (0.041666668, 0.5), (0.083333336, 0.375), (0.041666668, 0.5), (0.083333336, 0.5), (0.083333336, 0.375), (0.083333336, 0.375), (0.083333336, 0.5), (0.125, 0.375), (0.083333336, 0.5), (0.125, 0.5), (0.125, 0.375), (0.125, 0.375), (0.125, 0.5), (0.16666667, 0.375), (0.125, 0.5), (0.16666667, 0.5), (0.16666667, 0.375), (0.16666667, 0.375), (0.16666667, 0.5), (0.20833333, 0.375), (0.16666667, 0.5), (0.20833333, 0.5), (0.20833333, 0.375), (0.20833333, 0.375), (0.20833333, 0.5), (0.25, 0.375), (0.20833333, 0.5), (0.25, 0.5), (0.25, 0.375), (0.25, 0.375), (0.25, 0.5), (0.29166666, 0.375), (0.25, 0.5), (0.29166666, 0.5), (0.29166666, 0.375), (0.29166666, 0.375), (0.29166666, 0.5), (0.33333334, 0.375), (0.29166666, 0.5), (0.33333334, 0.5), (0.33333334, 0.375), (0.33333334, 0.375), (0.33333334, 0.5), (0.375, 0.375), (0.33333334, 0.5), (0.375, 0.5), (0.375, 0.375), (0.375, 0.375), (0.375, 0.5), (0.41666666, 0.375), (0.375, 0.5), (0.41666666, 0.5), (0.41666666, 0.375), (0.41666666, 0.375), (0.41666666, 0.5), (0.45833334, 0.375), (0.41666666, 0.5), (0.45833334, 0.5), (0.45833334, 0.375), (0.45833334, 0.375), (0.45833334, 0.5), (0.5, 0.375), (0.45833334, 0.5), (0.5, 0.5), (0.5, 0.375), (0.5, 0.375), (0.5, 0.5), (0.5416667, 0.375), (0.5, 0.5), (0.5416667, 0.5), (0.5416667, 0.375), (0.5416667, 0.375), (0.5416667, 0.5), (0.5833333, 0.375), (0.5416667, 0.5), (0.5833333, 0.5), (0.5833333, 0.375), (0.5833333, 0.375), (0.5833333, 0.5), (0.625, 0.375), (0.5833333, 0.5), (0.625, 0.5), (0.625, 0.375), (0.625, 0.375), (0.625, 0.5), (0.6666667, 0.375), (0.625, 0.5), (0.6666667, 0.5), (0.6666667, 0.375), (0.6666667, 0.375), (0.6666667, 0.5), (0.7083333, 0.375), (0.6666667, 0.5), (0.7083333, 0.5), (0.7083333, 0.375), (0.7083333, 0.375), (0.7083333, 0.5), (0.75, 0.375), (0.7083333, 0.5), (0.75, 0.5), (0.75, 0.375), (0.75, 0.375), (0.75, 0.5), (0.7916667, 0.375), (0.75, 0.5), (0.7916667, 0.5), (0.7916667, 0.375), (0.7916667, 0.375), (0.7916667, 0.5), (0.8333333, 0.375), (0.7916667, 0.5), (0.8333333, 0.5), (0.8333333, 0.375), (0.8333333, 0.375), (0.8333333, 0.5), (0.875, 0.375), (0.8333333, 0.5), (0.875, 0.5), (0.875, 0.375), (0.875, 0.375), (0.875, 0.5), (0.9166667, 0.375), (0.875, 0.5), (0.9166667, 0.5), (0.9166667, 0.375), (0.9166667, 0.375), (0.9166667, 0.5), (0.9583333, 0.375), (0.9166667, 0.5), (0.9583333, 0.5), (0.9583333, 0.375), (0.9583333, 0.375), (0.9583333, 0.5), (1, 0.375), (0.9583333, 0.5), (1, 0.5), (1, 0.375), (0, 0.25), (0, 0.375), (0.041666668, 0.25), (0, 0.375), (0.041666668, 0.375), (0.041666668, 0.25), (0.041666668, 0.25), (0.041666668, 0.375), (0.083333336, 0.25), (0.041666668, 0.375), (0.083333336, 0.375), (0.083333336, 0.25), (0.083333336, 0.25), (0.083333336, 0.375), (0.125, 0.25), (0.083333336, 0.375), (0.125, 0.375), (0.125, 0.25), (0.125, 0.25), (0.125, 0.375), (0.16666667, 0.25), (0.125, 0.375), (0.16666667, 0.375), (0.16666667, 0.25), (0.16666667, 0.25), (0.16666667, 0.375), (0.20833333, 0.25), (0.16666667, 0.375), (0.20833333, 0.375), (0.20833333, 0.25), (0.20833333, 0.25), (0.20833333, 0.375), (0.25, 0.25), (0.20833333, 0.375), (0.25, 0.375), (0.25, 0.25), (0.25, 0.25), (0.25, 0.375), (0.29166666, 0.25), (0.25, 0.375), (0.29166666, 0.375), (0.29166666, 0.25), (0.29166666, 0.25), (0.29166666, 0.375), (0.33333334, 0.25), (0.29166666, 0.375), (0.33333334, 0.375), (0.33333334, 0.25), (0.33333334, 0.25), (0.33333334, 0.375), (0.375, 0.25), (0.33333334, 0.375), (0.375, 0.375), (0.375, 0.25), (0.375, 0.25), (0.375, 0.375), (0.41666666, 0.25), (0.375, 0.375), (0.41666666, 0.375), (0.41666666, 0.25), (0.41666666, 0.25), (0.41666666, 0.375), (0.45833334, 0.25), (0.41666666, 0.375), (0.45833334, 0.375), (0.45833334, 0.25), (0.45833334, 0.25), (0.45833334, 0.375), (0.5, 0.25), (0.45833334, 0.375), (0.5, 0.375), (0.5, 0.25), (0.5, 0.25), (0.5, 0.375), (0.5416667, 0.25), (0.5, 0.375), (0.5416667, 0.375), (0.5416667, 0.25), (0.5416667, 0.25), (0.5416667, 0.375), (0.5833333, 0.25), (0.5416667, 0.375), (0.5833333, 0.375), (0.5833333, 0.25), (0.5833333, 0.25), (0.5833333, 0.375), (0.625, 0.25), (0.5833333, 0.375), (0.625, 0.375), (0.625, 0.25), (0.625, 0.25), (0.625, 0.375), (0.6666667, 0.25), (0.625, 0.375), (0.6666667, 0.375), (0.6666667, 0.25), (0.6666667, 0.25), (0.6666667, 0.375), (0.7083333, 0.25), (0.6666667, 0.375), (0.7083333, 0.375), (0.7083333, 0.25), (0.7083333, 0.25), (0.7083333, 0.375), (0.75, 0.25), (0.7083333, 0.375), (0.75, 0.375), (0.75, 0.25), (0.75, 0.25), (0.75, 0.375), (0.7916667, 0.25), (0.75, 0.375), (0.7916667, 0.375), (0.7916667, 0.25), (0.7916667, 0.25), (0.7916667, 0.375), (0.8333333, 0.25), (0.7916667, 0.375), (0.8333333, 0.375), (0.8333333, 0.25), (0.8333333, 0.25), (0.8333333, 0.375), (0.875, 0.25), (0.8333333, 0.375), (0.875, 0.375), (0.875, 0.25), (0.875, 0.25), (0.875, 0.375), (0.9166667, 0.25), (0.875, 0.375), (0.9166667, 0.375), (0.9166667, 0.25), (0.9166667, 0.25), (0.9166667, 0.375), (0.9583333, 0.25), (0.9166667, 0.375), (0.9583333, 0.375), (0.9583333, 0.25), (0.9583333, 0.25), (0.9583333, 0.375), (1, 0.25), (0.9583333, 0.375), (1, 0.375), (1, 0.25), (0, 0.125), (0, 0.25), (0.041666668, 0.125), (0, 0.25), (0.041666668, 0.25), (0.041666668, 0.125), (0.041666668, 0.125), (0.041666668, 0.25), (0.083333336, 0.125), (0.041666668, 0.25), (0.083333336, 0.25), (0.083333336, 0.125), (0.083333336, 0.125), (0.083333336, 0.25), (0.125, 0.125), (0.083333336, 0.25), (0.125, 0.25), (0.125, 0.125), (0.125, 0.125), (0.125, 0.25), (0.16666667, 0.125), (0.125, 0.25), (0.16666667, 0.25), (0.16666667, 0.125), (0.16666667, 0.125), (0.16666667, 0.25), (0.20833333, 0.125), (0.16666667, 0.25), (0.20833333, 0.25), (0.20833333, 0.125), (0.20833333, 0.125), (0.20833333, 0.25), (0.25, 0.125), (0.20833333, 0.25), (0.25, 0.25), (0.25, 0.125), (0.25, 0.125), (0.25, 0.25), (0.29166666, 0.125), (0.25, 0.25), (0.29166666, 0.25), (0.29166666, 0.125), (0.29166666, 0.125), (0.29166666, 0.25), (0.33333334, 0.125), (0.29166666, 0.25), (0.33333334, 0.25), (0.33333334, 0.125), (0.33333334, 0.125), (0.33333334, 0.25), (0.375, 0.125), (0.33333334, 0.25), (0.375, 0.25), (0.375, 0.125), (0.375, 0.125), (0.375, 0.25), (0.41666666, 0.125), (0.375, 0.25), (0.41666666, 0.25), (0.41666666, 0.125), (0.41666666, 0.125), (0.41666666, 0.25), (0.45833334, 0.125), (0.41666666, 0.25), (0.45833334, 0.25), (0.45833334, 0.125), (0.45833334, 0.125), (0.45833334, 0.25), (0.5, 0.125), (0.45833334, 0.25), (0.5, 0.25), (0.5, 0.125), (0.5, 0.125), (0.5, 0.25), (0.5416667, 0.125), (0.5, 0.25), (0.5416667, 0.25), (0.5416667, 0.125), (0.5416667, 0.125), (0.5416667, 0.25), (0.5833333, 0.125), (0.5416667, 0.25), (0.5833333, 0.25), (0.5833333, 0.125), (0.5833333, 0.125), (0.5833333, 0.25), (0.625, 0.125), (0.5833333, 0.25), (0.625, 0.25), (0.625, 0.125), (0.625, 0.125), (0.625, 0.25), (0.6666667, 0.125), (0.625, 0.25), (0.6666667, 0.25), (0.6666667, 0.125), (0.6666667, 0.125), (0.6666667, 0.25), (0.7083333, 0.125), (0.6666667, 0.25), (0.7083333, 0.25), (0.7083333, 0.125), (0.7083333, 0.125), (0.7083333, 0.25), (0.75, 0.125), (0.7083333, 0.25), (0.75, 0.25), (0.75, 0.125), (0.75, 0.125), (0.75, 0.25), (0.7916667, 0.125), (0.75, 0.25), (0.7916667, 0.25), (0.7916667, 0.125), (0.7916667, 0.125), (0.7916667, 0.25), (0.8333333, 0.125), (0.7916667, 0.25), (0.8333333, 0.25), (0.8333333, 0.125), (0.8333333, 0.125), (0.8333333, 0.25), (0.875, 0.125), (0.8333333, 0.25), (0.875, 0.25), (0.875, 0.125), (0.875, 0.125), (0.875, 0.25), (0.9166667, 0.125), (0.875, 0.25), (0.9166667, 0.25), (0.9166667, 0.125), (0.9166667, 0.125), (0.9166667, 0.25), (0.9583333, 0.125), (0.9166667, 0.25), (0.9583333, 0.25), (0.9583333, 0.125), (0.9583333, 0.125), (0.9583333, 0.25), (1, 0.125), (0.9583333, 0.25), (1, 0.25), (1, 0.125), (0, 0), (0, 0.125), (0.041666668, 0), (0, 0.125), (0.041666668, 0.125), (0.041666668, 0), (0.041666668, 0), (0.041666668, 0.125), (0.083333336, 0), (0.041666668, 0.125), (0.083333336, 0.125), (0.083333336, 0), (0.083333336, 0), (0.083333336, 0.125), (0.125, 0), (0.083333336, 0.125), (0.125, 0.125), (0.125, 0), (0.125, 0), (0.125, 0.125), (0.16666667, 0), (0.125, 0.125), (0.16666667, 0.125), (0.16666667, 0), (0.16666667, 0), (0.16666667, 0.125), (0.20833333, 0), (0.16666667, 0.125), (0.20833333, 0.125), (0.20833333, 0), (0.20833333, 0), (0.20833333, 0.125), (0.25, 0), (0.20833333, 0.125), (0.25, 0.125), (0.25, 0), (0.25, 0), (0.25, 0.125), (0.29166666, 0), (0.25, 0.125), (0.29166666, 0.125), (0.29166666, 0), (0.29166666, 0), (0.29166666, 0.125), (0.33333334, 0), (0.29166666, 0.125), (0.33333334, 0.125), (0.33333334, 0), (0.33333334, 0), (0.33333334, 0.125), (0.375, 0), (0.33333334, 0.125), (0.375, 0.125), (0.375, 0), (0.375, 0), (0.375, 0.125), (0.41666666, 0), (0.375, 0.125), (0.41666666, 0.125), (0.41666666, 0), (0.41666666, 0), (0.41666666, 0.125), (0.45833334, 0), (0.41666666, 0.125), (0.45833334, 0.125), (0.45833334, 0), (0.45833334, 0), (0.45833334, 0.125), (0.5, 0), (0.45833334, 0.125), (0.5, 0.125), (0.5, 0), (0.5, 0), (0.5, 0.125), (0.5416667, 0), (0.5, 0.125), (0.5416667, 0.125), (0.5416667, 0), (0.5416667, 0), (0.5416667, 0.125), (0.5833333, 0), (0.5416667, 0.125), (0.5833333, 0.125), (0.5833333, 0), (0.5833333, 0), (0.5833333, 0.125), (0.625, 0), (0.5833333, 0.125), (0.625, 0.125), (0.625, 0), (0.625, 0), (0.625, 0.125), (0.6666667, 0), (0.625, 0.125), (0.6666667, 0.125), (0.6666667, 0), (0.6666667, 0), (0.6666667, 0.125), (0.7083333, 0), (0.6666667, 0.125), (0.7083333, 0.125), (0.7083333, 0), (0.7083333, 0), (0.7083333, 0.125), (0.75, 0), (0.7083333, 0.125), (0.75, 0.125), (0.75, 0), (0.75, 0), (0.75, 0.125), (0.7916667, 0), (0.75, 0.125), (0.7916667, 0.125), (0.7916667, 0), (0.7916667, 0), (0.7916667, 0.125), (0.8333333, 0), (0.7916667, 0.125), (0.8333333, 0.125), (0.8333333, 0), (0.8333333, 0), (0.8333333, 0.125), (0.875, 0), (0.8333333, 0.125), (0.875, 0.125), (0.875, 0), (0.875, 0), (0.875, 0.125), (0.9166667, 0), (0.875, 0.125), (0.9166667, 0.125), (0.9166667, 0), (0.9166667, 0), (0.9166667, 0.125), (0.9583333, 0), (0.9166667, 0.125), (0.9583333, 0.125), (0.9583333, 0), (0.9583333, 0), (0.9583333, 0.125), (1, 0), (0.9583333, 0.125), (1, 0.125), (1, 0)] (
                    interpolation = "faceVarying"
                )
                uniform token subdivisionScheme = "none"
                custom string userProperties:blender:data_name = "Mesh_8.014"
            }
        }

        def Xform "magnet_ring_2_1"
        {
            custom string userProperties:blender:object_name = "magnet_ring_2_1"
            float3 xformOp:rotateXYZ = (0, -0, 90.00001)
            float3 xformOp:scale = (1.0000001, 1.0000001, 1)
            double3 xformOp:translate = (0.23000000417232513, 0, 0.6499999761581421)
            uniform token[] xformOpOrder = ["xformOp:translate", "xformOp:rotateXYZ", "xformOp:scale"]

            def Mesh "Mesh_4_019" (
                active = true
                prepend apiSchemas = ["MaterialBindingAPI"]
            )
            {
                uniform bool doubleSided = 0
                float3[] extent = [(-0.335, -0.035, -0.335), (0.335, 0.035, 0.335)]
                int[] faceVertexCounts = [3, 3, 3, 3, 3, 3, 3, 3, 3, 3, 3, 3, 3, 3, 3, 3, 3, 3, 3, 3, 3, 3, 3, 3, 3, 3, 3, 3, 3, 3, 3, 3, 3, 3, 3, 3, 3, 3, 3, 3, 3, 3, 3, 3, 3, 3, 3, 3, 3, 3, 3, 3, 3, 3, 3, 3, 3, 3, 3, 3, 3, 3, 3, 3, 3, 3, 3, 3, 3, 3, 3, 3, 3, 3, 3, 3, 3, 3, 3, 3, 3, 3, 3, 3, 3, 3, 3, 3, 3, 3, 3, 3, 3, 3, 3, 3, 3, 3, 3, 3, 3, 3, 3, 3, 3, 3, 3, 3, 3, 3, 3, 3, 3, 3, 3, 3, 3, 3, 3, 3, 3, 3, 3, 3, 3, 3, 3, 3, 3, 3, 3, 3, 3, 3, 3, 3, 3, 3, 3, 3, 3, 3, 3, 3, 3, 3, 3, 3, 3, 3, 3, 3, 3, 3, 3, 3, 3, 3, 3, 3, 3, 3, 3, 3, 3, 3, 3, 3, 3, 3, 3, 3, 3, 3, 3, 3, 3, 3, 3, 3, 3, 3, 3, 3, 3, 3, 3, 3, 3, 3, 3, 3, 3, 3, 3, 3, 3, 3, 3, 3, 3, 3, 3, 3, 3, 3, 3, 3, 3, 3, 3, 3, 3, 3, 3, 3, 3, 3, 3, 3, 3, 3, 3, 3, 3, 3, 3, 3, 3, 3, 3, 3, 3, 3, 3, 3, 3, 3, 3, 3, 3, 3, 3, 3, 3, 3, 3, 3, 3, 3, 3, 3, 3, 3, 3, 3, 3, 3, 3, 3, 3, 3, 3, 3, 3, 3, 3, 3, 3, 3, 3, 3, 3, 3, 3, 3, 3, 3, 3, 3, 3, 3, 3, 3, 3, 3, 3, 3, 3, 3, 3, 3, 3, 3, 3, 3, 3, 3, 3, 3, 3, 3, 3, 3, 3, 3, 3, 3, 3, 3, 3, 3, 3, 3, 3, 3, 3, 3, 3, 3, 3, 3, 3, 3, 3, 3, 3, 3, 3, 3, 3, 3, 3, 3, 3, 3, 3, 3, 3, 3, 3, 3, 3, 3, 3, 3, 3, 3, 3, 3, 3, 3, 3, 3, 3, 3, 3, 3, 3, 3, 3, 3, 3, 3, 3, 3, 3, 3, 3, 3, 3, 3, 3, 3, 3, 3, 3, 3, 3, 3, 3, 3, 3, 3]
                int[] faceVertexIndices = [25, 0, 26, 0, 1, 26, 26, 1, 27, 1, 2, 27, 27, 2, 28, 2, 3, 28, 28, 3, 29, 3, 4, 29, 29, 4, 30, 4, 5, 30, 30, 5, 31, 5, 6, 31, 31, 6, 32, 6, 7, 32, 32, 7, 33, 7, 8, 33, 33, 8, 34, 8, 9, 34, 34, 9, 35, 9, 10, 35, 35, 10, 36, 10, 11, 36, 36, 11, 37, 11, 12, 37, 37, 12, 38, 12, 13, 38, 38, 13, 39, 13, 14, 39, 39, 14, 40, 14, 15, 40, 40, 15, 41, 15, 16, 41, 41, 16, 42, 16, 17, 42, 42, 17, 43, 17, 18, 43, 43, 18, 44, 18, 19, 44, 44, 19, 45, 19, 20, 45, 45, 20, 46, 20, 21, 46, 46, 21, 47, 21, 22, 47, 47, 22, 48, 22, 23, 48, 48, 23, 49, 23, 24, 49, 50, 25, 51, 25, 26, 51, 51, 26, 52, 26, 27, 52, 52, 27, 53, 27, 28, 53, 53, 28, 54, 28, 29, 54, 54, 29, 55, 29, 30, 55, 55, 30, 56, 30, 31, 56, 56, 31, 57, 31, 32, 57, 57, 32, 58, 32, 33, 58, 58, 33, 59, 33, 34, 59, 59, 34, 60, 34, 35, 60, 60, 35, 61, 35, 36, 61, 61, 36, 62, 36, 37, 62, 62, 37, 63, 37, 38, 63, 63, 38, 64, 38, 39, 64, 64, 39, 65, 39, 40, 65, 65, 40, 66, 40, 41, 66, 66, 41, 67, 41, 42, 67, 67, 42, 68, 42, 43, 68, 68, 43, 69, 43, 44, 69, 69, 44, 70, 44, 45, 70, 70, 45, 71, 45, 46, 71, 71, 46, 72, 46, 47, 72, 72, 47, 73, 47, 48, 73, 73, 48, 74, 48, 49, 74, 75, 50, 76, 50, 51, 76, 76, 51, 77, 51, 52, 77, 77, 52, 78, 52, 53, 78, 78, 53, 79, 53, 54, 79, 79, 54, 80, 54, 55, 80, 80, 55, 81, 55, 56, 81, 81, 56, 82, 56, 57, 82, 82, 57, 83, 57, 58, 83, 83, 58, 84, 58, 59, 84, 84, 59, 85, 59, 60, 85, 85, 60, 86, 60, 61, 86, 86, 61, 87, 61, 62, 87, 87, 62, 88, 62, 63, 88, 88, 63, 89, 63, 64, 89, 89, 64, 90, 64, 65, 90, 90, 65, 91, 65, 66, 91, 91, 66, 92, 66, 67, 92, 92, 67, 93, 67, 68, 93, 93, 68, 94, 68, 69, 94, 94, 69, 95, 69, 70, 95, 95, 70, 96, 70, 71, 96, 96, 71, 97, 71, 72, 97, 97, 72, 98, 72, 73, 98, 98, 73, 99, 73, 74, 99, 100, 75, 101, 75, 76, 101, 101, 76, 102, 76, 77, 102, 102, 77, 103, 77, 78, 103, 103, 78, 104, 78, 79, 104, 104, 79, 105, 79, 80, 105, 105, 80, 106, 80, 81, 106, 106, 81, 107, 81, 82, 107, 107, 82, 108, 82, 83, 108, 108, 83, 109, 83, 84, 109, 109, 84, 110, 84, 85, 110, 110, 85, 111, 85, 86, 111, 111, 86, 112, 86, 87, 112, 112, 87, 113, 87, 88, 113, 113, 88, 114, 88, 89, 114, 114, 89, 115, 89, 90, 115, 115, 90, 116, 90, 91, 116, 116, 91, 117, 91, 92, 117, 117, 92, 118, 92, 93, 118, 118, 93, 119, 93, 94, 119, 119, 94, 120, 94, 95, 120, 120, 95, 121, 95, 96, 121, 121, 96, 122, 96, 97, 122, 122, 97, 123, 97, 98, 123, 123, 98, 124, 98, 99, 124, 125, 100, 126, 100, 101, 126, 126, 101, 127, 101, 102, 127, 127, 102, 128, 102, 103, 128, 128, 103, 129, 103, 104, 129, 129, 104, 130, 104, 105, 130, 130, 105, 131, 105, 106, 131, 131, 106, 132, 106, 107, 132, 132, 107, 133, 107, 108, 133, 133, 108, 134, 108, 109, 134, 134, 109, 135, 109, 110, 135, 135, 110, 136, 110, 111, 136, 136, 111, 137, 111, 112, 137, 137, 112, 138, 112, 113, 138, 138, 113, 139, 113, 114, 139, 139, 114, 140, 114, 115, 140, 140, 115, 141, 115, 116, 141, 141, 116, 142, 116, 117, 142, 142, 117, 143, 117, 118, 143, 143, 118, 144, 118, 119, 144, 144, 119, 145, 119, 120, 145, 145, 120, 146, 120, 121, 146, 146, 121, 147, 121, 122, 147, 147, 122, 148, 122, 123, 148, 148, 123, 149, 123, 124, 149, 150, 125, 151, 125, 126, 151, 151, 126, 152, 126, 127, 152, 152, 127, 153, 127, 128, 153, 153, 128, 154, 128, 129, 154, 154, 129, 155, 129, 130, 155, 155, 130, 156, 130, 131, 156, 156, 131, 157, 131, 132, 157, 157, 132, 158, 132, 133, 158, 158, 133, 159, 133, 134, 159, 159, 134, 160, 134, 135, 160, 160, 135, 161, 135, 136, 161, 161, 136, 162, 136, 137, 162, 162, 137, 163, 137, 138, 163, 163, 138, 164, 138, 139, 164, 164, 139, 165, 139, 140, 165, 165, 140, 166, 140, 141, 166, 166, 141, 167, 141, 142, 167, 167, 142, 168, 142, 143, 168, 168, 143, 169, 143, 144, 169, 169, 144, 170, 144, 145, 170, 170, 145, 171, 145, 146, 171, 171, 146, 172, 146, 147, 172, 172, 147, 173, 147, 148, 173, 173, 148, 174, 148, 149, 174, 175, 150, 176, 150, 151, 176, 176, 151, 177, 151, 152, 177, 177, 152, 178, 152, 153, 178, 178, 153, 179, 153, 154, 179, 179, 154, 180, 154, 155, 180, 180, 155, 181, 155, 156, 181, 181, 156, 182, 156, 157, 182, 182, 157, 183, 157, 158, 183, 183, 158, 184, 158, 159, 184, 184, 159, 185, 159, 160, 185, 185, 160, 186, 160, 161, 186, 186, 161, 187, 161, 162, 187, 187, 162, 188, 162, 163, 188, 188, 163, 189, 163, 164, 189, 189, 164, 190, 164, 165, 190, 190, 165, 191, 165, 166, 191, 191, 166, 192, 166, 167, 192, 192, 167, 193, 167, 168, 193, 193, 168, 194, 168, 169, 194, 194, 169, 195, 169, 170, 195, 195, 170, 196, 170, 171, 196, 196, 171, 197, 171, 172, 197, 197, 172, 198, 172, 173, 198, 198, 173, 199, 173, 174, 199, 200, 175, 201, 175, 176, 201, 201, 176, 202, 176, 177, 202, 202, 177, 203, 177, 178, 203, 203, 178, 204, 178, 179, 204, 204, 179, 205, 179, 180, 205, 205, 180, 206, 180, 181, 206, 206, 181, 207, 181, 182, 207, 207, 182, 208, 182, 183, 208, 208, 183, 209, 183, 184, 209, 209, 184, 210, 184, 185, 210, 210, 185, 211, 185, 186, 211, 211, 186, 212, 186, 187, 212, 212, 187, 213, 187, 188, 213, 213, 188, 214, 188, 189, 214, 214, 189, 215, 189, 190, 215, 215, 190, 216, 190, 191, 216, 216, 191, 217, 191, 192, 217, 217, 192, 218, 192, 193, 218, 218, 193, 219, 193, 194, 219, 219, 194, 220, 194, 195, 220, 220, 195, 221, 195, 196, 221, 221, 196, 222, 196, 197, 222, 222, 197, 223, 197, 198, 223, 223, 198, 224, 198, 199, 224]
                rel material:binding = </root/_materials/Material_4_019>
                normal3f[] normals = [(0.70710933, -0.7071044, 0.000011637807), (1, -0.000027388334, 0.00002007559), (0.68301606, -0.70710266, 0.18301621), (1, -0.000027388334, 0.00002007559), (0.96592087, -0.000018656254, 0.2588376), (0.68301606, -0.70710266, 0.18301621), (0.68301606, -0.70710266, 0.18301621), (0.96592087, -0.000018656254, 0.2588376), (0.61237496, -0.7071024, 0.35355762), (0.96592087, -0.000018656254, 0.2588376), (0.866016, -0.000017821789, 0.5000164), (0.61237496, -0.7071024, 0.35355762), (0.61237496, -0.7071024, 0.35355762), (0.866016, -0.000017821789, 0.5000164), (0.50000125, -0.7071025, 0.5000048), (0.866016, -0.000017821789, 0.5000164), (0.7070931, -0.000018000603, 0.7071204), (0.50000125, -0.7071025, 0.5000048), (0.50000125, -0.7071025, 0.5000048), (0.7070931, -0.000018000603, 0.7071204), (0.35355353, -0.70710254, 0.61237735), (0.7070931, -0.000018000603, 0.7071204), (0.4999836, -0.000018119812, 0.86603487), (0.35355353, -0.70710254, 0.61237735), (0.35355353, -0.70710254, 0.61237735), (0.4999836, -0.000018119812, 0.86603487), (0.18301143, -0.7071025, 0.68301755), (0.4999836, -0.000018119812, 0.86603487), (0.2588005, -0.000018239021, 0.9659308), (0.18301143, -0.7071025, 0.68301755), (0.18301143, -0.7071025, 0.68301755), (0.2588005, -0.000018239021, 0.9659308), (-0.0000024670735, -0.7071025, 0.707111), (0.2588005, -0.000018239021, 0.9659308), (-0.000019205734, -0.000018268824, 0.99999994), (-0.0000024670735, -0.7071025, 0.707111), (-0.0000024670735, -0.7071025, 0.707111), (-0.000019205734, -0.000018268824, 0.99999994), (-0.18301632, -0.7071025, 0.68301624), (-0.000019205734, -0.000018268824, 0.99999994), (-0.25883764, -0.000018119812, 0.9659208), (-0.18301632, -0.7071025, 0.68301624), (-0.18301632, -0.7071025, 0.68301624), (-0.25883764, -0.000018119812, 0.9659208), (-0.35355756, -0.70710266, 0.61237484), (-0.25883764, -0.000018119812, 0.9659208), (-0.50001657, -0.000018239021, 0.8660158), (-0.35355756, -0.70710266, 0.61237484), (-0.35355756, -0.70710266, 0.61237484), (-0.50001657, -0.000018239021, 0.8660158), (-0.50000495, -0.70710224, 0.5000015), (-0.50001657, -0.000018239021, 0.8660158), (-0.7071203, -0.000017493963, 0.70709324), (-0.50000495, -0.70710224, 0.5000015), (-0.50000495, -0.70710224, 0.5000015), (-0.7071203, -0.000017493963, 0.70709324), (-0.6123771, -0.70710284, 0.35355327), (-0.7071203, -0.000017493963, 0.70709324), (-0.866035, -0.000018894672, 0.4999834), (-0.6123771, -0.70710284, 0.35355327), (-0.6123771, -0.70710284, 0.35355327), (-0.866035, -0.000018894672, 0.4999834), (-0.68301743, -0.7071026, 0.18301141), (-0.866035, -0.000018894672, 0.4999834), (-0.9659308, -0.000018239021, 0.25880063), (-0.68301743, -0.7071026, 0.18301141), (-0.68301743, -0.7071026, 0.18301141), (-0.9659308, -0.000018239021, 0.25880063), (-0.7071112, -0.7071024, -0.000002478715), (-0.9659308, -0.000018239021, 0.25880063), (-1, -0.000018239021, -0.00001916103), (-0.7071112, -0.7071024, -0.000002478715), (-0.7071112, -0.7071024, -0.000002478715), (-1, -0.000018239021, -0.00001916103), (-0.68301606, -0.70710266, -0.18301621), (-1, -0.000018239021, -0.00001916103), (-0.96592087, -0.000018656254, -0.2588376), (-0.68301606, -0.70710266, -0.18301621), (-0.68301606, -0.70710266, -0.18301621), (-0.96592087, -0.000018656254, -0.2588376), (-0.61237496, -0.7071024, -0.35355762), (-0.96592087, -0.000018656254, -0.2588376), (-0.866016, -0.000017821789, -0.5000164), (-0.61237496, -0.7071024, -0.35355762), (-0.61237496, -0.7071024, -0.35355762), (-0.866016, -0.000017821789, -0.5000164), (-0.50000125, -0.7071025, -0.5000048), (-0.866016, -0.000017821789, -0.5000164), (-0.7070931, -0.000018000603, -0.7071204), (-0.50000125, -0.7071025, -0.5000048), (-0.50000125, -0.7071025, -0.5000048), (-0.7070931, -0.000018000603, -0.7071204), (-0.35355353, -0.70710254, -0.61237735), (-0.7070931, -0.000018000603, -0.7071204), (-0.4999836, -0.000018119812, -0.86603487), (-0.35355353, -0.70710254, -0.61237735), (-0.35355353, -0.70710254, -0.61237735), (-0.4999836, -0.000018119812, -0.86603487), (-0.18301143, -0.7071025, -0.68301755), (-0.4999836, -0.000018119812, -0.86603487), (-0.2588005, -0.000018239021, -0.9659308), (-0.18301143, -0.7071025, -0.68301755), (-0.18301143, -0.7071025, -0.68301755), (-0.2588005, -0.000018239021, -0.9659308), (0.0000024670735, -0.7071025, -0.707111), (-0.2588005, -0.000018239021, -0.9659308), (0.000019205734, -0.000018268824, -0.99999994), (0.0000024670735, -0.7071025, -0.707111), (0.0000024670735, -0.7071025, -0.707111), (0.000019205734, -0.000018268824, -0.99999994), (0.18301632, -0.7071025, -0.68301624), (0.000019205734, -0.000018268824, -0.99999994), (0.25883764, -0.000018119812, -0.9659208), (0.18301632, -0.7071025, -0.68301624), (0.18301632, -0.7071025, -0.68301624), (0.25883764, -0.000018119812, -0.9659208), (0.35355756, -0.70710266, -0.61237484), (0.25883764, -0.000018119812, -0.9659208), (0.50001657, -0.000018239021, -0.8660158), (0.35355756, -0.70710266, -0.61237484), (0.35355756, -0.70710266, -0.61237484), (0.50001657, -0.000018239021, -0.8660158), (0.50000495, -0.70710224, -0.5000015), (0.50001657, -0.000018239021, -0.8660158), (0.7071203, -0.000017493963, -0.70709324), (0.50000495, -0.70710224, -0.5000015), (0.50000495, -0.70710224, -0.5000015), (0.7071203, -0.000017493963, -0.70709324), (0.6123771, -0.70710284, -0.35355327), (0.7071203, -0.000017493963, -0.70709324), (0.866035, -0.000018894672, -0.4999834), (0.6123771, -0.70710284, -0.35355327), (0.6123771, -0.70710284, -0.35355327), (0.866035, -0.000018894672, -0.4999834), (0.68301743, -0.7071026, -0.18301141), (0.866035, -0.000018894672, -0.4999834), (0.9659308, -0.000018239021, -0.25880063), (0.68301743, -0.7071026, -0.18301141), (0.68301743, -0.7071026, -0.18301141), (0.9659308, -0.000018239021, -0.25880063), (0.7071108, -0.7071027, -0.000031791627), (0.9659308, -0.000018239021, -0.25880063), (0.99999994, -0.000033019576, -0.0000051036477), (0.7071108, -0.7071027, -0.000031791627), (0.000031879088, -1, 0.0000038994476), (0.70710933, -0.7071044, 0.000011637807), (6.183982e-7, -0.99999994, -0.0000016819686), (0.70710933, -0.7071044, 0.000011637807), (0.68301606, -0.70710266, 0.18301621), (6.183982e-7, -0.99999994, -0.0000016819686), (6.183982e-7, -0.99999994, -0.0000016819686), (0.68301606, -0.70710266, 0.18301621), (4.2282045e-7, -1, -0.0000018076971), (0.68301606, -0.70710266, 0.18301621), (0.61237496, -0.7071024, 0.35355762), (4.2282045e-7, -1, -0.0000018076971), (4.2282045e-7, -1, -0.0000018076971), (0.61237496, -0.7071024, 0.35355762), (0.0000011455268, -0.99999994, -0.0000013932586), (0.61237496, -0.7071024, 0.35355762), (0.50000125, -0.7071025, 0.5000048), (0.0000011455268, -0.99999994, -0.0000013932586), (0.0000011455268, -0.99999994, -0.0000013932586), (0.50000125, -0.7071025, 0.5000048), (0.0000014789402, -0.99999994, -9.3877316e-7), (0.50000125, -0.7071025, 0.5000048), (0.35355353, -0.70710254, 0.61237735), (0.0000014789402, -0.99999994, -9.3877316e-7), (0.0000014789402, -0.99999994, -9.3877316e-7), (0.35355353, -0.70710254, 0.61237735), (0.0000018076971, -0.99999994, -3.2410026e-7), (0.35355353, -0.70710254, 0.61237735), (0.18301143, -0.7071025, 0.68301755), (0.0000018076971, -0.99999994, -3.2410026e-7), (0.0000018076971, -0.99999994, -3.2410026e-7), (0.18301143, -0.7071025, 0.68301755), (0.0000018179417, -0.99999994, 1.4156103e-7), (0.18301143, -0.7071025, 0.68301755), (-0.0000024670735, -0.7071025, 0.707111), (0.0000018179417, -0.99999994, 1.4156103e-7), (0.0000018179417, -0.99999994, 1.4156103e-7), (-0.0000024670735, -0.7071025, 0.707111), (0.0000016358681, -0.99999994, 5.9977174e-7), (-0.0000024670735, -0.7071025, 0.707111), (-0.18301632, -0.7071025, 0.68301624), (0.0000016358681, -0.99999994, 5.9977174e-7), (0.0000016358681, -0.99999994, 5.9977174e-7), (-0.18301632, -0.7071025, 0.68301624), (0.0000017425045, -0.9999999, 6.053597e-7), (-0.18301632, -0.7071025, 0.68301624), (-0.35355756, -0.70710266, 0.61237484), (0.0000017425045, -0.9999999, 6.053597e-7), (0.0000017425045, -0.9999999, 6.053597e-7), (-0.35355756, -0.70710266, 0.61237484), (0.0000014081597, -0.99999994, 0.0000011734664), (-0.35355756, -0.70710266, 0.61237484), (-0.50000495, -0.70710224, 0.5000015), (0.0000014081597, -0.99999994, 0.0000011734664), (0.0000014081597, -0.99999994, 0.0000011734664), (-0.50000495, -0.70710224, 0.5000015), (0.0000010263175, -0.99999994, 0.0000015124679), (-0.50000495, -0.70710224, 0.5000015), (-0.6123771, -0.70710284, 0.35355327), (0.0000010263175, -0.99999994, 0.0000015124679), (0.0000010263175, -0.99999994, 0.0000015124679), (-0.6123771, -0.70710284, 0.35355327), (5.4202974e-7, -0.99999994, 0.0000016419217), (-0.6123771, -0.70710284, 0.35355327), (-0.68301743, -0.7071026, 0.18301141), (5.4202974e-7, -0.99999994, 0.0000016419217), (5.4202974e-7, -0.99999994, 0.0000016419217), (-0.68301743, -0.7071026, 0.18301141), (-1.8626451e-7, -0.99999994, 0.0000017792918), (-0.68301743, -0.7071026, 0.18301141), (-0.7071112, -0.7071024, -0.000002478715), (-1.8626451e-7, -0.99999994, 0.0000017792918), (-1.8626451e-7, -0.99999994, 0.0000017792918), (-0.7071112, -0.7071024, -0.000002478715), (-6.183982e-7, -0.99999994, 0.0000016819686), (-0.7071112, -0.7071024, -0.000002478715), (-0.68301606, -0.70710266, -0.18301621), (-6.183982e-7, -0.99999994, 0.0000016819686), (-6.183982e-7, -0.99999994, 0.0000016819686), (-0.68301606, -0.70710266, -0.18301621), (-4.2282045e-7, -1, 0.0000018076971), (-0.68301606, -0.70710266, -0.18301621), (-0.61237496, -0.7071024, -0.35355762), (-4.2282045e-7, -1, 0.0000018076971), (-4.2282045e-7, -1, 0.0000018076971), (-0.61237496, -0.7071024, -0.35355762), (-0.0000011455268, -0.99999994, 0.0000013932586), (-0.61237496, -0.7071024, -0.35355762), (-0.50000125, -0.7071025, -0.5000048), (-0.0000011455268, -0.99999994, 0.0000013932586), (-0.0000011455268, -0.99999994, 0.0000013932586), (-0.50000125, -0.7071025, -0.5000048), (-0.0000014789402, -0.99999994, 9.3877316e-7), (-0.50000125, -0.7071025, -0.5000048), (-0.35355353, -0.70710254, -0.61237735), (-0.0000014789402, -0.99999994, 9.3877316e-7), (-0.0000014789402, -0.99999994, 9.3877316e-7), (-0.35355353, -0.70710254, -0.61237735), (-0.0000018076971, -0.99999994, 3.2410026e-7), (-0.35355353, -0.70710254, -0.61237735), (-0.18301143, -0.7071025, -0.68301755), (-0.0000018076971, -0.99999994, 3.2410026e-7), (-0.0000018076971, -0.99999994, 3.2410026e-7), (-0.18301143, -0.7071025, -0.68301755), (-0.0000018179417, -0.99999994, -1.4156103e-7), (-0.18301143, -0.7071025, -0.68301755), (0.0000024670735, -0.7071025, -0.707111), (-0.0000018179417, -0.99999994, -1.4156103e-7), (-0.0000018179417, -0.99999994, -1.4156103e-7), (0.0000024670735, -0.7071025, -0.707111), (-0.0000016358681, -0.99999994, -5.9977174e-7), (0.0000024670735, -0.7071025, -0.707111), (0.18301632, -0.7071025, -0.68301624), (-0.0000016358681, -0.99999994, -5.9977174e-7), (-0.0000016358681, -0.99999994, -5.9977174e-7), (0.18301632, -0.7071025, -0.68301624), (-0.0000017425045, -0.9999999, -6.053597e-7), (0.18301632, -0.7071025, -0.68301624), (0.35355756, -0.70710266, -0.61237484), (-0.0000017425045, -0.9999999, -6.053597e-7), (-0.0000017425045, -0.9999999, -6.053597e-7), (0.35355756, -0.70710266, -0.61237484), (-0.0000014081597, -0.99999994, -0.0000011734664), (0.35355756, -0.70710266, -0.61237484), (0.50000495, -0.70710224, -0.5000015), (-0.0000014081597, -0.99999994, -0.0000011734664), (-0.0000014081597, -0.99999994, -0.0000011734664), (0.50000495, -0.70710224, -0.5000015), (-0.0000010263175, -0.99999994, -0.0000015124679), (0.50000495, -0.70710224, -0.5000015), (0.6123771, -0.70710284, -0.35355327), (-0.0000010263175, -0.99999994, -0.0000015124679), (-0.0000010263175, -0.99999994, -0.0000015124679), (0.6123771, -0.70710284, -0.35355327), (-5.4202974e-7, -0.99999994, -0.0000016419217), (0.6123771, -0.70710284, -0.35355327), (0.68301743, -0.7071026, -0.18301141), (-5.4202974e-7, -0.99999994, -0.0000016419217), (-5.4202974e-7, -0.99999994, -0.0000016419217), (0.68301743, -0.7071026, -0.18301141), (0.00003323535, -0.99999994, -0.000006923452), (0.68301743, -0.7071026, -0.18301141), (0.7071108, -0.7071027, -0.000031791627), (0.00003323535, -0.99999994, -0.000006923452), (-0.70710284, -0.7071106, -0.000031150877), (0.000031879088, -1, 0.0000038994476), (-0.6830106, -0.707109, -0.18301249), (0.000031879088, -1, 0.0000038994476), (6.183982e-7, -0.99999994, -0.0000016819686), (-0.6830106, -0.707109, -0.18301249), (-0.6830106, -0.707109, -0.18301249), (6.183982e-7, -0.99999994, -0.0000016819686), (-0.61237043, -0.7071089, -0.35355264), (6.183982e-7, -0.99999994, -0.0000016819686), (4.2282045e-7, -1, -0.0000018076971), (-0.61237043, -0.7071089, -0.35355264), (-0.61237043, -0.7071089, -0.35355264), (4.2282045e-7, -1, -0.0000018076971), (-0.49999818, -0.70710903, -0.49999857), (4.2282045e-7, -1, -0.0000018076971), (0.0000011455268, -0.99999994, -0.0000013932586), (-0.49999818, -0.70710903, -0.49999857), (-0.49999818, -0.70710903, -0.49999857), (0.0000011455268, -0.99999994, -0.0000013932586), (-0.35355213, -0.707109, -0.6123707), (0.0000011455268, -0.99999994, -0.0000013932586), (0.0000014789402, -0.99999994, -9.3877316e-7), (-0.35355213, -0.707109, -0.6123707), (-0.35355213, -0.707109, -0.6123707), (0.0000014789402, -0.99999994, -9.3877316e-7), (-0.18301181, -0.70710886, -0.6830108), (0.0000014789402, -0.99999994, -9.3877316e-7), (0.0000018076971, -0.99999994, -3.2410026e-7), (-0.18301181, -0.70710886, -0.6830108), (-0.18301181, -0.70710886, -0.6830108), (0.0000018076971, -0.99999994, -3.2410026e-7), (2.195593e-7, -0.7071092, -0.7071044), (0.0000018076971, -0.99999994, -3.2410026e-7), (0.0000018179417, -0.99999994, 1.4156103e-7), (2.195593e-7, -0.7071092, -0.7071044), (2.195593e-7, -0.7071092, -0.7071044), (0.0000018179417, -0.99999994, 1.4156103e-7), (0.18301257, -0.7071088, -0.6830106), (0.0000018179417, -0.99999994, 1.4156103e-7), (0.0000016358681, -0.99999994, 5.9977174e-7), (0.18301257, -0.7071088, -0.6830106), (0.18301257, -0.7071088, -0.6830106), (0.0000016358681, -0.99999994, 5.9977174e-7), (0.35355258, -0.7071089, -0.6123705), (0.0000016358681, -0.99999994, 5.9977174e-7), (0.0000017425045, -0.9999999, 6.053597e-7), (0.35355258, -0.7071089, -0.6123705), (0.35355258, -0.7071089, -0.6123705), (0.0000017425045, -0.9999999, 6.053597e-7), (0.49999836, -0.7071093, -0.49999818), (0.0000017425045, -0.9999999, 6.053597e-7), (0.0000014081597, -0.99999994, 0.0000011734664), (0.49999836, -0.7071093, -0.49999818), (0.49999836, -0.7071093, -0.49999818), (0.0000014081597, -0.99999994, 0.0000011734664), (0.6123706, -0.70710903, -0.353552), (0.0000014081597, -0.99999994, 0.0000011734664), (0.0000010263175, -0.99999994, 0.0000015124679), (0.6123706, -0.70710903, -0.353552), (0.6123706, -0.70710903, -0.353552), (0.0000010263175, -0.99999994, 0.0000015124679), (0.68301094, -0.7071086, -0.1830119), (0.0000010263175, -0.99999994, 0.0000015124679), (5.4202974e-7, -0.99999994, 0.0000016419217), (0.68301094, -0.7071086, -0.1830119), (0.68301094, -0.7071086, -0.1830119), (5.4202974e-7, -0.99999994, 0.0000016419217), (0.70710415, -0.70710945, 1.9883737e-7), (5.4202974e-7, -0.99999994, 0.0000016419217), (-1.8626451e-7, -0.99999994, 0.0000017792918), (0.70710415, -0.70710945, 1.9883737e-7), (0.70710415, -0.70710945, 1.9883737e-7), (-1.8626451e-7, -0.99999994, 0.0000017792918), (0.6830106, -0.707109, 0.18301249), (-1.8626451e-7, -0.99999994, 0.0000017792918), (-6.183982e-7, -0.99999994, 0.0000016819686), (0.6830106, -0.707109, 0.18301249), (0.6830106, -0.707109, 0.18301249), (-6.183982e-7, -0.99999994, 0.0000016819686), (0.61237043, -0.7071089, 0.35355264), (-6.183982e-7, -0.99999994, 0.0000016819686), (-4.2282045e-7, -1, 0.0000018076971), (0.61237043, -0.7071089, 0.35355264), (0.61237043, -0.7071089, 0.35355264), (-4.2282045e-7, -1, 0.0000018076971), (0.49999818, -0.70710903, 0.49999857), (-4.2282045e-7, -1, 0.0000018076971), (-0.0000011455268, -0.99999994, 0.0000013932586), (0.49999818, -0.70710903, 0.49999857), (0.49999818, -0.70710903, 0.49999857), (-0.0000011455268, -0.99999994, 0.0000013932586), (0.35355213, -0.707109, 0.6123707), (-0.0000011455268, -0.99999994, 0.0000013932586), (-0.0000014789402, -0.99999994, 9.3877316e-7), (0.35355213, -0.707109, 0.6123707), (0.35355213, -0.707109, 0.6123707), (-0.0000014789402, -0.99999994, 9.3877316e-7), (0.18301181, -0.70710886, 0.6830108), (-0.0000014789402, -0.99999994, 9.3877316e-7), (-0.0000018076971, -0.99999994, 3.2410026e-7), (0.18301181, -0.70710886, 0.6830108), (0.18301181, -0.70710886, 0.6830108), (-0.0000018076971, -0.99999994, 3.2410026e-7), (-2.195593e-7, -0.7071092, 0.7071044), (-0.0000018076971, -0.99999994, 3.2410026e-7), (-0.0000018179417, -0.99999994, -1.4156103e-7), (-2.195593e-7, -0.7071092, 0.7071044), (-2.195593e-7, -0.7071092, 0.7071044), (-0.0000018179417, -0.99999994, -1.4156103e-7), (-0.18301257, -0.7071088, 0.6830106), (-0.0000018179417, -0.99999994, -1.4156103e-7), (-0.0000016358681, -0.99999994, -5.9977174e-7), (-0.18301257, -0.7071088, 0.6830106), (-0.18301257, -0.7071088, 0.6830106), (-0.0000016358681, -0.99999994, -5.9977174e-7), (-0.35355258, -0.7071089, 0.6123705), (-0.0000016358681, -0.99999994, -5.9977174e-7), (-0.0000017425045, -0.9999999, -6.053597e-7), (-0.35355258, -0.7071089, 0.6123705), (-0.35355258, -0.7071089, 0.6123705), (-0.0000017425045, -0.9999999, -6.053597e-7), (-0.49999836, -0.7071093, 0.49999818), (-0.0000017425045, -0.9999999, -6.053597e-7), (-0.0000014081597, -0.99999994, -0.0000011734664), (-0.49999836, -0.7071093, 0.49999818), (-0.49999836, -0.7071093, 0.49999818), (-0.0000014081597, -0.99999994, -0.0000011734664), (-0.6123706, -0.70710903, 0.353552), (-0.0000014081597, -0.99999994, -0.0000011734664), (-0.0000010263175, -0.99999994, -0.0000015124679), (-0.6123706, -0.70710903, 0.353552), (-0.6123706, -0.70710903, 0.353552), (-0.0000010263175, -0.99999994, -0.0000015124679), (-0.68301094, -0.7071086, 0.1830119), (-0.0000010263175, -0.99999994, -0.0000015124679), (-5.4202974e-7, -0.99999994, -0.0000016419217), (-0.68301094, -0.7071086, 0.1830119), (-0.68301094, -0.7071086, 0.1830119), (-5.4202974e-7, -0.99999994, -0.0000016419217), (-0.70710063, -0.70711285, 0.0000423342), (-5.4202974e-7, -0.99999994, -0.0000016419217), (0.00003323535, -0.99999994, -0.000006923452), (-0.70710063, -0.70711285, 0.0000423342), (-1, -2.4447218e-7, -0.00005286932), (-0.70710284, -0.7071106, -0.000031150877), (-0.96592593, -1.6040147e-7, -0.25881895), (-0.70710284, -0.7071106, -0.000031150877), (-0.6830106, -0.707109, -0.18301249), (-0.96592593, -1.6040147e-7, -0.25881895), (-0.96592593, -1.6040147e-7, -0.25881895), (-0.6830106, -0.707109, -0.18301249), (-0.8660254, -6.015056e-8, -0.50000006), (-0.6830106, -0.707109, -0.18301249), (-0.61237043, -0.7071089, -0.35355264), (-0.8660254, -6.015056e-8, -0.50000006), (-0.8660254, -6.015056e-8, -0.50000006), (-0.61237043, -0.7071089, -0.35355264), (-0.7071067, 1.1027606e-7, -0.7071069), (-0.61237043, -0.7071089, -0.35355264), (-0.49999818, -0.70710903, -0.49999857), (-0.7071067, 1.1027606e-7, -0.7071069), (-0.7071067, 1.1027606e-7, -0.7071069), (-0.49999818, -0.70710903, -0.49999857), (-0.5, -1.0025094e-7, -0.86602545), (-0.49999818, -0.70710903, -0.49999857), (-0.35355213, -0.707109, -0.6123707), (-0.5, -1.0025094e-7, -0.86602545), (-0.5, -1.0025094e-7, -0.86602545), (-0.35355213, -0.707109, -0.6123707), (-0.25881916, 3.0075274e-8, -0.96592575), (-0.35355213, -0.707109, -0.6123707), (-0.18301181, -0.70710886, -0.6830108), (-0.25881916, 3.0075274e-8, -0.96592575), (-0.25881916, 3.0075274e-8, -0.96592575), (-0.18301181, -0.70710886, -0.6830108), (0, 0, -1), (-0.18301181, -0.70710886, -0.6830108), (2.195593e-7, -0.7071092, -0.7071044), (0, 0, -1), (0, 0, -1), (2.195593e-7, -0.7071092, -0.7071044), (0.25881916, -1.0025091e-8, -0.9659258), (2.195593e-7, -0.7071092, -0.7071044), (0.18301257, -0.7071088, -0.6830106), (0.25881916, -1.0025091e-8, -0.9659258), (0.25881916, -1.0025091e-8, -0.9659258), (0.18301257, -0.7071088, -0.6830106), (0.49999997, 1.3032623e-7, -0.86602545), (0.18301257, -0.7071088, -0.6830106), (0.35355258, -0.7071089, -0.6123705), (0.49999997, 1.3032623e-7, -0.86602545), (0.49999997, 1.3032623e-7, -0.86602545), (0.35355258, -0.7071089, -0.6123705), (0.70710677, -1.2030115e-7, -0.7071069), (0.35355258, -0.7071089, -0.6123705), (0.49999836, -0.7071093, -0.49999818), (0.70710677, -1.2030115e-7, -0.7071069), (0.70710677, -1.2030115e-7, -0.7071069), (0.49999836, -0.7071093, -0.49999818), (0.8660254, 0, -0.5), (0.49999836, -0.7071093, -0.49999818), (0.6123706, -0.70710903, -0.353552), (0.8660254, 0, -0.5), (0.8660254, 0, -0.5), (0.6123706, -0.70710903, -0.353552), (0.9659259, 1.7042652e-7, -0.25881895), (0.6123706, -0.70710903, -0.353552), (0.68301094, -0.7071086, -0.1830119), (0.9659259, 1.7042652e-7, -0.25881895), (0.9659259, 1.7042652e-7, -0.25881895), (0.68301094, -0.7071086, -0.1830119), (1, 2.00502e-8, -2.506275e-9), (0.68301094, -0.7071086, -0.1830119), (0.70710415, -0.70710945, 1.9883737e-7), (1, 2.00502e-8, -2.506275e-9), (1, 2.00502e-8, -2.506275e-9), (0.70710415, -0.70710945, 1.9883737e-7), (0.96592593, -1.6040147e-7, 0.25881895), (0.70710415, -0.70710945, 1.9883737e-7), (0.6830106, -0.707109, 0.18301249), (0.96592593, -1.6040147e-7, 0.25881895), (0.96592593, -1.6040147e-7, 0.25881895), (0.6830106, -0.707109, 0.18301249), (0.8660254, -6.015056e-8, 0.50000006), (0.6830106, -0.707109, 0.18301249), (0.61237043, -0.7071089, 0.35355264), (0.8660254, -6.015056e-8, 0.50000006), (0.8660254, -6.015056e-8, 0.50000006), (0.61237043, -0.7071089, 0.35355264), (0.7071067, 1.1027606e-7, 0.7071069), (0.61237043, -0.7071089, 0.35355264), (0.49999818, -0.70710903, 0.49999857), (0.7071067, 1.1027606e-7, 0.7071069), (0.7071067, 1.1027606e-7, 0.7071069), (0.49999818, -0.70710903, 0.49999857), (0.5, -1.0025094e-7, 0.86602545), (0.49999818, -0.70710903, 0.49999857), (0.35355213, -0.707109, 0.6123707), (0.5, -1.0025094e-7, 0.86602545), (0.5, -1.0025094e-7, 0.86602545), (0.35355213, -0.707109, 0.6123707), (0.25881916, 3.0075274e-8, 0.96592575), (0.35355213, -0.707109, 0.6123707), (0.18301181, -0.70710886, 0.6830108), (0.25881916, 3.0075274e-8, 0.96592575), (0.25881916, 3.0075274e-8, 0.96592575), (0.18301181, -0.70710886, 0.6830108), (0, 0, 1), (0.18301181, -0.70710886, 0.6830108), (-2.195593e-7, -0.7071092, 0.7071044), (0, 0, 1), (0, 0, 1), (-2.195593e-7, -0.7071092, 0.7071044), (-0.25881916, -1.0025091e-8, 0.9659258), (-2.195593e-7, -0.7071092, 0.7071044), (-0.18301257, -0.7071088, 0.6830106), (-0.25881916, -1.0025091e-8, 0.9659258), (-0.25881916, -1.0025091e-8, 0.9659258), (-0.18301257, -0.7071088, 0.6830106), (-0.49999997, 1.3032623e-7, 0.86602545), (-0.18301257, -0.7071088, 0.6830106), (-0.35355258, -0.7071089, 0.6123705), (-0.49999997, 1.3032623e-7, 0.86602545), (-0.49999997, 1.3032623e-7, 0.86602545), (-0.35355258, -0.7071089, 0.6123705), (-0.70710677, -1.2030115e-7, 0.7071069), (-0.35355258, -0.7071089, 0.6123705), (-0.49999836, -0.7071093, 0.49999818), (-0.70710677, -1.2030115e-7, 0.7071069), (-0.70710677, -1.2030115e-7, 0.7071069), (-0.49999836, -0.7071093, 0.49999818), (-0.8660254, 0, 0.5), (-0.49999836, -0.7071093, 0.49999818), (-0.6123706, -0.70710903, 0.353552), (-0.8660254, 0, 0.5), (-0.8660254, 0, 0.5), (-0.6123706, -0.70710903, 0.353552), (-0.9659259, 1.7042652e-7, 0.25881895), (-0.6123706, -0.70710903, 0.353552), (-0.68301094, -0.7071086, 0.1830119), (-0.9659259, 1.7042652e-7, 0.25881895), (-0.9659259, 1.7042652e-7, 0.25881895), (-0.68301094, -0.7071086, 0.1830119), (-1, 2.8405339e-7, 0.00005286932), (-0.68301094, -0.7071086, 0.1830119), (-0.70710063, -0.70711285, 0.0000423342), (-1, 2.8405339e-7, 0.00005286932), (-0.70710063, 0.70711285, -0.00004232675), (-1, -2.4447218e-7, -0.00005286932), (-0.68301064, 0.70710874, -0.18301274), (-1, -2.4447218e-7, -0.00005286932), (-0.96592593, -1.6040147e-7, -0.25881895), (-0.68301064, 0.70710874, -0.18301274), (-0.68301064, 0.70710874, -0.18301274), (-0.96592593, -1.6040147e-7, -0.25881895), (-0.6123702, 0.7071091, -0.35355273), (-0.96592593, -1.6040147e-7, -0.25881895), (-0.8660254, -6.015056e-8, -0.50000006), (-0.6123702, 0.7071091, -0.35355273), (-0.6123702, 0.7071091, -0.35355273), (-0.8660254, -6.015056e-8, -0.50000006), (-0.49999776, 0.70710915, -0.49999875), (-0.8660254, -6.015056e-8, -0.50000006), (-0.7071067, 1.1027606e-7, -0.7071069), (-0.49999776, 0.70710915, -0.49999875), (-0.49999776, 0.70710915, -0.49999875), (-0.7071067, 1.1027606e-7, -0.7071069), (-0.3535518, 0.707109, -0.6123708), (-0.7071067, 1.1027606e-7, -0.7071069), (-0.5, -1.0025094e-7, -0.86602545), (-0.3535518, 0.707109, -0.6123708), (-0.3535518, 0.707109, -0.6123708), (-0.5, -1.0025094e-7, -0.86602545), (-0.18301174, 0.7071088, -0.6830108), (-0.5, -1.0025094e-7, -0.86602545), (-0.25881916, 3.0075274e-8, -0.96592575), (-0.18301174, 0.7071088, -0.6830108), (-0.18301174, 0.7071088, -0.6830108), (-0.25881916, 3.0075274e-8, -0.96592575), (6.237533e-7, 0.7071092, -0.7071043), (-0.25881916, 3.0075274e-8, -0.96592575), (0, 0, -1), (6.237533e-7, 0.7071092, -0.7071043), (6.237533e-7, 0.7071092, -0.7071043), (0, 0, -1), (0.18301266, 0.7071088, -0.6830106), (0, 0, -1), (0.25881916, -1.0025091e-8, -0.9659258), (0.18301266, 0.7071088, -0.6830106), (0.18301266, 0.7071088, -0.6830106), (0.25881916, -1.0025091e-8, -0.9659258), (0.35355282, 0.7071089, -0.6123703), (0.25881916, -1.0025091e-8, -0.9659258), (0.49999997, 1.3032623e-7, -0.86602545), (0.35355282, 0.7071089, -0.6123703), (0.35355282, 0.7071089, -0.6123703), (0.49999997, 1.3032623e-7, -0.86602545), (0.49999875, 0.70710915, -0.49999794), (0.49999997, 1.3032623e-7, -0.86602545), (0.70710677, -1.2030115e-7, -0.7071069), (0.49999875, 0.70710915, -0.49999794), (0.49999875, 0.70710915, -0.49999794), (0.70710677, -1.2030115e-7, -0.7071069), (0.61237085, 0.70710886, -0.35355186), (0.70710677, -1.2030115e-7, -0.7071069), (0.8660254, 0, -0.5), (0.61237085, 0.70710886, -0.35355186), (0.61237085, 0.70710886, -0.35355186), (0.8660254, 0, -0.5), (0.6830109, 0.70710886, -0.18301171), (0.8660254, 0, -0.5), (0.9659259, 1.7042652e-7, -0.25881895), (0.6830109, 0.70710886, -0.18301171), (0.6830109, 0.70710886, -0.18301171), (0.9659259, 1.7042652e-7, -0.25881895), (0.70710415, 0.70710945, 6.4098276e-7), (0.9659259, 1.7042652e-7, -0.25881895), (1, 2.00502e-8, -2.506275e-9), (0.70710415, 0.70710945, 6.4098276e-7), (0.70710415, 0.70710945, 6.4098276e-7), (1, 2.00502e-8, -2.506275e-9), (0.68301064, 0.70710874, 0.18301274), (1, 2.00502e-8, -2.506275e-9), (0.96592593, -1.6040147e-7, 0.25881895), (0.68301064, 0.70710874, 0.18301274), (0.68301064, 0.70710874, 0.18301274), (0.96592593, -1.6040147e-7, 0.25881895), (0.6123702, 0.7071091, 0.35355273), (0.96592593, -1.6040147e-7, 0.25881895), (0.8660254, -6.015056e-8, 0.50000006), (0.6123702, 0.7071091, 0.35355273), (0.6123702, 0.7071091, 0.35355273), (0.8660254, -6.015056e-8, 0.50000006), (0.49999776, 0.70710915, 0.49999875), (0.8660254, -6.015056e-8, 0.50000006), (0.7071067, 1.1027606e-7, 0.7071069), (0.49999776, 0.70710915, 0.49999875), (0.49999776, 0.70710915, 0.49999875), (0.7071067, 1.1027606e-7, 0.7071069), (0.3535518, 0.707109, 0.6123708), (0.7071067, 1.1027606e-7, 0.7071069), (0.5, -1.0025094e-7, 0.86602545), (0.3535518, 0.707109, 0.6123708), (0.3535518, 0.707109, 0.6123708), (0.5, -1.0025094e-7, 0.86602545), (0.18301174, 0.7071088, 0.6830108), (0.5, -1.0025094e-7, 0.86602545), (0.25881916, 3.0075274e-8, 0.96592575), (0.18301174, 0.7071088, 0.6830108), (0.18301174, 0.7071088, 0.6830108), (0.25881916, 3.0075274e-8, 0.96592575), (-6.237533e-7, 0.7071092, 0.7071043), (0.25881916, 3.0075274e-8, 0.96592575), (0, 0, 1), (-6.237533e-7, 0.7071092, 0.7071043), (-6.237533e-7, 0.7071092, 0.7071043), (0, 0, 1), (-0.18301266, 0.7071088, 0.6830106), (0, 0, 1), (-0.25881916, -1.0025091e-8, 0.9659258), (-0.18301266, 0.7071088, 0.6830106), (-0.18301266, 0.7071088, 0.6830106), (-0.25881916, -1.0025091e-8, 0.9659258), (-0.35355282, 0.7071089, 0.6123703), (-0.25881916, -1.0025091e-8, 0.9659258), (-0.49999997, 1.3032623e-7, 0.86602545), (-0.35355282, 0.7071089, 0.6123703), (-0.35355282, 0.7071089, 0.6123703), (-0.49999997, 1.3032623e-7, 0.86602545), (-0.49999875, 0.70710915, 0.49999794), (-0.49999997, 1.3032623e-7, 0.86602545), (-0.70710677, -1.2030115e-7, 0.7071069), (-0.49999875, 0.70710915, 0.49999794), (-0.49999875, 0.70710915, 0.49999794), (-0.70710677, -1.2030115e-7, 0.7071069), (-0.61237085, 0.70710886, 0.35355186), (-0.70710677, -1.2030115e-7, 0.7071069), (-0.8660254, 0, 0.5), (-0.61237085, 0.70710886, 0.35355186), (-0.61237085, 0.70710886, 0.35355186), (-0.8660254, 0, 0.5), (-0.6830109, 0.70710886, 0.18301171), (-0.8660254, 0, 0.5), (-0.9659259, 1.7042652e-7, 0.25881895), (-0.6830109, 0.70710886, 0.18301171), (-0.6830109, 0.70710886, 0.18301171), (-0.9659259, 1.7042652e-7, 0.25881895), (-0.7071029, 0.70711076, 0.000031150877), (-0.9659259, 1.7042652e-7, 0.25881895), (-1, 2.8405339e-7, 0.00005286932), (-0.7071029, 0.70711076, 0.000031150877), (0.000033609904, 0.99999994, 0.0000038952567), (-0.70710063, 0.70711285, -0.00004232675), (-9.23872e-7, 0.99999994, 0.000002216082), (-0.70710063, 0.70711285, -0.00004232675), (-0.68301064, 0.70710874, -0.18301274), (-9.23872e-7, 0.99999994, 0.000002216082), (-9.23872e-7, 0.99999994, 0.000002216082), (-0.68301064, 0.70710874, -0.18301274), (-0.0000013634562, 0.99999994, 0.0000020517036), (-0.68301064, 0.70710874, -0.18301274), (-0.6123702, 0.7071091, -0.35355273), (-0.0000013634562, 0.99999994, 0.0000020517036), (-0.0000013634562, 0.99999994, 0.0000020517036), (-0.6123702, 0.7071091, -0.35355273), (-0.000001879409, 0.99999994, 0.0000016335398), (-0.6123702, 0.7071091, -0.35355273), (-0.49999776, 0.70710915, -0.49999875), (-0.000001879409, 0.99999994, 0.0000016335398), (-0.000001879409, 0.99999994, 0.0000016335398), (-0.49999776, 0.70710915, -0.49999875), (-0.0000022668391, 0.99999994, 9.592623e-7), (-0.49999776, 0.70710915, -0.49999875), (-0.3535518, 0.707109, -0.6123708), (-0.0000022668391, 0.99999994, 9.592623e-7), (-0.0000022668391, 0.99999994, 9.592623e-7), (-0.3535518, 0.707109, -0.6123708), (-0.0000022798777, 0.99999994, 7.748604e-7), (-0.3535518, 0.707109, -0.6123708), (-0.18301174, 0.7071088, -0.6830108), (-0.0000022798777, 0.99999994, 7.748604e-7), (-0.0000022798777, 0.99999994, 7.748604e-7), (-0.18301174, 0.7071088, -0.6830108), (-0.0000024605542, 0.99999994, 1.6391277e-7), (-0.18301174, 0.7071088, -0.6830108), (6.237533e-7, 0.7071092, -0.7071043), (-0.0000024605542, 0.99999994, 1.6391277e-7), (-0.0000024605542, 0.99999994, 1.6391277e-7), (6.237533e-7, 0.7071092, -0.7071043), (-0.000002425164, 0.99999994, -5.1036477e-7), (6.237533e-7, 0.7071092, -0.7071043), (0.18301266, 0.7071088, -0.6830106), (-0.000002425164, 0.99999994, -5.1036477e-7), (-0.000002425164, 0.99999994, -5.1036477e-7), (0.18301266, 0.7071088, -0.6830106), (-0.000002012588, 0.99999994, -0.0000013001263), (0.18301266, 0.7071088, -0.6830106), (0.35355282, 0.7071089, -0.6123703), (-0.000002012588, 0.99999994, -0.0000013001263), (-0.000002012588, 0.99999994, -0.0000013001263), (0.35355282, 0.7071089, -0.6123703), (-0.0000015888363, 0.99999994, -0.0000018626451), (0.35355282, 0.7071089, -0.6123703), (0.49999875, 0.70710915, -0.49999794), (-0.0000015888363, 0.99999994, -0.0000018626451), (-0.0000015888363, 0.99999994, -0.0000018626451), (0.49999875, 0.70710915, -0.49999794), (-8.326024e-7, 0.99999994, -0.0000022873282), (0.49999875, 0.70710915, -0.49999794), (0.61237085, 0.70710886, -0.35355186), (-8.326024e-7, 0.99999994, -0.0000022873282), (-8.326024e-7, 0.99999994, -0.0000022873282), (0.61237085, 0.70710886, -0.35355186), (-9.2200935e-7, 0.99999994, -0.0000023050234), (0.61237085, 0.70710886, -0.35355186), (0.6830109, 0.70710886, -0.18301171), (-9.2200935e-7, 0.99999994, -0.0000023050234), (-9.2200935e-7, 0.99999994, -0.0000023050234), (0.6830109, 0.70710886, -0.18301171), (-1.899898e-7, 0.99999994, -0.0000024363399), (0.6830109, 0.70710886, -0.18301171), (0.70710415, 0.70710945, 6.4098276e-7), (-1.899898e-7, 0.99999994, -0.0000024363399), (-1.899898e-7, 0.99999994, -0.0000024363399), (0.70710415, 0.70710945, 6.4098276e-7), (9.23872e-7, 0.99999994, -0.000002216082), (0.70710415, 0.70710945, 6.4098276e-7), (0.68301064, 0.70710874, 0.18301274), (9.23872e-7, 0.99999994, -0.000002216082), (9.23872e-7, 0.99999994, -0.000002216082), (0.68301064, 0.70710874, 0.18301274), (0.0000013634562, 0.99999994, -0.0000020517036), (0.68301064, 0.70710874, 0.18301274), (0.6123702, 0.7071091, 0.35355273), (0.0000013634562, 0.99999994, -0.0000020517036), (0.0000013634562, 0.99999994, -0.0000020517036), (0.6123702, 0.7071091, 0.35355273), (0.000001879409, 0.99999994, -0.0000016335398), (0.6123702, 0.7071091, 0.35355273), (0.49999776, 0.70710915, 0.49999875), (0.000001879409, 0.99999994, -0.0000016335398), (0.000001879409, 0.99999994, -0.0000016335398), (0.49999776, 0.70710915, 0.49999875), (0.0000022668391, 0.99999994, -9.592623e-7), (0.49999776, 0.70710915, 0.49999875), (0.3535518, 0.707109, 0.6123708), (0.0000022668391, 0.99999994, -9.592623e-7), (0.0000022668391, 0.99999994, -9.592623e-7), (0.3535518, 0.707109, 0.6123708), (0.0000022798777, 0.99999994, -7.748604e-7), (0.3535518, 0.707109, 0.6123708), (0.18301174, 0.7071088, 0.6830108), (0.0000022798777, 0.99999994, -7.748604e-7), (0.0000022798777, 0.99999994, -7.748604e-7), (0.18301174, 0.7071088, 0.6830108), (0.0000024605542, 0.99999994, -1.6391277e-7), (0.18301174, 0.7071088, 0.6830108), (-6.237533e-7, 0.7071092, 0.7071043), (0.0000024605542, 0.99999994, -1.6391277e-7), (0.0000024605542, 0.99999994, -1.6391277e-7), (-6.237533e-7, 0.7071092, 0.7071043), (0.000002425164, 0.99999994, 5.1036477e-7), (-6.237533e-7, 0.7071092, 0.7071043), (-0.18301266, 0.7071088, 0.6830106), (0.000002425164, 0.99999994, 5.1036477e-7), (0.000002425164, 0.99999994, 5.1036477e-7), (-0.18301266, 0.7071088, 0.6830106), (0.000002012588, 0.99999994, 0.0000013001263), (-0.18301266, 0.7071088, 0.6830106), (-0.35355282, 0.7071089, 0.6123703), (0.000002012588, 0.99999994, 0.0000013001263), (0.000002012588, 0.99999994, 0.0000013001263), (-0.35355282, 0.7071089, 0.6123703), (0.0000015888363, 0.99999994, 0.0000018626451), (-0.35355282, 0.7071089, 0.6123703), (-0.49999875, 0.70710915, 0.49999794), (0.0000015888363, 0.99999994, 0.0000018626451), (0.0000015888363, 0.99999994, 0.0000018626451), (-0.49999875, 0.70710915, 0.49999794), (8.326024e-7, 0.99999994, 0.0000022873282), (-0.49999875, 0.70710915, 0.49999794), (-0.61237085, 0.70710886, 0.35355186), (8.326024e-7, 0.99999994, 0.0000022873282), (8.326024e-7, 0.99999994, 0.0000022873282), (-0.61237085, 0.70710886, 0.35355186), (9.2200935e-7, 0.99999994, 0.0000023050234), (-0.61237085, 0.70710886, 0.35355186), (-0.6830109, 0.70710886, 0.18301171), (9.2200935e-7, 0.99999994, 0.0000023050234), (9.2200935e-7, 0.99999994, 0.0000023050234), (-0.6830109, 0.70710886, 0.18301171), (0.000031920063, 1, -0.0000038966537), (-0.6830109, 0.70710886, 0.18301171), (-0.7071029, 0.70711076, 0.000031150877), (0.000031920063, 1, -0.0000038966537), (0.7071108, 0.7071027, 0.000031799078), (0.000033609904, 0.99999994, 0.0000038952567), (0.6830169, 0.7071025, 0.18301326), (0.000033609904, 0.99999994, 0.0000038952567), (-9.23872e-7, 0.99999994, 0.000002216082), (0.6830169, 0.7071025, 0.18301326), (0.6830169, 0.7071025, 0.18301326), (-9.23872e-7, 0.99999994, 0.000002216082), (0.61237633, 0.70710266, 0.35355502), (-9.23872e-7, 0.99999994, 0.000002216082), (-0.0000013634562, 0.99999994, 0.0000020517036), (0.61237633, 0.70710266, 0.35355502), (0.61237633, 0.70710266, 0.35355502), (-0.0000013634562, 0.99999994, 0.0000020517036), (0.50000364, 0.70710224, 0.50000286), (-0.0000013634562, 0.99999994, 0.0000020517036), (-0.000001879409, 0.99999994, 0.0000016335398), (0.50000364, 0.70710224, 0.50000286), (0.50000364, 0.70710224, 0.50000286), (-0.000001879409, 0.99999994, 0.0000016335398), (0.35355592, 0.70710266, 0.61237574), (-0.000001879409, 0.99999994, 0.0000016335398), (-0.0000022668391, 0.99999994, 9.592623e-7), (0.35355592, 0.70710266, 0.61237574), (0.35355592, 0.70710266, 0.61237574), (-0.0000022668391, 0.99999994, 9.592623e-7), (0.18301441, 0.7071024, 0.6830168), (-0.0000022668391, 0.99999994, 9.592623e-7), (-0.0000022798777, 0.99999994, 7.748604e-7), (0.18301441, 0.7071024, 0.6830168), (0.18301441, 0.7071024, 0.6830168), (-0.0000022798777, 0.99999994, 7.748604e-7), (5.1944517e-7, 0.7071025, 0.7071111), (-0.0000022798777, 0.99999994, 7.748604e-7), (-0.0000024605542, 0.99999994, 1.6391277e-7), (5.1944517e-7, 0.7071025, 0.7071111), (5.1944517e-7, 0.7071025, 0.7071111), (-0.0000024605542, 0.99999994, 1.6391277e-7), (-0.18301329, 0.7071025, 0.68301696), (-0.0000024605542, 0.99999994, 1.6391277e-7), (-0.000002425164, 0.99999994, -5.1036477e-7), (-0.18301329, 0.7071025, 0.68301696), (-0.18301329, 0.7071025, 0.68301696), (-0.000002425164, 0.99999994, -5.1036477e-7), (-0.3535552, 0.70710254, 0.61237633), (-0.000002425164, 0.99999994, -5.1036477e-7), (-0.000002012588, 0.99999994, -0.0000013001263), (-0.3535552, 0.70710254, 0.61237633), (-0.3535552, 0.70710254, 0.61237633), (-0.000002012588, 0.99999994, -0.0000013001263), (-0.5000026, 0.70710254, 0.50000346), (-0.000002012588, 0.99999994, -0.0000013001263), (-0.0000015888363, 0.99999994, -0.0000018626451), (-0.5000026, 0.70710254, 0.50000346), (-0.5000026, 0.70710254, 0.50000346), (-0.0000015888363, 0.99999994, -0.0000018626451), (-0.61237574, 0.70710266, 0.35355586), (-0.0000015888363, 0.99999994, -0.0000018626451), (-8.326024e-7, 0.99999994, -0.0000022873282), (-0.61237574, 0.70710266, 0.35355586), (-0.61237574, 0.70710266, 0.35355586), (-8.326024e-7, 0.99999994, -0.0000022873282), (-0.6830165, 0.70710266, 0.18301427), (-8.326024e-7, 0.99999994, -0.0000022873282), (-9.2200935e-7, 0.99999994, -0.0000023050234), (-0.6830165, 0.70710266, 0.18301427), (-0.6830165, 0.70710266, 0.18301427), (-9.2200935e-7, 0.99999994, -0.0000023050234), (-0.7071112, 0.7071024, 5.1711686e-7), (-9.2200935e-7, 0.99999994, -0.0000023050234), (-1.899898e-7, 0.99999994, -0.0000024363399), (-0.7071112, 0.7071024, 5.1711686e-7), (-0.7071112, 0.7071024, 5.1711686e-7), (-1.899898e-7, 0.99999994, -0.0000024363399), (-0.6830169, 0.7071025, -0.18301326), (-1.899898e-7, 0.99999994, -0.0000024363399), (9.23872e-7, 0.99999994, -0.000002216082), (-0.6830169, 0.7071025, -0.18301326), (-0.6830169, 0.7071025, -0.18301326), (9.23872e-7, 0.99999994, -0.000002216082), (-0.61237633, 0.70710266, -0.35355502), (9.23872e-7, 0.99999994, -0.000002216082), (0.0000013634562, 0.99999994, -0.0000020517036), (-0.61237633, 0.70710266, -0.35355502), (-0.61237633, 0.70710266, -0.35355502), (0.0000013634562, 0.99999994, -0.0000020517036), (-0.50000364, 0.70710224, -0.50000286), (0.0000013634562, 0.99999994, -0.0000020517036), (0.000001879409, 0.99999994, -0.0000016335398), (-0.50000364, 0.70710224, -0.50000286), (-0.50000364, 0.70710224, -0.50000286), (0.000001879409, 0.99999994, -0.0000016335398), (-0.35355592, 0.70710266, -0.61237574), (0.000001879409, 0.99999994, -0.0000016335398), (0.0000022668391, 0.99999994, -9.592623e-7), (-0.35355592, 0.70710266, -0.61237574), (-0.35355592, 0.70710266, -0.61237574), (0.0000022668391, 0.99999994, -9.592623e-7), (-0.18301441, 0.7071024, -0.6830168), (0.0000022668391, 0.99999994, -9.592623e-7), (0.0000022798777, 0.99999994, -7.748604e-7), (-0.18301441, 0.7071024, -0.6830168), (-0.18301441, 0.7071024, -0.6830168), (0.0000022798777, 0.99999994, -7.748604e-7), (-5.1944517e-7, 0.7071025, -0.7071111), (0.0000022798777, 0.99999994, -7.748604e-7), (0.0000024605542, 0.99999994, -1.6391277e-7), (-5.1944517e-7, 0.7071025, -0.7071111), (-5.1944517e-7, 0.7071025, -0.7071111), (0.0000024605542, 0.99999994, -1.6391277e-7), (0.18301329, 0.7071025, -0.68301696), (0.0000024605542, 0.99999994, -1.6391277e-7), (0.000002425164, 0.99999994, 5.1036477e-7), (0.18301329, 0.7071025, -0.68301696), (0.18301329, 0.7071025, -0.68301696), (0.000002425164, 0.99999994, 5.1036477e-7), (0.3535552, 0.70710254, -0.61237633), (0.000002425164, 0.99999994, 5.1036477e-7), (0.000002012588, 0.99999994, 0.0000013001263), (0.3535552, 0.70710254, -0.61237633), (0.3535552, 0.70710254, -0.61237633), (0.000002012588, 0.99999994, 0.0000013001263), (0.5000026, 0.70710254, -0.50000346), (0.000002012588, 0.99999994, 0.0000013001263), (0.0000015888363, 0.99999994, 0.0000018626451), (0.5000026, 0.70710254, -0.50000346), (0.5000026, 0.70710254, -0.50000346), (0.0000015888363, 0.99999994, 0.0000018626451), (0.61237574, 0.70710266, -0.35355586), (0.0000015888363, 0.99999994, 0.0000018626451), (8.326024e-7, 0.99999994, 0.0000022873282), (0.61237574, 0.70710266, -0.35355586), (0.61237574, 0.70710266, -0.35355586), (8.326024e-7, 0.99999994, 0.0000022873282), (0.6830165, 0.70710266, -0.18301427), (8.326024e-7, 0.99999994, 0.0000022873282), (9.2200935e-7, 0.99999994, 0.0000023050234), (0.6830165, 0.70710266, -0.18301427), (0.6830165, 0.70710266, -0.18301427), (9.2200935e-7, 0.99999994, 0.0000023050234), (0.70710933, 0.7071044, -0.000011630356), (9.2200935e-7, 0.99999994, 0.0000023050234), (0.000031920063, 1, -0.0000038966537), (0.70710933, 0.7071044, -0.000011630356), (0.99999994, 0.000033019576, 0.0000051036477), (0.7071108, 0.7071027, 0.000031799078), (0.96593076, 0.000017821789, 0.25880063), (0.7071108, 0.7071027, 0.000031799078), (0.6830169, 0.7071025, 0.18301326), (0.96593076, 0.000017821789, 0.25880063), (0.96593076, 0.000017821789, 0.25880063), (0.6830169, 0.7071025, 0.18301326), (0.866035, 0.000018268824, 0.4999833), (0.6830169, 0.7071025, 0.18301326), (0.61237633, 0.70710266, 0.35355502), (0.866035, 0.000018268824, 0.4999833), (0.866035, 0.000018268824, 0.4999833), (0.61237633, 0.70710266, 0.35355502), (0.70712036, 0.000017374754, 0.70709324), (0.61237633, 0.70710266, 0.35355502), (0.50000364, 0.70710224, 0.50000286), (0.70712036, 0.000017374754, 0.70709324), (0.70712036, 0.000017374754, 0.70709324), (0.50000364, 0.70710224, 0.50000286), (0.50001657, 0.000018209219, 0.86601573), (0.50000364, 0.70710224, 0.50000286), (0.35355592, 0.70710266, 0.61237574), (0.50001657, 0.000018209219, 0.86601573), (0.50001657, 0.000018209219, 0.86601573), (0.35355592, 0.70710266, 0.61237574), (0.25883764, 0.000018119812, 0.9659208), (0.35355592, 0.70710266, 0.61237574), (0.18301441, 0.7071024, 0.6830168), (0.25883764, 0.000018119812, 0.9659208), (0.25883764, 0.000018119812, 0.9659208), (0.18301441, 0.7071024, 0.6830168), (0.000019205734, 0.000018268824, 0.99999994), (0.18301441, 0.7071024, 0.6830168), (5.1944517e-7, 0.7071025, 0.7071111), (0.000019205734, 0.000018268824, 0.99999994), (0.000019205734, 0.000018268824, 0.99999994), (5.1944517e-7, 0.7071025, 0.7071111), (-0.2588005, 0.000018239021, 0.9659308), (5.1944517e-7, 0.7071025, 0.7071111), (-0.18301329, 0.7071025, 0.68301696), (-0.2588005, 0.000018239021, 0.9659308), (-0.2588005, 0.000018239021, 0.9659308), (-0.18301329, 0.7071025, 0.68301696), (-0.49998367, 0.00001809001, 0.8660348), (-0.18301329, 0.7071025, 0.68301696), (-0.3535552, 0.70710254, 0.61237633), (-0.49998367, 0.00001809001, 0.8660348), (-0.49998367, 0.00001809001, 0.8660348), (-0.3535552, 0.70710254, 0.61237633), (-0.7070931, 0.00001809001, 0.7071203), (-0.3535552, 0.70710254, 0.61237633), (-0.5000026, 0.70710254, 0.50000346), (-0.7070931, 0.00001809001, 0.7071203), (-0.7070931, 0.00001809001, 0.7071203), (-0.5000026, 0.70710254, 0.50000346), (-0.8660158, 0.000018328428, 0.50001657), (-0.5000026, 0.70710254, 0.50000346), (-0.61237574, 0.70710266, 0.35355586), (-0.8660158, 0.000018328428, 0.50001657), (-0.8660158, 0.000018328428, 0.50001657), (-0.61237574, 0.70710266, 0.35355586), (-0.9659208, 0.000019073486, 0.25883755), (-0.61237574, 0.70710266, 0.35355586), (-0.6830165, 0.70710266, 0.18301427), (-0.9659208, 0.000019073486, 0.25883755), (-0.9659208, 0.000019073486, 0.25883755), (-0.6830165, 0.70710266, 0.18301427), (-1, 0.000018239021, 0.00001916103), (-0.6830165, 0.70710266, 0.18301427), (-0.7071112, 0.7071024, 5.1711686e-7), (-1, 0.000018239021, 0.00001916103), (-1, 0.000018239021, 0.00001916103), (-0.7071112, 0.7071024, 5.1711686e-7), (-0.96593076, 0.000017821789, -0.25880063), (-0.7071112, 0.7071024, 5.1711686e-7), (-0.6830169, 0.7071025, -0.18301326), (-0.96593076, 0.000017821789, -0.25880063), (-0.96593076, 0.000017821789, -0.25880063), (-0.6830169, 0.7071025, -0.18301326), (-0.866035, 0.000018268824, -0.4999833), (-0.6830169, 0.7071025, -0.18301326), (-0.61237633, 0.70710266, -0.35355502), (-0.866035, 0.000018268824, -0.4999833), (-0.866035, 0.000018268824, -0.4999833), (-0.61237633, 0.70710266, -0.35355502), (-0.70712036, 0.000017374754, -0.70709324), (-0.61237633, 0.70710266, -0.35355502), (-0.50000364, 0.70710224, -0.50000286), (-0.70712036, 0.000017374754, -0.70709324), (-0.70712036, 0.000017374754, -0.70709324), (-0.50000364, 0.70710224, -0.50000286), (-0.50001657, 0.000018209219, -0.86601573), (-0.50000364, 0.70710224, -0.50000286), (-0.35355592, 0.70710266, -0.61237574), (-0.50001657, 0.000018209219, -0.86601573), (-0.50001657, 0.000018209219, -0.86601573), (-0.35355592, 0.70710266, -0.61237574), (-0.25883764, 0.000018119812, -0.9659208), (-0.35355592, 0.70710266, -0.61237574), (-0.18301441, 0.7071024, -0.6830168), (-0.25883764, 0.000018119812, -0.9659208), (-0.25883764, 0.000018119812, -0.9659208), (-0.18301441, 0.7071024, -0.6830168), (-0.000019205734, 0.000018268824, -0.99999994), (-0.18301441, 0.7071024, -0.6830168), (-5.1944517e-7, 0.7071025, -0.7071111), (-0.000019205734, 0.000018268824, -0.99999994), (-0.000019205734, 0.000018268824, -0.99999994), (-5.1944517e-7, 0.7071025, -0.7071111), (0.2588005, 0.000018239021, -0.9659308), (-5.1944517e-7, 0.7071025, -0.7071111), (0.18301329, 0.7071025, -0.68301696), (0.2588005, 0.000018239021, -0.9659308), (0.2588005, 0.000018239021, -0.9659308), (0.18301329, 0.7071025, -0.68301696), (0.49998367, 0.00001809001, -0.8660348), (0.18301329, 0.7071025, -0.68301696), (0.3535552, 0.70710254, -0.61237633), (0.49998367, 0.00001809001, -0.8660348), (0.49998367, 0.00001809001, -0.8660348), (0.3535552, 0.70710254, -0.61237633), (0.7070931, 0.00001809001, -0.7071203), (0.3535552, 0.70710254, -0.61237633), (0.5000026, 0.70710254, -0.50000346), (0.7070931, 0.00001809001, -0.7071203), (0.7070931, 0.00001809001, -0.7071203), (0.5000026, 0.70710254, -0.50000346), (0.8660158, 0.000018328428, -0.50001657), (0.5000026, 0.70710254, -0.50000346), (0.61237574, 0.70710266, -0.35355586), (0.8660158, 0.000018328428, -0.50001657), (0.8660158, 0.000018328428, -0.50001657), (0.61237574, 0.70710266, -0.35355586), (0.9659208, 0.000019073486, -0.25883755), (0.61237574, 0.70710266, -0.35355586), (0.6830165, 0.70710266, -0.18301427), (0.9659208, 0.000019073486, -0.25883755), (0.9659208, 0.000019073486, -0.25883755), (0.6830165, 0.70710266, -0.18301427), (1, 0.000027507544, -0.000020088628), (0.6830165, 0.70710266, -0.18301427), (0.70710933, 0.7071044, -0.000011630356), (1, 0.000027507544, -0.000020088628)] (
                    interpolation = "faceVarying"
                )
                point3f[] points = [(0.335, -0, 0), (0.32358515, -0, 0.08670438), (0.29011852, -0, 0.1675), (0.23688076, -0, 0.23688076), (0.1675, -0, 0.29011852), (0.08670438, -0, 0.32358515), (2.0512833e-17, -0, 0.335), (-0.08670438, -0, 0.32358515), (-0.1675, -0, 0.29011852), (-0.23688076, -0, 0.23688076), (-0.29011852, -0, 0.1675), (-0.32358515, -0, 0.08670438), (-0.335, -0, 4.1025667e-17), (-0.32358515, -0, -0.08670438), (-0.29011852, -0, -0.1675), (-0.23688076, -0, -0.23688076), (-0.1675, -0, -0.29011852), (-0.08670438, -0, -0.32358515), (-6.15385e-17, -0, -0.335), (0.08670438, -0, -0.32358515), (0.1675, -0, -0.29011852), (0.23688076, -0, -0.23688076), (0.29011852, -0, -0.1675), (0.32358515, -0, -0.08670438), (0.335, -0, -8.2051334e-17), (0.32474872, -0.024748737, 0), (0.31368318, -0.024748737, 0.084051155), (0.28124064, -0.024748737, 0.16237436), (0.22963203, -0.024748737, 0.22963203), (0.16237436, -0.024748737, 0.28124064), (0.084051155, -0.024748737, 0.31368318), (1.9885126e-17, -0.024748737, 0.32474872), (-0.084051155, -0.024748737, 0.31368318), (-0.16237436, -0.024748737, 0.28124064), (-0.22963203, -0.024748737, 0.22963203), (-0.28124064, -0.024748737, 0.16237436), (-0.31368318, -0.024748737, 0.084051155), (-0.32474872, -0.024748737, 3.977025e-17), (-0.31368318, -0.024748737, -0.084051155), (-0.28124064, -0.024748737, -0.16237436), (-0.22963203, -0.024748737, -0.22963203), (-0.16237436, -0.024748737, -0.28124064), (-0.084051155, -0.024748737, -0.31368318), (-5.965537e-17, -0.024748737, -0.32474872), (0.084051155, -0.024748737, -0.31368318), (0.16237436, -0.024748737, -0.28124064), (0.22963203, -0.024748737, -0.22963203), (0.28124064, -0.024748737, -0.16237436), (0.31368318, -0.024748737, -0.084051155), (0.32474872, -0.024748737, -7.95405e-17), (0.3, -0.035, 0), (0.28977776, -0.035, 0.07764571), (0.25980762, -0.035, 0.15), (0.21213204, -0.035, 0.21213204), (0.15, -0.035, 0.25980762), (0.07764571, -0.035, 0.28977776), (1.8369703e-17, -0.035, 0.3), (-0.07764571, -0.035, 0.28977776), (-0.15, -0.035, 0.25980762), (-0.21213204, -0.035, 0.21213204), (-0.25980762, -0.035, 0.15), (-0.28977776, -0.035, 0.07764571), (-0.3, -0.035, 3.6739406e-17), (-0.28977776, -0.035, -0.07764571), (-0.25980762, -0.035, -0.15), (-0.21213204, -0.035, -0.21213204), (-0.15, -0.035, -0.25980762), (-0.07764571, -0.035, -0.28977776), (-5.5109105e-17, -0.035, -0.3), (0.07764571, -0.035, -0.28977776), (0.15, -0.035, -0.25980762), (0.21213204, -0.035, -0.21213204), (0.25980762, -0.035, -0.15), (0.28977776, -0.035, -0.07764571), (0.3, -0.035, -7.347881e-17), (0.27525127, -0.024748737, 0), (0.2658723, -0.024748737, 0.07124027), (0.23837459, -0.024748737, 0.13762563), (0.19463204, -0.024748737, 0.19463204), (0.13762563, -0.024748737, 0.23837459), (0.07124027, -0.024748737, 0.2658723), (1.6854278e-17, -0.024748737, 0.27525127), (-0.07124027, -0.024748737, 0.2658723), (-0.13762563, -0.024748737, 0.23837459), (-0.19463204, -0.024748737, 0.19463204), (-0.23837459, -0.024748737, 0.13762563), (-0.2658723, -0.024748737, 0.07124027), (-0.27525127, -0.024748737, 3.3708556e-17), (-0.2658723, -0.024748737, -0.07124027), (-0.23837459, -0.024748737, -0.13762563), (-0.19463204, -0.024748737, -0.19463204), (-0.13762563, -0.024748737, -0.23837459), (-0.07124027, -0.024748737, -0.2658723), (-5.0562838e-17, -0.024748737, -0.27525127), (0.07124027, -0.024748737, -0.2658723), (0.13762563, -0.024748737, -0.23837459), (0.19463204, -0.024748737, -0.19463204), (0.23837459, -0.024748737, -0.13762563), (0.2658723, -0.024748737, -0.07124027), (0.27525127, -0.024748737, -6.741711e-17), (0.265, -4.286264e-18, 0), (0.25597036, -4.286264e-18, 0.06858705), (0.22949673, -4.286264e-18, 0.1325), (0.1873833, -4.286264e-18, 0.1873833), (0.1325, -4.286264e-18, 0.22949673), (0.06858705, -4.286264e-18, 0.25597036), (1.622657e-17, -4.286264e-18, 0.265), (-0.06858705, -4.286264e-18, 0.25597036), (-0.1325, -4.286264e-18, 0.22949673), (-0.1873833, -4.286264e-18, 0.1873833), (-0.22949673, -4.286264e-18, 0.1325), (-0.25597036, -4.286264e-18, 0.06858705), (-0.265, -4.286264e-18, 3.245314e-17), (-0.25597036, -4.286264e-18, -0.06858705), (-0.22949673, -4.286264e-18, -0.1325), (-0.1873833, -4.286264e-18, -0.1873833), (-0.1325, -4.286264e-18, -0.22949673), (-0.06858705, -4.286264e-18, -0.25597036), (-4.867971e-17, -4.286264e-18, -0.265), (0.06858705, -4.286264e-18, -0.25597036), (0.1325, -4.286264e-18, -0.22949673), (0.1873833, -4.286264e-18, -0.1873833), (0.22949673, -4.286264e-18, -0.1325), (0.25597036, -4.286264e-18, -0.06858705), (0.265, -4.286264e-18, -6.490628e-17), (0.27525127, 0.024748737, 0), (0.2658723, 0.024748737, 0.07124027), (0.23837459, 0.024748737, 0.13762563), (0.19463204, 0.024748737, 0.19463204), (0.13762563, 0.024748737, 0.23837459), (0.07124027, 0.024748737, 0.2658723), (1.6854278e-17, 0.024748737, 0.27525127), (-0.07124027, 0.024748737, 0.2658723), (-0.13762563, 0.024748737, 0.23837459), (-0.19463204, 0.024748737, 0.19463204), (-0.23837459, 0.024748737, 0.13762563), (-0.2658723, 0.024748737, 0.07124027), (-0.27525127, 0.024748737, 3.3708556e-17), (-0.2658723, 0.024748737, -0.07124027), (-0.23837459, 0.024748737, -0.13762563), (-0.19463204, 0.024748737, -0.19463204), (-0.13762563, 0.024748737, -0.23837459), (-0.07124027, 0.024748737, -0.2658723), (-5.0562838e-17, 0.024748737, -0.27525127), (0.07124027, 0.024748737, -0.2658723), (0.13762563, 0.024748737, -0.23837459), (0.19463204, 0.024748737, -0.19463204), (0.23837459, 0.024748737, -0.13762563), (0.2658723, 0.024748737, -0.07124027), (0.27525127, 0.024748737, -6.741711e-17), (0.3, 0.035, 0), (0.28977776, 0.035, 0.07764571), (0.25980762, 0.035, 0.15), (0.21213204, 0.035, 0.21213204), (0.15, 0.035, 0.25980762), (0.07764571, 0.035, 0.28977776), (1.8369703e-17, 0.035, 0.3), (-0.07764571, 0.035, 0.28977776), (-0.15, 0.035, 0.25980762), (-0.21213204, 0.035, 0.21213204), (-0.25980762, 0.035, 0.15), (-0.28977776, 0.035, 0.07764571), (-0.3, 0.035, 3.6739406e-17), (-0.28977776, 0.035, -0.07764571), (-0.25980762, 0.035, -0.15), (-0.21213204, 0.035, -0.21213204), (-0.15, 0.035, -0.25980762), (-0.07764571, 0.035, -0.28977776), (-5.5109105e-17, 0.035, -0.3), (0.07764571, 0.035, -0.28977776), (0.15, 0.035, -0.25980762), (0.21213204, 0.035, -0.21213204), (0.25980762, 0.035, -0.15), (0.28977776, 0.035, -0.07764571), (0.3, 0.035, -7.347881e-17), (0.32474872, 0.024748737, 0), (0.31368318, 0.024748737, 0.084051155), (0.28124064, 0.024748737, 0.16237436), (0.22963203, 0.024748737, 0.22963203), (0.16237436, 0.024748737, 0.28124064), (0.084051155, 0.024748737, 0.31368318), (1.9885126e-17, 0.024748737, 0.32474872), (-0.084051155, 0.024748737, 0.31368318), (-0.16237436, 0.024748737, 0.28124064), (-0.22963203, 0.024748737, 0.22963203), (-0.28124064, 0.024748737, 0.16237436), (-0.31368318, 0.024748737, 0.084051155), (-0.32474872, 0.024748737, 3.977025e-17), (-0.31368318, 0.024748737, -0.084051155), (-0.28124064, 0.024748737, -0.16237436), (-0.22963203, 0.024748737, -0.22963203), (-0.16237436, 0.024748737, -0.28124064), (-0.084051155, 0.024748737, -0.31368318), (-5.965537e-17, 0.024748737, -0.32474872), (0.084051155, 0.024748737, -0.31368318), (0.16237436, 0.024748737, -0.28124064), (0.22963203, 0.024748737, -0.22963203), (0.28124064, 0.024748737, -0.16237436), (0.31368318, 0.024748737, -0.084051155), (0.32474872, 0.024748737, -7.95405e-17), (0.335, 8.572528e-18, 0), (0.32358515, 8.572528e-18, 0.08670438), (0.29011852, 8.572528e-18, 0.1675), (0.23688076, 8.572528e-18, 0.23688076), (0.1675, 8.572528e-18, 0.29011852), (0.08670438, 8.572528e-18, 0.32358515), (2.0512833e-17, 8.572528e-18, 0.335), (-0.08670438, 8.572528e-18, 0.32358515), (-0.1675, 8.572528e-18, 0.29011852), (-0.23688076, 8.572528e-18, 0.23688076), (-0.29011852, 8.572528e-18, 0.1675), (-0.32358515, 8.572528e-18, 0.08670438), (-0.335, 8.572528e-18, 4.1025667e-17), (-0.32358515, 8.572528e-18, -0.08670438), (-0.29011852, 8.572528e-18, -0.1675), (-0.23688076, 8.572528e-18, -0.23688076), (-0.1675, 8.572528e-18, -0.29011852), (-0.08670438, 8.572528e-18, -0.32358515), (-6.15385e-17, 8.572528e-18, -0.335), (0.08670438, 8.572528e-18, -0.32358515), (0.1675, 8.572528e-18, -0.29011852), (0.23688076, 8.572528e-18, -0.23688076), (0.29011852, 8.572528e-18, -0.1675), (0.32358515, 8.572528e-18, -0.08670438), (0.335, 8.572528e-18, -8.2051334e-17)]
                texCoord2f[] primvars:st = [(0, 0.875), (0, 1), (0.041666668, 0.875), (0, 1), (0.041666668, 1), (0.041666668, 0.875), (0.041666668, 0.875), (0.041666668, 1), (0.083333336, 0.875), (0.041666668, 1), (0.083333336, 1), (0.083333336, 0.875), (0.083333336, 0.875), (0.083333336, 1), (0.125, 0.875), (0.083333336, 1), (0.125, 1), (0.125, 0.875), (0.125, 0.875), (0.125, 1), (0.16666667, 0.875), (0.125, 1), (0.16666667, 1), (0.16666667, 0.875), (0.16666667, 0.875), (0.16666667, 1), (0.20833333, 0.875), (0.16666667, 1), (0.20833333, 1), (0.20833333, 0.875), (0.20833333, 0.875), (0.20833333, 1), (0.25, 0.875), (0.20833333, 1), (0.25, 1), (0.25, 0.875), (0.25, 0.875), (0.25, 1), (0.29166666, 0.875), (0.25, 1), (0.29166666, 1), (0.29166666, 0.875), (0.29166666, 0.875), (0.29166666, 1), (0.33333334, 0.875), (0.29166666, 1), (0.33333334, 1), (0.33333334, 0.875), (0.33333334, 0.875), (0.33333334, 1), (0.375, 0.875), (0.33333334, 1), (0.375, 1), (0.375, 0.875), (0.375, 0.875), (0.375, 1), (0.41666666, 0.875), (0.375, 1), (0.41666666, 1), (0.41666666, 0.875), (0.41666666, 0.875), (0.41666666, 1), (0.45833334, 0.875), (0.41666666, 1), (0.45833334, 1), (0.45833334, 0.875), (0.45833334, 0.875), (0.45833334, 1), (0.5, 0.875), (0.45833334, 1), (0.5, 1), (0.5, 0.875), (0.5, 0.875), (0.5, 1), (0.5416667, 0.875), (0.5, 1), (0.5416667, 1), (0.5416667, 0.875), (0.5416667, 0.875), (0.5416667, 1), (0.5833333, 0.875), (0.5416667, 1), (0.5833333, 1), (0.5833333, 0.875), (0.5833333, 0.875), (0.5833333, 1), (0.625, 0.875), (0.5833333, 1), (0.625, 1), (0.625, 0.875), (0.625, 0.875), (0.625, 1), (0.6666667, 0.875), (0.625, 1), (0.6666667, 1), (0.6666667, 0.875), (0.6666667, 0.875), (0.6666667, 1), (0.7083333, 0.875), (0.6666667, 1), (0.7083333, 1), (0.7083333, 0.875), (0.7083333, 0.875), (0.7083333, 1), (0.75, 0.875), (0.7083333, 1), (0.75, 1), (0.75, 0.875), (0.75, 0.875), (0.75, 1), (0.7916667, 0.875), (0.75, 1), (0.7916667, 1), (0.7916667, 0.875), (0.7916667, 0.875), (0.7916667, 1), (0.8333333, 0.875), (0.7916667, 1), (0.8333333, 1), (0.8333333, 0.875), (0.8333333, 0.875), (0.8333333, 1), (0.875, 0.875), (0.8333333, 1), (0.875, 1), (0.875, 0.875), (0.875, 0.875), (0.875, 1), (0.9166667, 0.875), (0.875, 1), (0.9166667, 1), (0.9166667, 0.875), (0.9166667, 0.875), (0.9166667, 1), (0.9583333, 0.875), (0.9166667, 1), (0.9583333, 1), (0.9583333, 0.875), (0.9583333, 0.875), (0.9583333, 1), (1, 0.875), (0.9583333, 1), (1, 1), (1, 0.875), (0, 0.75), (0, 0.875), (0.041666668, 0.75), (0, 0.875), (0.041666668, 0.875), (0.041666668, 0.75), (0.041666668, 0.75), (0.041666668, 0.875), (0.083333336, 0.75), (0.041666668, 0.875), (0.083333336, 0.875), (0.083333336, 0.75), (0.083333336, 0.75), (0.083333336, 0.875), (0.125, 0.75), (0.083333336, 0.875), (0.125, 0.875), (0.125, 0.75), (0.125, 0.75), (0.125, 0.875), (0.16666667, 0.75), (0.125, 0.875), (0.16666667, 0.875), (0.16666667, 0.75), (0.16666667, 0.75), (0.16666667, 0.875), (0.20833333, 0.75), (0.16666667, 0.875), (0.20833333, 0.875), (0.20833333, 0.75), (0.20833333, 0.75), (0.20833333, 0.875), (0.25, 0.75), (0.20833333, 0.875), (0.25, 0.875), (0.25, 0.75), (0.25, 0.75), (0.25, 0.875), (0.29166666, 0.75), (0.25, 0.875), (0.29166666, 0.875), (0.29166666, 0.75), (0.29166666, 0.75), (0.29166666, 0.875), (0.33333334, 0.75), (0.29166666, 0.875), (0.33333334, 0.875), (0.33333334, 0.75), (0.33333334, 0.75), (0.33333334, 0.875), (0.375, 0.75), (0.33333334, 0.875), (0.375, 0.875), (0.375, 0.75), (0.375, 0.75), (0.375, 0.875), (0.41666666, 0.75), (0.375, 0.875), (0.41666666, 0.875), (0.41666666, 0.75), (0.41666666, 0.75), (0.41666666, 0.875), (0.45833334, 0.75), (0.41666666, 0.875), (0.45833334, 0.875), (0.45833334, 0.75), (0.45833334, 0.75), (0.45833334, 0.875), (0.5, 0.75), (0.45833334, 0.875), (0.5, 0.875), (0.5, 0.75), (0.5, 0.75), (0.5, 0.875), (0.5416667, 0.75), (0.5, 0.875), (0.5416667, 0.875), (0.5416667, 0.75), (0.5416667, 0.75), (0.5416667, 0.875), (0.5833333, 0.75), (0.5416667, 0.875), (0.5833333, 0.875), (0.5833333, 0.75), (0.5833333, 0.75), (0.5833333, 0.875), (0.625, 0.75), (0.5833333, 0.875), (0.625, 0.875), (0.625, 0.75), (0.625, 0.75), (0.625, 0.875), (0.6666667, 0.75), (0.625, 0.875), (0.6666667, 0.875), (0.6666667, 0.75), (0.6666667, 0.75), (0.6666667, 0.875), (0.7083333, 0.75), (0.6666667, 0.875), (0.7083333, 0.875), (0.7083333, 0.75), (0.7083333, 0.75), (0.7083333, 0.875), (0.75, 0.75), (0.7083333, 0.875), (0.75, 0.875), (0.75, 0.75), (0.75, 0.75), (0.75, 0.875), (0.7916667, 0.75), (0.75, 0.875), (0.7916667, 0.875), (0.7916667, 0.75), (0.7916667, 0.75), (0.7916667, 0.875), (0.8333333, 0.75), (0.7916667, 0.875), (0.8333333, 0.875), (0.8333333, 0.75), (0.8333333, 0.75), (0.8333333, 0.875), (0.875, 0.75), (0.8333333, 0.875), (0.875, 0.875), (0.875, 0.75), (0.875, 0.75), (0.875, 0.875), (0.9166667, 0.75), (0.875, 0.875), (0.9166667, 0.875), (0.9166667, 0.75), (0.9166667, 0.75), (0.9166667, 0.875), (0.9583333, 0.75), (0.9166667, 0.875), (0.9583333, 0.875), (0.9583333, 0.75), (0.9583333, 0.75), (0.9583333, 0.875), (1, 0.75), (0.9583333, 0.875), (1, 0.875), (1, 0.75), (0, 0.625), (0, 0.75), (0.041666668, 0.625), (0, 0.75), (0.041666668, 0.75), (0.041666668, 0.625), (0.041666668, 0.625), (0.041666668, 0.75), (0.083333336, 0.625), (0.041666668, 0.75), (0.083333336, 0.75), (0.083333336, 0.625), (0.083333336, 0.625), (0.083333336, 0.75), (0.125, 0.625), (0.083333336, 0.75), (0.125, 0.75), (0.125, 0.625), (0.125, 0.625), (0.125, 0.75), (0.16666667, 0.625), (0.125, 0.75), (0.16666667, 0.75), (0.16666667, 0.625), (0.16666667, 0.625), (0.16666667, 0.75), (0.20833333, 0.625), (0.16666667, 0.75), (0.20833333, 0.75), (0.20833333, 0.625), (0.20833333, 0.625), (0.20833333, 0.75), (0.25, 0.625), (0.20833333, 0.75), (0.25, 0.75), (0.25, 0.625), (0.25, 0.625), (0.25, 0.75), (0.29166666, 0.625), (0.25, 0.75), (0.29166666, 0.75), (0.29166666, 0.625), (0.29166666, 0.625), (0.29166666, 0.75), (0.33333334, 0.625), (0.29166666, 0.75), (0.33333334, 0.75), (0.33333334, 0.625), (0.33333334, 0.625), (0.33333334, 0.75), (0.375, 0.625), (0.33333334, 0.75), (0.375, 0.75), (0.375, 0.625), (0.375, 0.625), (0.375, 0.75), (0.41666666, 0.625), (0.375, 0.75), (0.41666666, 0.75), (0.41666666, 0.625), (0.41666666, 0.625), (0.41666666, 0.75), (0.45833334, 0.625), (0.41666666, 0.75), (0.45833334, 0.75), (0.45833334, 0.625), (0.45833334, 0.625), (0.45833334, 0.75), (0.5, 0.625), (0.45833334, 0.75), (0.5, 0.75), (0.5, 0.625), (0.5, 0.625), (0.5, 0.75), (0.5416667, 0.625), (0.5, 0.75), (0.5416667, 0.75), (0.5416667, 0.625), (0.5416667, 0.625), (0.5416667, 0.75), (0.5833333, 0.625), (0.5416667, 0.75), (0.5833333, 0.75), (0.5833333, 0.625), (0.5833333, 0.625), (0.5833333, 0.75), (0.625, 0.625), (0.5833333, 0.75), (0.625, 0.75), (0.625, 0.625), (0.625, 0.625), (0.625, 0.75), (0.6666667, 0.625), (0.625, 0.75), (0.6666667, 0.75), (0.6666667, 0.625), (0.6666667, 0.625), (0.6666667, 0.75), (0.7083333, 0.625), (0.6666667, 0.75), (0.7083333, 0.75), (0.7083333, 0.625), (0.7083333, 0.625), (0.7083333, 0.75), (0.75, 0.625), (0.7083333, 0.75), (0.75, 0.75), (0.75, 0.625), (0.75, 0.625), (0.75, 0.75), (0.7916667, 0.625), (0.75, 0.75), (0.7916667, 0.75), (0.7916667, 0.625), (0.7916667, 0.625), (0.7916667, 0.75), (0.8333333, 0.625), (0.7916667, 0.75), (0.8333333, 0.75), (0.8333333, 0.625), (0.8333333, 0.625), (0.8333333, 0.75), (0.875, 0.625), (0.8333333, 0.75), (0.875, 0.75), (0.875, 0.625), (0.875, 0.625), (0.875, 0.75), (0.9166667, 0.625), (0.875, 0.75), (0.9166667, 0.75), (0.9166667, 0.625), (0.9166667, 0.625), (0.9166667, 0.75), (0.9583333, 0.625), (0.9166667, 0.75), (0.9583333, 0.75), (0.9583333, 0.625), (0.9583333, 0.625), (0.9583333, 0.75), (1, 0.625), (0.9583333, 0.75), (1, 0.75), (1, 0.625), (0, 0.5), (0, 0.625), (0.041666668, 0.5), (0, 0.625), (0.041666668, 0.625), (0.041666668, 0.5), (0.041666668, 0.5), (0.041666668, 0.625), (0.083333336, 0.5), (0.041666668, 0.625), (0.083333336, 0.625), (0.083333336, 0.5), (0.083333336, 0.5), (0.083333336, 0.625), (0.125, 0.5), (0.083333336, 0.625), (0.125, 0.625), (0.125, 0.5), (0.125, 0.5), (0.125, 0.625), (0.16666667, 0.5), (0.125, 0.625), (0.16666667, 0.625), (0.16666667, 0.5), (0.16666667, 0.5), (0.16666667, 0.625), (0.20833333, 0.5), (0.16666667, 0.625), (0.20833333, 0.625), (0.20833333, 0.5), (0.20833333, 0.5), (0.20833333, 0.625), (0.25, 0.5), (0.20833333, 0.625), (0.25, 0.625), (0.25, 0.5), (0.25, 0.5), (0.25, 0.625), (0.29166666, 0.5), (0.25, 0.625), (0.29166666, 0.625), (0.29166666, 0.5), (0.29166666, 0.5), (0.29166666, 0.625), (0.33333334, 0.5), (0.29166666, 0.625), (0.33333334, 0.625), (0.33333334, 0.5), (0.33333334, 0.5), (0.33333334, 0.625), (0.375, 0.5), (0.33333334, 0.625), (0.375, 0.625), (0.375, 0.5), (0.375, 0.5), (0.375, 0.625), (0.41666666, 0.5), (0.375, 0.625), (0.41666666, 0.625), (0.41666666, 0.5), (0.41666666, 0.5), (0.41666666, 0.625), (0.45833334, 0.5), (0.41666666, 0.625), (0.45833334, 0.625), (0.45833334, 0.5), (0.45833334, 0.5), (0.45833334, 0.625), (0.5, 0.5), (0.45833334, 0.625), (0.5, 0.625), (0.5, 0.5), (0.5, 0.5), (0.5, 0.625), (0.5416667, 0.5), (0.5, 0.625), (0.5416667, 0.625), (0.5416667, 0.5), (0.5416667, 0.5), (0.5416667, 0.625), (0.5833333, 0.5), (0.5416667, 0.625), (0.5833333, 0.625), (0.5833333, 0.5), (0.5833333, 0.5), (0.5833333, 0.625), (0.625, 0.5), (0.5833333, 0.625), (0.625, 0.625), (0.625, 0.5), (0.625, 0.5), (0.625, 0.625), (0.6666667, 0.5), (0.625, 0.625), (0.6666667, 0.625), (0.6666667, 0.5), (0.6666667, 0.5), (0.6666667, 0.625), (0.7083333, 0.5), (0.6666667, 0.625), (0.7083333, 0.625), (0.7083333, 0.5), (0.7083333, 0.5), (0.7083333, 0.625), (0.75, 0.5), (0.7083333, 0.625), (0.75, 0.625), (0.75, 0.5), (0.75, 0.5), (0.75, 0.625), (0.7916667, 0.5), (0.75, 0.625), (0.7916667, 0.625), (0.7916667, 0.5), (0.7916667, 0.5), (0.7916667, 0.625), (0.8333333, 0.5), (0.7916667, 0.625), (0.8333333, 0.625), (0.8333333, 0.5), (0.8333333, 0.5), (0.8333333, 0.625), (0.875, 0.5), (0.8333333, 0.625), (0.875, 0.625), (0.875, 0.5), (0.875, 0.5), (0.875, 0.625), (0.9166667, 0.5), (0.875, 0.625), (0.9166667, 0.625), (0.9166667, 0.5), (0.9166667, 0.5), (0.9166667, 0.625), (0.9583333, 0.5), (0.9166667, 0.625), (0.9583333, 0.625), (0.9583333, 0.5), (0.9583333, 0.5), (0.9583333, 0.625), (1, 0.5), (0.9583333, 0.625), (1, 0.625), (1, 0.5), (0, 0.375), (0, 0.5), (0.041666668, 0.375), (0, 0.5), (0.041666668, 0.5), (0.041666668, 0.375), (0.041666668, 0.375), (0.041666668, 0.5), (0.083333336, 0.375), (0.041666668, 0.5), (0.083333336, 0.5), (0.083333336, 0.375), (0.083333336, 0.375), (0.083333336, 0.5), (0.125, 0.375), (0.083333336, 0.5), (0.125, 0.5), (0.125, 0.375), (0.125, 0.375), (0.125, 0.5), (0.16666667, 0.375), (0.125, 0.5), (0.16666667, 0.5), (0.16666667, 0.375), (0.16666667, 0.375), (0.16666667, 0.5), (0.20833333, 0.375), (0.16666667, 0.5), (0.20833333, 0.5), (0.20833333, 0.375), (0.20833333, 0.375), (0.20833333, 0.5), (0.25, 0.375), (0.20833333, 0.5), (0.25, 0.5), (0.25, 0.375), (0.25, 0.375), (0.25, 0.5), (0.29166666, 0.375), (0.25, 0.5), (0.29166666, 0.5), (0.29166666, 0.375), (0.29166666, 0.375), (0.29166666, 0.5), (0.33333334, 0.375), (0.29166666, 0.5), (0.33333334, 0.5), (0.33333334, 0.375), (0.33333334, 0.375), (0.33333334, 0.5), (0.375, 0.375), (0.33333334, 0.5), (0.375, 0.5), (0.375, 0.375), (0.375, 0.375), (0.375, 0.5), (0.41666666, 0.375), (0.375, 0.5), (0.41666666, 0.5), (0.41666666, 0.375), (0.41666666, 0.375), (0.41666666, 0.5), (0.45833334, 0.375), (0.41666666, 0.5), (0.45833334, 0.5), (0.45833334, 0.375), (0.45833334, 0.375), (0.45833334, 0.5), (0.5, 0.375), (0.45833334, 0.5), (0.5, 0.5), (0.5, 0.375), (0.5, 0.375), (0.5, 0.5), (0.5416667, 0.375), (0.5, 0.5), (0.5416667, 0.5), (0.5416667, 0.375), (0.5416667, 0.375), (0.5416667, 0.5), (0.5833333, 0.375), (0.5416667, 0.5), (0.5833333, 0.5), (0.5833333, 0.375), (0.5833333, 0.375), (0.5833333, 0.5), (0.625, 0.375), (0.5833333, 0.5), (0.625, 0.5), (0.625, 0.375), (0.625, 0.375), (0.625, 0.5), (0.6666667, 0.375), (0.625, 0.5), (0.6666667, 0.5), (0.6666667, 0.375), (0.6666667, 0.375), (0.6666667, 0.5), (0.7083333, 0.375), (0.6666667, 0.5), (0.7083333, 0.5), (0.7083333, 0.375), (0.7083333, 0.375), (0.7083333, 0.5), (0.75, 0.375), (0.7083333, 0.5), (0.75, 0.5), (0.75, 0.375), (0.75, 0.375), (0.75, 0.5), (0.7916667, 0.375), (0.75, 0.5), (0.7916667, 0.5), (0.7916667, 0.375), (0.7916667, 0.375), (0.7916667, 0.5), (0.8333333, 0.375), (0.7916667, 0.5), (0.8333333, 0.5), (0.8333333, 0.375), (0.8333333, 0.375), (0.8333333, 0.5), (0.875, 0.375), (0.8333333, 0.5), (0.875, 0.5), (0.875, 0.375), (0.875, 0.375), (0.875, 0.5), (0.9166667, 0.375), (0.875, 0.5), (0.9166667, 0.5), (0.9166667, 0.375), (0.9166667, 0.375), (0.9166667, 0.5), (0.9583333, 0.375), (0.9166667, 0.5), (0.9583333, 0.5), (0.9583333, 0.375), (0.9583333, 0.375), (0.9583333, 0.5), (1, 0.375), (0.9583333, 0.5), (1, 0.5), (1, 0.375), (0, 0.25), (0, 0.375), (0.041666668, 0.25), (0, 0.375), (0.041666668, 0.375), (0.041666668, 0.25), (0.041666668, 0.25), (0.041666668, 0.375), (0.083333336, 0.25), (0.041666668, 0.375), (0.083333336, 0.375), (0.083333336, 0.25), (0.083333336, 0.25), (0.083333336, 0.375), (0.125, 0.25), (0.083333336, 0.375), (0.125, 0.375), (0.125, 0.25), (0.125, 0.25), (0.125, 0.375), (0.16666667, 0.25), (0.125, 0.375), (0.16666667, 0.375), (0.16666667, 0.25), (0.16666667, 0.25), (0.16666667, 0.375), (0.20833333, 0.25), (0.16666667, 0.375), (0.20833333, 0.375), (0.20833333, 0.25), (0.20833333, 0.25), (0.20833333, 0.375), (0.25, 0.25), (0.20833333, 0.375), (0.25, 0.375), (0.25, 0.25), (0.25, 0.25), (0.25, 0.375), (0.29166666, 0.25), (0.25, 0.375), (0.29166666, 0.375), (0.29166666, 0.25), (0.29166666, 0.25), (0.29166666, 0.375), (0.33333334, 0.25), (0.29166666, 0.375), (0.33333334, 0.375), (0.33333334, 0.25), (0.33333334, 0.25), (0.33333334, 0.375), (0.375, 0.25), (0.33333334, 0.375), (0.375, 0.375), (0.375, 0.25), (0.375, 0.25), (0.375, 0.375), (0.41666666, 0.25), (0.375, 0.375), (0.41666666, 0.375), (0.41666666, 0.25), (0.41666666, 0.25), (0.41666666, 0.375), (0.45833334, 0.25), (0.41666666, 0.375), (0.45833334, 0.375), (0.45833334, 0.25), (0.45833334, 0.25), (0.45833334, 0.375), (0.5, 0.25), (0.45833334, 0.375), (0.5, 0.375), (0.5, 0.25), (0.5, 0.25), (0.5, 0.375), (0.5416667, 0.25), (0.5, 0.375), (0.5416667, 0.375), (0.5416667, 0.25), (0.5416667, 0.25), (0.5416667, 0.375), (0.5833333, 0.25), (0.5416667, 0.375), (0.5833333, 0.375), (0.5833333, 0.25), (0.5833333, 0.25), (0.5833333, 0.375), (0.625, 0.25), (0.5833333, 0.375), (0.625, 0.375), (0.625, 0.25), (0.625, 0.25), (0.625, 0.375), (0.6666667, 0.25), (0.625, 0.375), (0.6666667, 0.375), (0.6666667, 0.25), (0.6666667, 0.25), (0.6666667, 0.375), (0.7083333, 0.25), (0.6666667, 0.375), (0.7083333, 0.375), (0.7083333, 0.25), (0.7083333, 0.25), (0.7083333, 0.375), (0.75, 0.25), (0.7083333, 0.375), (0.75, 0.375), (0.75, 0.25), (0.75, 0.25), (0.75, 0.375), (0.7916667, 0.25), (0.75, 0.375), (0.7916667, 0.375), (0.7916667, 0.25), (0.7916667, 0.25), (0.7916667, 0.375), (0.8333333, 0.25), (0.7916667, 0.375), (0.8333333, 0.375), (0.8333333, 0.25), (0.8333333, 0.25), (0.8333333, 0.375), (0.875, 0.25), (0.8333333, 0.375), (0.875, 0.375), (0.875, 0.25), (0.875, 0.25), (0.875, 0.375), (0.9166667, 0.25), (0.875, 0.375), (0.9166667, 0.375), (0.9166667, 0.25), (0.9166667, 0.25), (0.9166667, 0.375), (0.9583333, 0.25), (0.9166667, 0.375), (0.9583333, 0.375), (0.9583333, 0.25), (0.9583333, 0.25), (0.9583333, 0.375), (1, 0.25), (0.9583333, 0.375), (1, 0.375), (1, 0.25), (0, 0.125), (0, 0.25), (0.041666668, 0.125), (0, 0.25), (0.041666668, 0.25), (0.041666668, 0.125), (0.041666668, 0.125), (0.041666668, 0.25), (0.083333336, 0.125), (0.041666668, 0.25), (0.083333336, 0.25), (0.083333336, 0.125), (0.083333336, 0.125), (0.083333336, 0.25), (0.125, 0.125), (0.083333336, 0.25), (0.125, 0.25), (0.125, 0.125), (0.125, 0.125), (0.125, 0.25), (0.16666667, 0.125), (0.125, 0.25), (0.16666667, 0.25), (0.16666667, 0.125), (0.16666667, 0.125), (0.16666667, 0.25), (0.20833333, 0.125), (0.16666667, 0.25), (0.20833333, 0.25), (0.20833333, 0.125), (0.20833333, 0.125), (0.20833333, 0.25), (0.25, 0.125), (0.20833333, 0.25), (0.25, 0.25), (0.25, 0.125), (0.25, 0.125), (0.25, 0.25), (0.29166666, 0.125), (0.25, 0.25), (0.29166666, 0.25), (0.29166666, 0.125), (0.29166666, 0.125), (0.29166666, 0.25), (0.33333334, 0.125), (0.29166666, 0.25), (0.33333334, 0.25), (0.33333334, 0.125), (0.33333334, 0.125), (0.33333334, 0.25), (0.375, 0.125), (0.33333334, 0.25), (0.375, 0.25), (0.375, 0.125), (0.375, 0.125), (0.375, 0.25), (0.41666666, 0.125), (0.375, 0.25), (0.41666666, 0.25), (0.41666666, 0.125), (0.41666666, 0.125), (0.41666666, 0.25), (0.45833334, 0.125), (0.41666666, 0.25), (0.45833334, 0.25), (0.45833334, 0.125), (0.45833334, 0.125), (0.45833334, 0.25), (0.5, 0.125), (0.45833334, 0.25), (0.5, 0.25), (0.5, 0.125), (0.5, 0.125), (0.5, 0.25), (0.5416667, 0.125), (0.5, 0.25), (0.5416667, 0.25), (0.5416667, 0.125), (0.5416667, 0.125), (0.5416667, 0.25), (0.5833333, 0.125), (0.5416667, 0.25), (0.5833333, 0.25), (0.5833333, 0.125), (0.5833333, 0.125), (0.5833333, 0.25), (0.625, 0.125), (0.5833333, 0.25), (0.625, 0.25), (0.625, 0.125), (0.625, 0.125), (0.625, 0.25), (0.6666667, 0.125), (0.625, 0.25), (0.6666667, 0.25), (0.6666667, 0.125), (0.6666667, 0.125), (0.6666667, 0.25), (0.7083333, 0.125), (0.6666667, 0.25), (0.7083333, 0.25), (0.7083333, 0.125), (0.7083333, 0.125), (0.7083333, 0.25), (0.75, 0.125), (0.7083333, 0.25), (0.75, 0.25), (0.75, 0.125), (0.75, 0.125), (0.75, 0.25), (0.7916667, 0.125), (0.75, 0.25), (0.7916667, 0.25), (0.7916667, 0.125), (0.7916667, 0.125), (0.7916667, 0.25), (0.8333333, 0.125), (0.7916667, 0.25), (0.8333333, 0.25), (0.8333333, 0.125), (0.8333333, 0.125), (0.8333333, 0.25), (0.875, 0.125), (0.8333333, 0.25), (0.875, 0.25), (0.875, 0.125), (0.875, 0.125), (0.875, 0.25), (0.9166667, 0.125), (0.875, 0.25), (0.9166667, 0.25), (0.9166667, 0.125), (0.9166667, 0.125), (0.9166667, 0.25), (0.9583333, 0.125), (0.9166667, 0.25), (0.9583333, 0.25), (0.9583333, 0.125), (0.9583333, 0.125), (0.9583333, 0.25), (1, 0.125), (0.9583333, 0.25), (1, 0.25), (1, 0.125), (0, 0), (0, 0.125), (0.041666668, 0), (0, 0.125), (0.041666668, 0.125), (0.041666668, 0), (0.041666668, 0), (0.041666668, 0.125), (0.083333336, 0), (0.041666668, 0.125), (0.083333336, 0.125), (0.083333336, 0), (0.083333336, 0), (0.083333336, 0.125), (0.125, 0), (0.083333336, 0.125), (0.125, 0.125), (0.125, 0), (0.125, 0), (0.125, 0.125), (0.16666667, 0), (0.125, 0.125), (0.16666667, 0.125), (0.16666667, 0), (0.16666667, 0), (0.16666667, 0.125), (0.20833333, 0), (0.16666667, 0.125), (0.20833333, 0.125), (0.20833333, 0), (0.20833333, 0), (0.20833333, 0.125), (0.25, 0), (0.20833333, 0.125), (0.25, 0.125), (0.25, 0), (0.25, 0), (0.25, 0.125), (0.29166666, 0), (0.25, 0.125), (0.29166666, 0.125), (0.29166666, 0), (0.29166666, 0), (0.29166666, 0.125), (0.33333334, 0), (0.29166666, 0.125), (0.33333334, 0.125), (0.33333334, 0), (0.33333334, 0), (0.33333334, 0.125), (0.375, 0), (0.33333334, 0.125), (0.375, 0.125), (0.375, 0), (0.375, 0), (0.375, 0.125), (0.41666666, 0), (0.375, 0.125), (0.41666666, 0.125), (0.41666666, 0), (0.41666666, 0), (0.41666666, 0.125), (0.45833334, 0), (0.41666666, 0.125), (0.45833334, 0.125), (0.45833334, 0), (0.45833334, 0), (0.45833334, 0.125), (0.5, 0), (0.45833334, 0.125), (0.5, 0.125), (0.5, 0), (0.5, 0), (0.5, 0.125), (0.5416667, 0), (0.5, 0.125), (0.5416667, 0.125), (0.5416667, 0), (0.5416667, 0), (0.5416667, 0.125), (0.5833333, 0), (0.5416667, 0.125), (0.5833333, 0.125), (0.5833333, 0), (0.5833333, 0), (0.5833333, 0.125), (0.625, 0), (0.5833333, 0.125), (0.625, 0.125), (0.625, 0), (0.625, 0), (0.625, 0.125), (0.6666667, 0), (0.625, 0.125), (0.6666667, 0.125), (0.6666667, 0), (0.6666667, 0), (0.6666667, 0.125), (0.7083333, 0), (0.6666667, 0.125), (0.7083333, 0.125), (0.7083333, 0), (0.7083333, 0), (0.7083333, 0.125), (0.75, 0), (0.7083333, 0.125), (0.75, 0.125), (0.75, 0), (0.75, 0), (0.75, 0.125), (0.7916667, 0), (0.75, 0.125), (0.7916667, 0.125), (0.7916667, 0), (0.7916667, 0), (0.7916667, 0.125), (0.8333333, 0), (0.7916667, 0.125), (0.8333333, 0.125), (0.8333333, 0), (0.8333333, 0), (0.8333333, 0.125), (0.875, 0), (0.8333333, 0.125), (0.875, 0.125), (0.875, 0), (0.875, 0), (0.875, 0.125), (0.9166667, 0), (0.875, 0.125), (0.9166667, 0.125), (0.9166667, 0), (0.9166667, 0), (0.9166667, 0.125), (0.9583333, 0), (0.9166667, 0.125), (0.9583333, 0.125), (0.9583333, 0), (0.9583333, 0), (0.9583333, 0.125), (1, 0), (0.9583333, 0.125), (1, 0.125), (1, 0)] (
                    interpolation = "faceVarying"
                )
                uniform token subdivisionScheme = "none"
                custom string userProperties:blender:data_name = "Mesh_4.019"
            }
        }
    }

    def Scope "_materials"
    {
        def Material "Material_3_019"
        {
            token outputs:surface.connect = </root/_materials/Material_3_019/Principled_BSDF.outputs:surface>
            custom string userProperties:blender:data_name = "Material_3.019"

            def Shader "Principled_BSDF"
            {
                uniform token info:id = "UsdPreviewSurface"
                float inputs:clearcoat = 0
                float inputs:clearcoatRoughness = 0.03
                color3f inputs:diffuseColor = (0.47932017, 0.17144111, 0.033104766)
                float inputs:ior = 1.5
                float inputs:metallic = 0.25
                float inputs:opacity = 1
                float inputs:roughness = 0.55
                float inputs:specular = 0.5
                token outputs:surface
            }
        }

        def Material "Material_9_013"
        {
            token outputs:surface.connect = </root/_materials/Material_9_013/Principled_BSDF.outputs:surface>
            custom string userProperties:blender:data_name = "Material_9.013"

            def Shader "Principled_BSDF"
            {
                uniform token info:id = "UsdPreviewSurface"
                float inputs:clearcoat = 0
                float inputs:clearcoatRoughness = 0.03
                color3f inputs:diffuseColor = (0.29613826, 0.3662526, 0.47932017)
                float inputs:ior = 1.5
                float inputs:metallic = 0.25
                float inputs:opacity = 1
                float inputs:roughness = 0.55
                float inputs:specular = 0.5
                token outputs:surface
            }
        }

        def Material "Material_0_019"
        {
            token outputs:surface.connect = </root/_materials/Material_0_019/Principled_BSDF.outputs:surface>
            custom string userProperties:blender:data_name = "Material_0.019"

            def Shader "Principled_BSDF"
            {
                uniform token info:id = "UsdPreviewSurface"
                float inputs:clearcoat = 0
                float inputs:clearcoatRoughness = 0.03
                color3f inputs:diffuseColor = (0.033104766, 0.052860647, 0.09084171)
                float inputs:ior = 1.5
                float inputs:metallic = 0.25
                float inputs:opacity = 1
                float inputs:roughness = 0.55
                float inputs:specular = 0.5
                token outputs:surface
            }
        }

        def Material "Material_2_019"
        {
            token outputs:surface.connect = </root/_materials/Material_2_019/Principled_BSDF.outputs:surface>
            custom string userProperties:blender:data_name = "Material_2.019"

            def Shader "Principled_BSDF"
            {
                uniform token info:id = "UsdPreviewSurface"
                float inputs:clearcoat = 0
                float inputs:clearcoatRoughness = 0.03
                color3f inputs:diffuseColor = (0.29613826, 0.3662526, 0.47932017)
                float inputs:ior = 1.5
                float inputs:metallic = 0.25
                float inputs:opacity = 1
                float inputs:roughness = 0.55
                float inputs:specular = 0.5
                token outputs:surface
            }
        }

        def Material "Material_5_019"
        {
            token outputs:surface.connect = </root/_materials/Material_5_019/Principled_BSDF.outputs:surface>
            custom string userProperties:blender:data_name = "Material_5.019"

            def Shader "Principled_BSDF"
            {
                uniform token info:id = "UsdPreviewSurface"
                float inputs:clearcoat = 0
                float inputs:clearcoatRoughness = 0.03
                color3f inputs:diffuseColor = (0.47932017, 0.17144111, 0.033104766)
                float inputs:ior = 1.5
                float inputs:metallic = 0.25
                float inputs:opacity = 1
                float inputs:roughness = 0.55
                float inputs:specular = 0.5
                token outputs:surface
            }
        }

        def Material "Material_11_012"
        {
            token outputs:surface.connect = </root/_materials/Material_11_012/Principled_BSDF.outputs:surface>
            custom string userProperties:blender:data_name = "Material_11.012"

            def Shader "Principled_BSDF"
            {
                uniform token info:id = "UsdPreviewSurface"
                float inputs:clearcoat = 0
                float inputs:clearcoatRoughness = 0.03
                color3f inputs:diffuseColor = (0.039546236, 0.50888133, 0.9386857)
                float inputs:ior = 1.5
                float inputs:metallic = 0.25
                float inputs:opacity = 1
                float inputs:roughness = 0.55
                float inputs:specular = 0.5
                token outputs:surface
            }
        }

        def Material "Material_6_019"
        {
            token outputs:surface.connect = </root/_materials/Material_6_019/Principled_BSDF.outputs:surface>
            custom string userProperties:blender:data_name = "Material_6.019"

            def Shader "Principled_BSDF"
            {
                uniform token info:id = "UsdPreviewSurface"
                float inputs:clearcoat = 0
                float inputs:clearcoatRoughness = 0.03
                color3f inputs:diffuseColor = (0.47932017, 0.17144111, 0.033104766)
                float inputs:ior = 1.5
                float inputs:metallic = 0.25
                float inputs:opacity = 1
                float inputs:roughness = 0.55
                float inputs:specular = 0.5
                token outputs:surface
            }
        }

        def Material "Material_7_017"
        {
            token outputs:surface.connect = </root/_materials/Material_7_017/Principled_BSDF.outputs:surface>
            custom string userProperties:blender:data_name = "Material_7.017"

            def Shader "Principled_BSDF"
            {
                uniform token info:id = "UsdPreviewSurface"
                float inputs:clearcoat = 0
                float inputs:clearcoatRoughness = 0.03
                color3f inputs:diffuseColor = (0.47932017, 0.17144111, 0.033104766)
                float inputs:ior = 1.5
                float inputs:metallic = 0.25
                float inputs:opacity = 1
                float inputs:roughness = 0.55
                float inputs:specular = 0.5
                token outputs:surface
            }
        }

        def Material "Material_10_012"
        {
            token outputs:surface.connect = </root/_materials/Material_10_012/Principled_BSDF.outputs:surface>
            custom string userProperties:blender:data_name = "Material_10.012"

            def Shader "Principled_BSDF"
            {
                uniform token info:id = "UsdPreviewSurface"
                float inputs:clearcoat = 0
                float inputs:clearcoatRoughness = 0.03
                color3f inputs:diffuseColor = (0.0129830325, 0.022173885, 0.04373503)
                float inputs:ior = 1.5
                float inputs:metallic = 0.25
                float inputs:opacity = 1
                float inputs:roughness = 0.55
                float inputs:specular = 0.5
                token outputs:surface
            }
        }

        def Material "Material_1_019"
        {
            token outputs:surface.connect = </root/_materials/Material_1_019/Principled_BSDF.outputs:surface>
            custom string userProperties:blender:data_name = "Material_1.019"

            def Shader "Principled_BSDF"
            {
                uniform token info:id = "UsdPreviewSurface"
                float inputs:clearcoat = 0
                float inputs:clearcoatRoughness = 0.03
                color3f inputs:diffuseColor = (0.004391442, 0.1746474, 0.27889428)
                float inputs:ior = 1.5
                float inputs:metallic = 0.25
                float inputs:opacity = 1
                float inputs:roughness = 0.55
                float inputs:specular = 0.5
                token outputs:surface
            }
        }

        def Material "Material_8_014"
        {
            token outputs:surface.connect = </root/_materials/Material_8_014/Principled_BSDF.outputs:surface>
            custom string userProperties:blender:data_name = "Material_8.014"

            def Shader "Principled_BSDF"
            {
                uniform token info:id = "UsdPreviewSurface"
                float inputs:clearcoat = 0
                float inputs:clearcoatRoughness = 0.03
                color3f inputs:diffuseColor = (0.47932017, 0.17144111, 0.033104766)
                float inputs:ior = 1.5
                float inputs:metallic = 0.25
                float inputs:opacity = 1
                float inputs:roughness = 0.55
                float inputs:specular = 0.5
                token outputs:surface
            }
        }

        def Material "Material_4_019"
        {
            token outputs:surface.connect = </root/_materials/Material_4_019/Principled_BSDF.outputs:surface>
            custom string userProperties:blender:data_name = "Material_4.019"

            def Shader "Principled_BSDF"
            {
                uniform token info:id = "UsdPreviewSurface"
                float inputs:clearcoat = 0
                float inputs:clearcoatRoughness = 0.03
                color3f inputs:diffuseColor = (0.47932017, 0.17144111, 0.033104766)
                float inputs:ior = 1.5
                float inputs:metallic = 0.25
                float inputs:opacity = 1
                float inputs:roughness = 0.55
                float inputs:specular = 0.5
                token outputs:surface
            }
        }
    }

    def DomeLight "env_light"
    {
        float inputs:intensity = 1
        asset inputs:texture:file = @./textures/color_121212.hdr@
        float3 xformOp:rotateXYZ = (90, -0, 90)
        uniform token[] xformOpOrder = ["xformOp:rotateXYZ"]
    }
}

