#usda 1.0
(
    defaultPrim = "root"
    doc = "Blender v4.5.0"
    metersPerUnit = 1
    upAxis = "Z"
)

def Xform "root" (
    customData = {
        dictionary Blender = {
            bool generated = 1
        }
    }
)
{
    def Xform "A498"
    {
        custom string userProperties:assetId = "A498"
        custom bool userProperties:authoritativeSource = 0
        custom string userProperties:blender:object_name = "A498"
        custom string userProperties:coordinateSystem = "RIGHT_HANDED_Y_UP"
        custom string userProperties:dimensionalAccuracy = "CONCEPTUAL"
        custom string userProperties:forwardDirection = "+Z"
        custom string userProperties:generatedFrom = "Catalog identity and individually authored assembly recipe"
        custom bool userProperties:motionCandidate = 0
        custom string userProperties:originPolicy = "floor centre; instance XZ unchanged"
        custom bool userProperties:physicalPortVerified = 0
        custom string userProperties:representationClass = "CUSTOM_GENERATED_CONCEPTUAL"
        custom string userProperties:unit = "m"

        def Xform "control_drawer_3_0"
        {
            custom string userProperties:blender:object_name = "control_drawer_3_0"
            float3 xformOp:rotateXYZ = (0, -0, 0)
            float3 xformOp:scale = (1, 1, 1)
            double3 xformOp:translate = (1.0800000429153442, -0.5199999809265137, 0.3799999952316284)
            uniform token[] xformOpOrder = ["xformOp:translate", "xformOp:rotateXYZ", "xformOp:scale"]

            def Mesh "Mesh_15_013" (
                active = true
                prepend apiSchemas = ["MaterialBindingAPI"]
            )
            {
                uniform bool doubleSided = 0
                float3[] extent = [(-0.21, -0.015, -0.065), (0.21, 0.015, 0.065)]
                int[] faceVertexCounts = [3, 3, 3, 3, 3, 3, 3, 3, 3, 3, 3, 3]
                int[] faceVertexIndices = [0, 2, 1, 2, 3, 1, 4, 6, 5, 6, 7, 5, 8, 10, 9, 10, 11, 9, 12, 14, 13, 14, 15, 13, 16, 18, 17, 18, 19, 17, 20, 22, 21, 22, 23, 21]
                rel material:binding = </root/_materials/Material_15_013>
                normal3f[] normals = [(1, 0, 0), (1, 0, 0), (1, 0, 0), (1, 0, 0), (1, 0, 0), (1, 0, 0), (-1, 0, 0), (-1, 0, 0), (-1, 0, 0), (-1, 0, 0), (-1, 0, 0), (-1, 0, 0), (0, 0, 0.99999994), (0, 0, 0.99999994), (0, 0, 0.99999994), (0, 0, 0.99999994), (0, 0, 0.99999994), (0, 0, 0.99999994), (0, 0, -0.99999994), (0, 0, -0.99999994), (0, 0, -0.99999994), (0, 0, -0.99999994), (0, 0, -0.99999994), (0, 0, -0.99999994), (0, -1, 0), (0, -1, 0), (0, -1, 0), (0, -1, 0), (0, -1, 0), (0, -1, 0), (0, 1, 0), (0, 1, 0), (0, 1, 0), (0, 1, 0), (0, 1, 0), (0, 1, 0)] (
                    interpolation = "faceVarying"
                )
                point3f[] points = [(0.21, -0.015, 0.065), (0.21, 0.015, 0.065), (0.21, -0.015, -0.065), (0.21, 0.015, -0.065), (-0.21, 0.015, 0.065), (-0.21, -0.015, 0.065), (-0.21, 0.015, -0.065), (-0.21, -0.015, -0.065), (-0.21, 0.015, 0.065), (0.21, 0.015, 0.065), (-0.21, -0.015, 0.065), (0.21, -0.015, 0.065), (-0.21, -0.015, -0.065), (0.21, -0.015, -0.065), (-0.21, 0.015, -0.065), (0.21, 0.015, -0.065), (-0.21, -0.015, 0.065), (0.21, -0.015, 0.065), (-0.21, -0.015, -0.065), (0.21, -0.015, -0.065), (0.21, 0.015, 0.065), (-0.21, 0.015, 0.065), (0.21, 0.015, -0.065), (-0.21, 0.015, -0.065)]
                texCoord2f[] primvars:st = [(0, 0), (0, 1), (1, 0), (0, 1), (1, 1), (1, 0), (0, 0), (0, 1), (1, 0), (0, 1), (1, 1), (1, 0), (0, 0), (0, 1), (1, 0), (0, 1), (1, 1), (1, 0), (0, 0), (0, 1), (1, 0), (0, 1), (1, 1), (1, 0), (0, 0), (0, 1), (1, 0), (0, 1), (1, 1), (1, 0), (0, 0), (0, 1), (1, 0), (0, 1), (1, 1), (1, 0)] (
                    interpolation = "faceVarying"
                )
                uniform token subdivisionScheme = "none"
                custom string userProperties:blender:data_name = "Mesh_15.013"
            }
        }

        def Xform "control_3"
        {
            custom string userProperties:blender:object_name = "control_3"
            float3 xformOp:rotateXYZ = (0, -0, 0)
            float3 xformOp:scale = (1, 1, 1.8)
            double3 xformOp:translate = (1.0800000429153442, 0, 0.9399999976158142)
            uniform token[] xformOpOrder = ["xformOp:translate", "xformOp:rotateXYZ", "xformOp:scale"]

            def Mesh "Mesh_14_016" (
                active = true
                prepend apiSchemas = ["MaterialBindingAPI"]
            )
            {
                uniform bool doubleSided = 0
                float3[] extent = [(-0.265, -0.5, -0.4), (0.265, 0.5, 0.4)]
                int[] faceVertexCounts = [3, 3, 3, 3, 3, 3, 3, 3, 3, 3, 3, 3]
                int[] faceVertexIndices = [0, 2, 1, 2, 3, 1, 4, 6, 5, 6, 7, 5, 8, 10, 9, 10, 11, 9, 12, 14, 13, 14, 15, 13, 16, 18, 17, 18, 19, 17, 20, 22, 21, 22, 23, 21]
                rel material:binding = </root/_materials/Material_14_016>
                normal3f[] normals = [(1, 0, 0), (1, 0, 0), (1, 0, 0), (1, 0, 0), (1, 0, 0), (1, 0, 0), (-1, 0, 0), (-1, 0, 0), (-1, 0, 0), (-1, 0, 0), (-1, 0, 0), (-1, 0, 0), (0, 0, 1), (0, 0, 1), (0, 0, 1), (0, 0, 1), (0, 0, 1), (0, 0, 1), (0, 0, -1), (0, 0, -1), (0, 0, -1), (0, 0, -1), (0, 0, -1), (0, 0, -1), (0, -1, 0), (0, -1, 0), (0, -1, 0), (0, -1, 0), (0, -1, 0), (0, -1, 0), (0, 1, 0), (0, 1, 0), (0, 1, 0), (0, 1, 0), (0, 1, 0), (0, 1, 0)] (
                    interpolation = "faceVarying"
                )
                point3f[] points = [(0.265, -0.5, 0.4), (0.265, 0.5, 0.4), (0.265, -0.5, -0.4), (0.265, 0.5, -0.4), (-0.265, 0.5, 0.4), (-0.265, -0.5, 0.4), (-0.265, 0.5, -0.4), (-0.265, -0.5, -0.4), (-0.265, 0.5, 0.4), (0.265, 0.5, 0.4), (-0.265, -0.5, 0.4), (0.265, -0.5, 0.4), (-0.265, -0.5, -0.4), (0.265, -0.5, -0.4), (-0.265, 0.5, -0.4), (0.265, 0.5, -0.4), (-0.265, -0.5, 0.4), (0.265, -0.5, 0.4), (-0.265, -0.5, -0.4), (0.265, -0.5, -0.4), (0.265, 0.5, 0.4), (-0.265, 0.5, 0.4), (0.265, 0.5, -0.4), (-0.265, 0.5, -0.4)]
                texCoord2f[] primvars:st = [(0, 0), (0, 1), (1, 0), (0, 1), (1, 1), (1, 0), (0, 0), (0, 1), (1, 0), (0, 1), (1, 1), (1, 0), (0, 0), (0, 1), (1, 0), (0, 1), (1, 1), (1, 0), (0, 0), (0, 1), (1, 0), (0, 1), (1, 1), (1, 0), (0, 0), (0, 1), (1, 0), (0, 1), (1, 1), (1, 0), (0, 0), (0, 1), (1, 0), (0, 1), (1, 1), (1, 0)] (
                    interpolation = "faceVarying"
                )
                uniform token subdivisionScheme = "none"
                custom string userProperties:blender:data_name = "Mesh_14.016"
            }
        }

        def Xform "squeegee_2"
        {
            custom string userProperties:blender:object_name = "squeegee_2"
            float3 xformOp:rotateXYZ = (0, -0, 0)
            float3 xformOp:scale = (1, 1, 1)
            double3 xformOp:translate = (0.36000001430511475, 0, 1.600000023841858)
            uniform token[] xformOpOrder = ["xformOp:translate", "xformOp:rotateXYZ", "xformOp:scale"]

            def Mesh "Mesh_11_024" (
                active = true
                prepend apiSchemas = ["MaterialBindingAPI"]
            )
            {
                uniform bool doubleSided = 0
                float3[] extent = [(-0.21, -0.21, -0.225), (0.21, 0.21, 0.225)]
                int[] faceVertexCounts = [3, 3, 3, 3, 3, 3, 3, 3, 3, 3, 3, 3, 3, 3, 3, 3, 3, 3, 3, 3, 3, 3, 3, 3, 3, 3, 3, 3, 3, 3, 3, 3, 3, 3, 3, 3, 3, 3, 3, 3, 3, 3, 3, 3, 3, 3, 3, 3, 3, 3, 3, 3, 3, 3, 3, 3, 3, 3, 3, 3, 3, 3, 3, 3]
                int[] faceVertexIndices = [0, 17, 1, 17, 18, 1, 1, 18, 2, 18, 19, 2, 2, 19, 3, 19, 20, 3, 3, 20, 4, 20, 21, 4, 4, 21, 5, 21, 22, 5, 5, 22, 6, 22, 23, 6, 6, 23, 7, 23, 24, 7, 7, 24, 8, 24, 25, 8, 8, 25, 9, 25, 26, 9, 9, 26, 10, 26, 27, 10, 10, 27, 11, 27, 28, 11, 11, 28, 12, 28, 29, 12, 12, 29, 13, 29, 30, 13, 13, 30, 14, 30, 31, 14, 14, 31, 15, 31, 32, 15, 15, 32, 16, 32, 33, 16, 50, 51, 34, 51, 52, 35, 52, 53, 36, 53, 54, 37, 54, 55, 38, 55, 56, 39, 56, 57, 40, 57, 58, 41, 58, 59, 42, 59, 60, 43, 60, 61, 44, 61, 62, 45, 62, 63, 46, 63, 64, 47, 64, 65, 48, 65, 66, 49, 84, 83, 67, 85, 84, 68, 86, 85, 69, 87, 86, 70, 88, 87, 71, 89, 88, 72, 90, 89, 73, 91, 90, 74, 92, 91, 75, 93, 92, 76, 94, 93, 77, 95, 94, 78, 96, 95, 79, 97, 96, 80, 98, 97, 81, 99, 98, 82]
                rel material:binding = </root/_materials/Material_11_024>
                normal3f[] normals = [(0.00005839765, -0.9845625, 0.17503352), (0.00005853121, -0.9845645, 0.1750222), (0.37677443, -0.9096177, 0.17503336), (0.00005853121, -0.9845645, 0.1750222), (0.3767739, -0.9096179, 0.1750333), (0.37677443, -0.9096177, 0.17503336), (0.37677443, -0.9096177, 0.17503336), (0.3767739, -0.9096179, 0.1750333), (0.69618994, -0.6961918, 0.17503335), (0.3767739, -0.9096179, 0.1750333), (0.69618946, -0.6961922, 0.17503332), (0.69618994, -0.6961918, 0.17503335), (0.69618994, -0.6961918, 0.17503335), (0.69618946, -0.6961922, 0.17503332), (0.90961665, -0.37677693, 0.17503336), (0.69618946, -0.6961922, 0.17503332), (0.9096165, -0.37677735, 0.17503333), (0.90961665, -0.37677693, 0.17503336), (0.90961665, -0.37677693, 0.17503336), (0.9096165, -0.37677735, 0.17503333), (0.9845625, -0.0000016462135, 0.17503336), (0.9096165, -0.37677735, 0.17503333), (0.9845625, -0.000001758876, 0.17503333), (0.9845625, -0.0000016462135, 0.17503336), (0.9845625, -0.0000016462135, 0.17503336), (0.9845625, -0.000001758876, 0.17503333), (0.9096177, 0.37677416, 0.17503336), (0.9845625, -0.000001758876, 0.17503333), (0.9096179, 0.37677395, 0.17503333), (0.9096177, 0.37677416, 0.17503336), (0.9096177, 0.37677416, 0.17503336), (0.9096179, 0.37677395, 0.17503333), (0.6961917, 0.6961898, 0.17503327), (0.9096179, 0.37677395, 0.17503333), (0.6961922, 0.6961894, 0.17503333), (0.6961917, 0.6961898, 0.17503327), (0.6961917, 0.6961898, 0.17503327), (0.6961922, 0.6961894, 0.17503333), (0.3767769, 0.90961677, 0.17503333), (0.6961922, 0.6961894, 0.17503333), (0.3767775, 0.90961635, 0.17503335), (0.3767769, 0.90961677, 0.17503333), (0.3767769, 0.90961677, 0.17503333), (0.3767775, 0.90961635, 0.17503335), (0.0000013529226, 0.9845625, 0.17503339), (0.3767775, 0.90961635, 0.17503335), (0.0000019466213, 0.98456246, 0.17503332), (0.0000013529226, 0.9845625, 0.17503339), (0.0000013529226, 0.9845625, 0.17503339), (0.0000019466213, 0.98456246, 0.17503332), (-0.37677443, 0.9096177, 0.17503336), (0.0000019466213, 0.98456246, 0.17503332), (-0.3767739, 0.9096179, 0.1750333), (-0.37677443, 0.9096177, 0.17503336), (-0.37677443, 0.9096177, 0.17503336), (-0.3767739, 0.9096179, 0.1750333), (-0.69618994, 0.6961918, 0.17503335), (-0.3767739, 0.9096179, 0.1750333), (-0.69618946, 0.6961922, 0.17503332), (-0.69618994, 0.6961918, 0.17503335), (-0.69618994, 0.6961918, 0.17503335), (-0.69618946, 0.6961922, 0.17503332), (-0.90961665, 0.37677693, 0.17503336), (-0.69618946, 0.6961922, 0.17503332), (-0.9096165, 0.37677735, 0.17503333), (-0.90961665, 0.37677693, 0.17503336), (-0.90961665, 0.37677693, 0.17503336), (-0.9096165, 0.37677735, 0.17503333), (-0.9845625, 0.0000016462135, 0.17503336), (-0.9096165, 0.37677735, 0.17503333), (-0.9845625, 0.000001758876, 0.17503333), (-0.9845625, 0.0000016462135, 0.17503336), (-0.9845625, 0.0000016462135, 0.17503336), (-0.9845625, 0.000001758876, 0.17503333), (-0.9096177, -0.37677416, 0.17503336), (-0.9845625, 0.000001758876, 0.17503333), (-0.9096179, -0.37677395, 0.17503333), (-0.9096177, -0.37677416, 0.17503336), (-0.9096177, -0.37677416, 0.17503336), (-0.9096179, -0.37677395, 0.17503333), (-0.6961917, -0.6961898, 0.17503327), (-0.9096179, -0.37677395, 0.17503333), (-0.6961922, -0.6961894, 0.17503333), (-0.6961917, -0.6961898, 0.17503327), (-0.6961917, -0.6961898, 0.17503327), (-0.6961922, -0.6961894, 0.17503333), (-0.3767769, -0.90961677, 0.17503333), (-0.6961922, -0.6961894, 0.17503333), (-0.3767775, -0.90961635, 0.17503335), (-0.3767769, -0.90961677, 0.17503333), (-0.3767769, -0.90961677, 0.17503333), (-0.3767775, -0.90961635, 0.17503335), (-0.000058433565, -0.98456365, 0.17502731), (-0.3767775, -0.90961635, 0.17503335), (-0.00005853176, -0.98456335, 0.17502822), (-0.000058433565, -0.98456365, 0.17502731), (0, 0, 1), (0, 0, 1), (0, 0, 1), (0, 0, 1), (0, 0, 1), (0, 0, 1), (0, 0, 1), (0, 0, 1), (0, 0, 1), (-5.538732e-16, 0, 1), (-5.538732e-16, 0, 1), (-5.538732e-16, 0, 1), (0, 0, 1), (0, 0, 1), (0, 0, 1), (0, 0, 1), (0, 0, 1), (0, 0, 1), (0, 0, 1), (0, 0, 1), (0, 0, 1), (0, 0, 1), (0, 0, 1), (0, 0, 1), (0, 0, 1), (0, 0, 1), (0, 0, 1), (0, 0, 1), (0, 0, 1), (0, 0, 1), (0, 0, 1), (0, 0, 1), (0, 0, 1), (1.6616198e-15, 0, 1), (1.6616198e-15, 0, 1), (1.6616198e-15, 0, 1), (0, 0, 1), (0, 0, 1), (0, 0, 1), (0, 0, 1), (0, 0, 1), (0, 0, 1), (0, 0, 1), (0, 0, 1), (0, 0, 1), (0, 0, 1), (0, 0, 1), (0, 0, 1), (4.4148084e-7, 0, -1), (4.4148084e-7, 0, -1), (4.4148084e-7, 0, -1), (0, 0, -1), (0, 0, -1), (0, 0, -1), (0, 0, -1), (0, 0, -1), (0, 0, -1), (0, 0, -1), (0, 0, -1), (0, 0, -1), (3.428739e-16, 0, -1), (3.428739e-16, 0, -1), (3.428739e-16, 0, -1), (0, 0, -1), (0, 0, -1), (0, 0, -1), (0, 0, -1), (0, 0, -1), (0, 0, -1), (4.4148084e-7, 0, -1), (4.4148084e-7, 0, -1), (4.4148084e-7, 0, -1), (-4.4148084e-7, 0, -1), (-4.4148084e-7, 0, -1), (-4.4148084e-7, 0, -1), (0, 0, -1), (0, 0, -1), (0, 0, -1), (0, 0, -1), (0, 0, -1), (0, 0, -1), (0, 0, -1), (0, 0, -1), (0, 0, -1), (-1.0286218e-15, 0, -1), (-1.0286218e-15, 0, -1), (-1.0286218e-15, 0, -1), (0, 0, -1), (0, 0, -1), (0, 0, -1), (0, 0, -1), (0, 0, -1), (0, 0, -1), (-4.4148084e-7, 0, -1), (-4.4148084e-7, 0, -1), (-4.4148084e-7, 0, -1)] (
                    interpolation = "faceVarying"
                )
                point3f[] points = [(0, -0.13, 0.225), (0.049748845, -0.12010434, 0.225), (0.091923885, -0.091923885, 0.225), (0.12010434, -0.049748845, 0.225), (0.13, -7.960204e-18, 0.225), (0.12010434, 0.049748845, 0.225), (0.091923885, 0.091923885, 0.225), (0.049748845, 0.12010434, 0.225), (1.5920408e-17, 0.13, 0.225), (-0.049748845, 0.12010434, 0.225), (-0.091923885, 0.091923885, 0.225), (-0.12010434, 0.049748845, 0.225), (-0.13, 2.3880613e-17, 0.225), (-0.12010434, -0.049748845, 0.225), (-0.091923885, -0.091923885, 0.225), (-0.049748845, -0.12010434, 0.225), (-3.1840816e-17, -0.13, 0.225), (0, -0.21, -0.225), (0.08036352, -0.1940147, -0.225), (0.14849243, -0.14849243, -0.225), (0.1940147, -0.08036352, -0.225), (0.21, -1.28587915e-17, -0.225), (0.1940147, 0.08036352, -0.225), (0.14849243, 0.14849243, -0.225), (0.08036352, 0.1940147, -0.225), (2.5717583e-17, 0.21, -0.225), (-0.08036352, 0.1940147, -0.225), (-0.14849243, 0.14849243, -0.225), (-0.1940147, 0.08036352, -0.225), (-0.21, 3.8576375e-17, -0.225), (-0.1940147, -0.08036352, -0.225), (-0.14849243, -0.14849243, -0.225), (-0.08036352, -0.1940147, -0.225), (-5.1435166e-17, -0.21, -0.225), (0, -0, 0.225), (0, -0, 0.225), (0, -0, 0.225), (0, -0, 0.225), (0, -0, 0.225), (0, -0, 0.225), (0, -0, 0.225), (0, -0, 0.225), (0, -0, 0.225), (0, -0, 0.225), (0, -0, 0.225), (0, -0, 0.225), (0, -0, 0.225), (0, -0, 0.225), (0, -0, 0.225), (0, -0, 0.225), (0, -0.13, 0.225), (0.049748845, -0.12010434, 0.225), (0.091923885, -0.091923885, 0.225), (0.12010434, -0.049748845, 0.225), (0.13, -7.960204e-18, 0.225), (0.12010434, 0.049748845, 0.225), (0.091923885, 0.091923885, 0.225), (0.049748845, 0.12010434, 0.225), (1.5920408e-17, 0.13, 0.225), (-0.049748845, 0.12010434, 0.225), (-0.091923885, 0.091923885, 0.225), (-0.12010434, 0.049748845, 0.225), (-0.13, 2.3880613e-17, 0.225), (-0.12010434, -0.049748845, 0.225), (-0.091923885, -0.091923885, 0.225), (-0.049748845, -0.12010434, 0.225), (-3.1840816e-17, -0.13, 0.225), (0, -0, -0.225), (0, -0, -0.225), (0, -0, -0.225), (0, -0, -0.225), (0, -0, -0.225), (0, -0, -0.225), (0, -0, -0.225), (0, -0, -0.225), (0, -0, -0.225), (0, -0, -0.225), (0, -0, -0.225), (0, -0, -0.225), (0, -0, -0.225), (0, -0, -0.225), (0, -0, -0.225), (0, -0, -0.225), (0, -0.21, -0.225), (0.08036352, -0.1940147, -0.225), (0.14849243, -0.14849243, -0.225), (0.1940147, -0.08036352, -0.225), (0.21, -1.28587915e-17, -0.225), (0.1940147, 0.08036352, -0.225), (0.14849243, 0.14849243, -0.225), (0.08036352, 0.1940147, -0.225), (2.5717583e-17, 0.21, -0.225), (-0.08036352, 0.1940147, -0.225), (-0.14849243, 0.14849243, -0.225), (-0.1940147, 0.08036352, -0.225), (-0.21, 3.8576375e-17, -0.225), (-0.1940147, -0.08036352, -0.225), (-0.14849243, -0.14849243, -0.225), (-0.08036352, -0.1940147, -0.225), (-5.1435166e-17, -0.21, -0.225)]
                texCoord2f[] primvars:st = [(0, 0), (0, 1), (0.0625, 0), (0, 1), (0.0625, 1), (0.0625, 0), (0.0625, 0), (0.0625, 1), (0.125, 0), (0.0625, 1), (0.125, 1), (0.125, 0), (0.125, 0), (0.125, 1), (0.1875, 0), (0.125, 1), (0.1875, 1), (0.1875, 0), (0.1875, 0), (0.1875, 1), (0.25, 0), (0.1875, 1), (0.25, 1), (0.25, 0), (0.25, 0), (0.25, 1), (0.3125, 0), (0.25, 1), (0.3125, 1), (0.3125, 0), (0.3125, 0), (0.3125, 1), (0.375, 0), (0.3125, 1), (0.375, 1), (0.375, 0), (0.375, 0), (0.375, 1), (0.4375, 0), (0.375, 1), (0.4375, 1), (0.4375, 0), (0.4375, 0), (0.4375, 1), (0.5, 0), (0.4375, 1), (0.5, 1), (0.5, 0), (0.5, 0), (0.5, 1), (0.5625, 0), (0.5, 1), (0.5625, 1), (0.5625, 0), (0.5625, 0), (0.5625, 1), (0.625, 0), (0.5625, 1), (0.625, 1), (0.625, 0), (0.625, 0), (0.625, 1), (0.6875, 0), (0.625, 1), (0.6875, 1), (0.6875, 0), (0.6875, 0), (0.6875, 1), (0.75, 0), (0.6875, 1), (0.75, 1), (0.75, 0), (0.75, 0), (0.75, 1), (0.8125, 0), (0.75, 1), (0.8125, 1), (0.8125, 0), (0.8125, 0), (0.8125, 1), (0.875, 0), (0.8125, 1), (0.875, 1), (0.875, 0), (0.875, 0), (0.875, 1), (0.9375, 0), (0.875, 1), (0.9375, 1), (0.9375, 0), (0.9375, 0), (0.9375, 1), (1, 0), (0.9375, 1), (1, 1), (1, 0), (1, 0.5), (0.96193975, 0.3086583), (0.5, 0.5), (0.96193975, 0.3086583), (0.8535534, 0.14644659), (0.5, 0.5), (0.8535534, 0.14644659), (0.6913417, 0.038060248), (0.5, 0.5), (0.6913417, 0.038060248), (0.5, 0), (0.5, 0.5), (0.5, 0), (0.30865827, 0.038060248), (0.5, 0.5), (0.30865827, 0.038060248), (0.14644662, 0.14644659), (0.5, 0.5), (0.14644662, 0.14644659), (0.038060233, 0.3086583), (0.5, 0.5), (0.038060233, 0.3086583), (0, 0.5), (0.5, 0.5), (0, 0.5), (0.038060233, 0.69134176), (0.5, 0.5), (0.038060233, 0.69134176), (0.14644662, 0.8535534), (0.5, 0.5), (0.14644662, 0.8535534), (0.30865827, 0.96193975), (0.5, 0.5), (0.30865827, 0.96193975), (0.5, 1), (0.5, 0.5), (0.5, 1), (0.6913417, 0.96193975), (0.5, 0.5), (0.6913417, 0.96193975), (0.8535534, 0.8535534), (0.5, 0.5), (0.8535534, 0.8535534), (0.96193975, 0.69134176), (0.5, 0.5), (0.96193975, 0.69134176), (1, 0.5), (0.5, 0.5), (0.96193975, 0.69134176), (1, 0.5), (0.5, 0.5), (0.8535534, 0.8535534), (0.96193975, 0.69134176), (0.5, 0.5), (0.6913417, 0.96193975), (0.8535534, 0.8535534), (0.5, 0.5), (0.5, 1), (0.6913417, 0.96193975), (0.5, 0.5), (0.30865827, 0.96193975), (0.5, 1), (0.5, 0.5), (0.14644662, 0.8535534), (0.30865827, 0.96193975), (0.5, 0.5), (0.038060233, 0.69134176), (0.14644662, 0.8535534), (0.5, 0.5), (0, 0.5), (0.038060233, 0.69134176), (0.5, 0.5), (0.038060233, 0.3086583), (0, 0.5), (0.5, 0.5), (0.14644662, 0.14644659), (0.038060233, 0.3086583), (0.5, 0.5), (0.30865827, 0.038060248), (0.14644662, 0.14644659), (0.5, 0.5), (0.5, 0), (0.30865827, 0.038060248), (0.5, 0.5), (0.6913417, 0.038060248), (0.5, 0), (0.5, 0.5), (0.8535534, 0.14644659), (0.6913417, 0.038060248), (0.5, 0.5), (0.96193975, 0.3086583), (0.8535534, 0.14644659), (0.5, 0.5), (1, 0.5), (0.96193975, 0.3086583), (0.5, 0.5)] (
                    interpolation = "faceVarying"
                )
                uniform token subdivisionScheme = "none"
                custom string userProperties:blender:data_name = "Mesh_11.024"
            }
        }

        def Xform "control_drawer_3_4"
        {
            custom string userProperties:blender:object_name = "control_drawer_3_4"
            float3 xformOp:rotateXYZ = (0, -0, 0)
            float3 xformOp:scale = (1, 1, 1)
            double3 xformOp:translate = (1.0800000429153442, -0.5199999809265137, 1.2999999523162842)
            uniform token[] xformOpOrder = ["xformOp:translate", "xformOp:rotateXYZ", "xformOp:scale"]

            def Mesh "Mesh_19_005" (
                active = true
                prepend apiSchemas = ["MaterialBindingAPI"]
            )
            {
                uniform bool doubleSided = 0
                float3[] extent = [(-0.21, -0.015, -0.065), (0.21, 0.015, 0.065)]
                int[] faceVertexCounts = [3, 3, 3, 3, 3, 3, 3, 3, 3, 3, 3, 3]
                int[] faceVertexIndices = [0, 2, 1, 2, 3, 1, 4, 6, 5, 6, 7, 5, 8, 10, 9, 10, 11, 9, 12, 14, 13, 14, 15, 13, 16, 18, 17, 18, 19, 17, 20, 22, 21, 22, 23, 21]
                rel material:binding = </root/_materials/Material_19_005>
                normal3f[] normals = [(1, 0, 0), (1, 0, 0), (1, 0, 0), (1, 0, 0), (1, 0, 0), (1, 0, 0), (-1, 0, 0), (-1, 0, 0), (-1, 0, 0), (-1, 0, 0), (-1, 0, 0), (-1, 0, 0), (0, 0, 0.99999994), (0, 0, 0.99999994), (0, 0, 0.99999994), (0, 0, 0.99999994), (0, 0, 0.99999994), (0, 0, 0.99999994), (0, 0, -0.99999994), (0, 0, -0.99999994), (0, 0, -0.99999994), (0, 0, -0.99999994), (0, 0, -0.99999994), (0, 0, -0.99999994), (0, -1, 0), (0, -1, 0), (0, -1, 0), (0, -1, 0), (0, -1, 0), (0, -1, 0), (0, 1, 0), (0, 1, 0), (0, 1, 0), (0, 1, 0), (0, 1, 0), (0, 1, 0)] (
                    interpolation = "faceVarying"
                )
                point3f[] points = [(0.21, -0.015, 0.065), (0.21, 0.015, 0.065), (0.21, -0.015, -0.065), (0.21, 0.015, -0.065), (-0.21, 0.015, 0.065), (-0.21, -0.015, 0.065), (-0.21, 0.015, -0.065), (-0.21, -0.015, -0.065), (-0.21, 0.015, 0.065), (0.21, 0.015, 0.065), (-0.21, -0.015, 0.065), (0.21, -0.015, 0.065), (-0.21, -0.015, -0.065), (0.21, -0.015, -0.065), (-0.21, 0.015, -0.065), (0.21, 0.015, -0.065), (-0.21, -0.015, 0.065), (0.21, -0.015, 0.065), (-0.21, -0.015, -0.065), (0.21, -0.015, -0.065), (0.21, 0.015, 0.065), (-0.21, 0.015, 0.065), (0.21, 0.015, -0.065), (-0.21, 0.015, -0.065)]
                texCoord2f[] primvars:st = [(0, 0), (0, 1), (1, 0), (0, 1), (1, 1), (1, 0), (0, 0), (0, 1), (1, 0), (0, 1), (1, 1), (1, 0), (0, 0), (0, 1), (1, 0), (0, 1), (1, 1), (1, 0), (0, 0), (0, 1), (1, 0), (0, 1), (1, 1), (1, 0), (0, 0), (0, 1), (1, 0), (0, 1), (1, 1), (1, 0), (0, 0), (0, 1), (1, 0), (0, 1), (1, 1), (1, 0)] (
                    interpolation = "faceVarying"
                )
                uniform token subdivisionScheme = "none"
                custom string userProperties:blender:data_name = "Mesh_19.005"
            }
        }

        def Xform "conveyor_idler_0_3"
        {
            custom string userProperties:blender:object_name = "conveyor_idler_0_3"
            float3 xformOp:rotateXYZ = (90.000015, -0, 0)
            float3 xformOp:scale = (1, 1.0000001, 1.0000001)
            double3 xformOp:translate = (-1, 0, 0.5299999713897705)
            uniform token[] xformOpOrder = ["xformOp:translate", "xformOp:rotateXYZ", "xformOp:scale"]

            def Mesh "Mesh_5_036" (
                active = true
                prepend apiSchemas = ["MaterialBindingAPI"]
            )
            {
                uniform bool doubleSided = 0
                float3[] extent = [(-0.045, -0.045, -0.45), (0.045, 0.045, 0.45)]
                int[] faceVertexCounts = [3, 3, 3, 3, 3, 3, 3, 3, 3, 3, 3, 3, 3, 3, 3, 3, 3, 3, 3, 3, 3, 3, 3, 3, 3, 3, 3, 3, 3, 3, 3, 3, 3, 3, 3, 3, 3, 3, 3, 3, 3, 3, 3, 3, 3, 3, 3, 3]
                int[] faceVertexIndices = [0, 13, 1, 13, 14, 1, 1, 14, 2, 14, 15, 2, 2, 15, 3, 15, 16, 3, 3, 16, 4, 16, 17, 4, 4, 17, 5, 17, 18, 5, 5, 18, 6, 18, 19, 6, 6, 19, 7, 19, 20, 7, 7, 20, 8, 20, 21, 8, 8, 21, 9, 21, 22, 9, 9, 22, 10, 22, 23, 10, 10, 23, 11, 23, 24, 11, 11, 24, 12, 24, 25, 12, 38, 39, 26, 39, 40, 27, 40, 41, 28, 41, 42, 29, 42, 43, 30, 43, 44, 31, 44, 45, 32, 45, 46, 33, 46, 47, 34, 47, 48, 35, 48, 49, 36, 49, 50, 37, 64, 63, 51, 65, 64, 52, 66, 65, 53, 67, 66, 54, 68, 67, 55, 69, 68, 56, 70, 69, 57, 71, 70, 58, 72, 71, 59, 73, 72, 60, 74, 73, 61, 75, 74, 62]
                rel material:binding = </root/_materials/Material_5_036>
                normal3f[] normals = [(0.000055909157, -1, -0.000012420108), (0.000055879354, -1, 0.000086826636), (0.49999863, -0.86602616, 0), (0.000055879354, -1, 0.000086826636), (0.5000013, -0.8660246, 0), (0.49999863, -0.86602616, 0), (0.49999863, -0.86602616, 0), (0.5000013, -0.8660246, 0), (0.8660247, -0.5000013, 0), (0.5000013, -0.8660246, 0), (0.86602616, -0.49999872, 0), (0.8660247, -0.5000013, 0), (0.8660247, -0.5000013, 0), (0.86602616, -0.49999872, 0), (1, -0.0000013945761, 0), (0.86602616, -0.49999872, 0), (1, 0.0000013945761, 0), (1, -0.0000013945761, 0), (1, -0.0000013945761, 0), (1, 0.0000013945761, 0), (0.86602616, 0.49999872, 0), (1, 0.0000013945761, 0), (0.8660247, 0.5000013, 0), (0.86602616, 0.49999872, 0), (0.86602616, 0.49999872, 0), (0.8660247, 0.5000013, 0), (0.5000013, 0.8660246, 0), (0.8660247, 0.5000013, 0), (0.49999863, 0.86602616, 0), (0.5000013, 0.8660246, 0), (0.5000013, 0.8660246, 0), (0.49999863, 0.86602616, 0), (0.0000015713534, 1, 0), (0.49999863, 0.86602616, 0), (-0.0000015713534, 1, 0), (0.0000015713534, 1, 0), (0.0000015713534, 1, 0), (-0.0000015713534, 1, 0), (-0.49999863, 0.86602616, 0), (-0.0000015713534, 1, 0), (-0.5000013, 0.8660246, 0), (-0.49999863, 0.86602616, 0), (-0.49999863, 0.86602616, 0), (-0.5000013, 0.8660246, 0), (-0.8660247, 0.5000013, 0), (-0.5000013, 0.8660246, 0), (-0.86602616, 0.49999872, 0), (-0.8660247, 0.5000013, 0), (-0.8660247, 0.5000013, 0), (-0.86602616, 0.49999872, 0), (-1, 0.0000013945761, 0), (-0.86602616, 0.49999872, 0), (-1, -0.0000013945761, 0), (-1, 0.0000013945761, 0), (-1, 0.0000013945761, 0), (-1, -0.0000013945761, 0), (-0.86602616, -0.49999872, 0), (-1, -0.0000013945761, 0), (-0.8660247, -0.5000013, 0), (-0.86602616, -0.49999872, 0), (-0.86602616, -0.49999872, 0), (-0.8660247, -0.5000013, 0), (-0.5000013, -0.8660246, 0), (-0.8660247, -0.5000013, 0), (-0.49999863, -0.86602616, 0), (-0.5000013, -0.8660246, 0), (-0.5000013, -0.8660246, 0), (-0.49999863, -0.86602616, 0), (-0.000055879354, -1, -0.000086826636), (-0.49999863, -0.86602616, 0), (-0.000055909157, -1, 0.000012420108), (-0.000055879354, -1, -0.000086826636), (0, 0, 1), (0, 0, 1), (0, 0, 1), (0, 0, 1), (0, 0, 1), (0, 0, 1), (-2.4492932e-15, 0, 1), (-2.4492932e-15, 0, 1), (-2.4492932e-15, 0, 1), (0, 0, 1), (0, 0, 1), (0, 0, 1), (0, 0, 1), (0, 0, 1), (0, 0, 1), (0, 0, 1), (0, 0, 1), (0, 0, 1), (0, 0, 1), (0, 0, 1), (0, 0, 1), (0, 0, 1), (0, 0, 1), (0, 0, 1), (7.347879e-15, 0, 1), (7.347879e-15, 0, 1), (7.347879e-15, 0, 1), (0, 0, 1), (0, 0, 1), (0, 0, 1), (0, 0, 1), (0, 0, 1), (0, 0, 1), (0, 0, 1), (0, 0, 1), (0, 0, 1), (0, 0, -1), (0, 0, -1), (0, 0, -1), (0, 0, -1), (0, 0, -1), (0, 0, -1), (0, 0, -1), (0, 0, -1), (0, 0, -1), (2.4492932e-15, 0, -1), (2.4492932e-15, 0, -1), (2.4492932e-15, 0, -1), (0, 0, -1), (0, 0, -1), (0, 0, -1), (0, 0, -1), (0, 0, -1), (0, 0, -1), (0, 0, -1), (0, 0, -1), (0, 0, -1), (0, 0, -1), (0, 0, -1), (0, 0, -1), (0, 0, -1), (0, 0, -1), (0, 0, -1), (-7.347879e-15, 0, -1), (-7.347879e-15, 0, -1), (-7.347879e-15, 0, -1), (0, 0, -1), (0, 0, -1), (0, 0, -1), (0, 0, -1), (0, 0, -1), (0, 0, -1)] (
                    interpolation = "faceVarying"
                )
                point3f[] points = [(0, -0.045, 0.45), (0.0225, -0.038971145, 0.45), (0.038971145, -0.0225, 0.45), (0.045, -2.7554553e-18, 0.45), (0.038971145, 0.0225, 0.45), (0.0225, 0.038971145, 0.45), (5.5109105e-18, 0.045, 0.45), (-0.0225, 0.038971145, 0.45), (-0.038971145, 0.0225, 0.45), (-0.045, 8.266366e-18, 0.45), (-0.038971145, -0.0225, 0.45), (-0.0225, -0.038971145, 0.45), (-1.1021821e-17, -0.045, 0.45), (0, -0.045, -0.45), (0.0225, -0.038971145, -0.45), (0.038971145, -0.0225, -0.45), (0.045, -2.7554553e-18, -0.45), (0.038971145, 0.0225, -0.45), (0.0225, 0.038971145, -0.45), (5.5109105e-18, 0.045, -0.45), (-0.0225, 0.038971145, -0.45), (-0.038971145, 0.0225, -0.45), (-0.045, 8.266366e-18, -0.45), (-0.038971145, -0.0225, -0.45), (-0.0225, -0.038971145, -0.45), (-1.1021821e-17, -0.045, -0.45), (0, -0, 0.45), (0, -0, 0.45), (0, -0, 0.45), (0, -0, 0.45), (0, -0, 0.45), (0, -0, 0.45), (0, -0, 0.45), (0, -0, 0.45), (0, -0, 0.45), (0, -0, 0.45), (0, -0, 0.45), (0, -0, 0.45), (0, -0.045, 0.45), (0.0225, -0.038971145, 0.45), (0.038971145, -0.0225, 0.45), (0.045, -2.7554553e-18, 0.45), (0.038971145, 0.0225, 0.45), (0.0225, 0.038971145, 0.45), (5.5109105e-18, 0.045, 0.45), (-0.0225, 0.038971145, 0.45), (-0.038971145, 0.0225, 0.45), (-0.045, 8.266366e-18, 0.45), (-0.038971145, -0.0225, 0.45), (-0.0225, -0.038971145, 0.45), (-1.1021821e-17, -0.045, 0.45), (0, -0, -0.45), (0, -0, -0.45), (0, -0, -0.45), (0, -0, -0.45), (0, -0, -0.45), (0, -0, -0.45), (0, -0, -0.45), (0, -0, -0.45), (0, -0, -0.45), (0, -0, -0.45), (0, -0, -0.45), (0, -0, -0.45), (0, -0.045, -0.45), (0.0225, -0.038971145, -0.45), (0.038971145, -0.0225, -0.45), (0.045, -2.7554553e-18, -0.45), (0.038971145, 0.0225, -0.45), (0.0225, 0.038971145, -0.45), (5.5109105e-18, 0.045, -0.45), (-0.0225, 0.038971145, -0.45), (-0.038971145, 0.0225, -0.45), (-0.045, 8.266366e-18, -0.45), (-0.038971145, -0.0225, -0.45), (-0.0225, -0.038971145, -0.45), (-1.1021821e-17, -0.045, -0.45)]
                texCoord2f[] primvars:st = [(0, 0), (0, 1), (0.083333336, 0), (0, 1), (0.083333336, 1), (0.083333336, 0), (0.083333336, 0), (0.083333336, 1), (0.16666667, 0), (0.083333336, 1), (0.16666667, 1), (0.16666667, 0), (0.16666667, 0), (0.16666667, 1), (0.25, 0), (0.16666667, 1), (0.25, 1), (0.25, 0), (0.25, 0), (0.25, 1), (0.33333334, 0), (0.25, 1), (0.33333334, 1), (0.33333334, 0), (0.33333334, 0), (0.33333334, 1), (0.41666666, 0), (0.33333334, 1), (0.41666666, 1), (0.41666666, 0), (0.41666666, 0), (0.41666666, 1), (0.5, 0), (0.41666666, 1), (0.5, 1), (0.5, 0), (0.5, 0), (0.5, 1), (0.5833333, 0), (0.5, 1), (0.5833333, 1), (0.5833333, 0), (0.5833333, 0), (0.5833333, 1), (0.6666667, 0), (0.5833333, 1), (0.6666667, 1), (0.6666667, 0), (0.6666667, 0), (0.6666667, 1), (0.75, 0), (0.6666667, 1), (0.75, 1), (0.75, 0), (0.75, 0), (0.75, 1), (0.8333333, 0), (0.75, 1), (0.8333333, 1), (0.8333333, 0), (0.8333333, 0), (0.8333333, 1), (0.9166667, 0), (0.8333333, 1), (0.9166667, 1), (0.9166667, 0), (0.9166667, 0), (0.9166667, 1), (1, 0), (0.9166667, 1), (1, 1), (1, 0), (1, 0.5), (0.9330127, 0.25), (0.5, 0.5), (0.9330127, 0.25), (0.75, 0.066987276), (0.5, 0.5), (0.75, 0.066987276), (0.5, 0), (0.5, 0.5), (0.5, 0), (0.25, 0.066987276), (0.5, 0.5), (0.25, 0.066987276), (0.0669873, 0.25), (0.5, 0.5), (0.0669873, 0.25), (0, 0.5), (0.5, 0.5), (0, 0.5), (0.0669873, 0.75), (0.5, 0.5), (0.0669873, 0.75), (0.25, 0.9330127), (0.5, 0.5), (0.25, 0.9330127), (0.5, 1), (0.5, 0.5), (0.5, 1), (0.75, 0.9330127), (0.5, 0.5), (0.75, 0.9330127), (0.9330127, 0.75), (0.5, 0.5), (0.9330127, 0.75), (1, 0.5), (0.5, 0.5), (0.9330127, 0.75), (1, 0.5), (0.5, 0.5), (0.75, 0.9330127), (0.9330127, 0.75), (0.5, 0.5), (0.5, 1), (0.75, 0.9330127), (0.5, 0.5), (0.25, 0.9330127), (0.5, 1), (0.5, 0.5), (0.0669873, 0.75), (0.25, 0.9330127), (0.5, 0.5), (0, 0.5), (0.0669873, 0.75), (0.5, 0.5), (0.0669873, 0.25), (0, 0.5), (0.5, 0.5), (0.25, 0.066987276), (0.0669873, 0.25), (0.5, 0.5), (0.5, 0), (0.25, 0.066987276), (0.5, 0.5), (0.75, 0.066987276), (0.5, 0), (0.5, 0.5), (0.9330127, 0.25), (0.75, 0.066987276), (0.5, 0.5), (1, 0.5), (0.9330127, 0.25), (0.5, 0.5)] (
                    interpolation = "faceVarying"
                )
                uniform token subdivisionScheme = "none"
                custom string userProperties:blender:data_name = "Mesh_5.036"
            }
        }

        def Xform "control_drawer_3_3"
        {
            custom string userProperties:blender:object_name = "control_drawer_3_3"
            float3 xformOp:rotateXYZ = (0, -0, 0)
            float3 xformOp:scale = (1, 1, 1)
            double3 xformOp:translate = (1.0800000429153442, -0.5199999809265137, 1.0700000524520874)
            uniform token[] xformOpOrder = ["xformOp:translate", "xformOp:rotateXYZ", "xformOp:scale"]

            def Mesh "Mesh_18_008" (
                active = true
                prepend apiSchemas = ["MaterialBindingAPI"]
            )
            {
                uniform bool doubleSided = 0
                float3[] extent = [(-0.21, -0.015, -0.065), (0.21, 0.015, 0.065)]
                int[] faceVertexCounts = [3, 3, 3, 3, 3, 3, 3, 3, 3, 3, 3, 3]
                int[] faceVertexIndices = [0, 2, 1, 2, 3, 1, 4, 6, 5, 6, 7, 5, 8, 10, 9, 10, 11, 9, 12, 14, 13, 14, 15, 13, 16, 18, 17, 18, 19, 17, 20, 22, 21, 22, 23, 21]
                rel material:binding = </root/_materials/Material_18_008>
                normal3f[] normals = [(1, 0, 0), (1, 0, 0), (1, 0, 0), (1, 0, 0), (1, 0, 0), (1, 0, 0), (-1, 0, 0), (-1, 0, 0), (-1, 0, 0), (-1, 0, 0), (-1, 0, 0), (-1, 0, 0), (0, 0, 0.99999994), (0, 0, 0.99999994), (0, 0, 0.99999994), (0, 0, 0.99999994), (0, 0, 0.99999994), (0, 0, 0.99999994), (0, 0, -0.99999994), (0, 0, -0.99999994), (0, 0, -0.99999994), (0, 0, -0.99999994), (0, 0, -0.99999994), (0, 0, -0.99999994), (0, -1, 0), (0, -1, 0), (0, -1, 0), (0, -1, 0), (0, -1, 0), (0, -1, 0), (0, 1, 0), (0, 1, 0), (0, 1, 0), (0, 1, 0), (0, 1, 0), (0, 1, 0)] (
                    interpolation = "faceVarying"
                )
                point3f[] points = [(0.21, -0.015, 0.065), (0.21, 0.015, 0.065), (0.21, -0.015, -0.065), (0.21, 0.015, -0.065), (-0.21, 0.015, 0.065), (-0.21, -0.015, 0.065), (-0.21, 0.015, -0.065), (-0.21, -0.015, -0.065), (-0.21, 0.015, 0.065), (0.21, 0.015, 0.065), (-0.21, -0.015, 0.065), (0.21, -0.015, 0.065), (-0.21, -0.015, -0.065), (0.21, -0.015, -0.065), (-0.21, 0.015, -0.065), (0.21, 0.015, -0.065), (-0.21, -0.015, 0.065), (0.21, -0.015, 0.065), (-0.21, -0.015, -0.065), (0.21, -0.015, -0.065), (0.21, 0.015, 0.065), (-0.21, 0.015, 0.065), (0.21, 0.015, -0.065), (-0.21, 0.015, -0.065)]
                texCoord2f[] primvars:st = [(0, 0), (0, 1), (1, 0), (0, 1), (1, 1), (1, 0), (0, 0), (0, 1), (1, 0), (0, 1), (1, 1), (1, 0), (0, 0), (0, 1), (1, 0), (0, 1), (1, 1), (1, 0), (0, 0), (0, 1), (1, 0), (0, 1), (1, 1), (1, 0), (0, 0), (0, 1), (1, 0), (0, 1), (1, 1), (1, 0), (0, 0), (0, 1), (1, 0), (0, 1), (1, 1), (1, 0)] (
                    interpolation = "faceVarying"
                )
                uniform token subdivisionScheme = "none"
                custom string userProperties:blender:data_name = "Mesh_18.008"
            }
        }

        def Xform "conveyor_idler_0_1"
        {
            custom string userProperties:blender:object_name = "conveyor_idler_0_1"
            float3 xformOp:rotateXYZ = (90.000015, -0, 0)
            float3 xformOp:scale = (1, 1.0000001, 1.0000001)
            double3 xformOp:translate = (-1.3200000524520874, 0, 0.5299999713897705)
            uniform token[] xformOpOrder = ["xformOp:translate", "xformOp:rotateXYZ", "xformOp:scale"]

            def Mesh "Mesh_3_036" (
                active = true
                prepend apiSchemas = ["MaterialBindingAPI"]
            )
            {
                uniform bool doubleSided = 0
                float3[] extent = [(-0.045, -0.045, -0.45), (0.045, 0.045, 0.45)]
                int[] faceVertexCounts = [3, 3, 3, 3, 3, 3, 3, 3, 3, 3, 3, 3, 3, 3, 3, 3, 3, 3, 3, 3, 3, 3, 3, 3, 3, 3, 3, 3, 3, 3, 3, 3, 3, 3, 3, 3, 3, 3, 3, 3, 3, 3, 3, 3, 3, 3, 3, 3]
                int[] faceVertexIndices = [0, 13, 1, 13, 14, 1, 1, 14, 2, 14, 15, 2, 2, 15, 3, 15, 16, 3, 3, 16, 4, 16, 17, 4, 4, 17, 5, 17, 18, 5, 5, 18, 6, 18, 19, 6, 6, 19, 7, 19, 20, 7, 7, 20, 8, 20, 21, 8, 8, 21, 9, 21, 22, 9, 9, 22, 10, 22, 23, 10, 10, 23, 11, 23, 24, 11, 11, 24, 12, 24, 25, 12, 38, 39, 26, 39, 40, 27, 40, 41, 28, 41, 42, 29, 42, 43, 30, 43, 44, 31, 44, 45, 32, 45, 46, 33, 46, 47, 34, 47, 48, 35, 48, 49, 36, 49, 50, 37, 64, 63, 51, 65, 64, 52, 66, 65, 53, 67, 66, 54, 68, 67, 55, 69, 68, 56, 70, 69, 57, 71, 70, 58, 72, 71, 59, 73, 72, 60, 74, 73, 61, 75, 74, 62]
                rel material:binding = </root/_materials/Material_3_036>
                normal3f[] normals = [(0.000055909157, -1, -0.000012420108), (0.000055879354, -1, 0.000086826636), (0.49999863, -0.86602616, 0), (0.000055879354, -1, 0.000086826636), (0.5000013, -0.8660246, 0), (0.49999863, -0.86602616, 0), (0.49999863, -0.86602616, 0), (0.5000013, -0.8660246, 0), (0.8660247, -0.5000013, 0), (0.5000013, -0.8660246, 0), (0.86602616, -0.49999872, 0), (0.8660247, -0.5000013, 0), (0.8660247, -0.5000013, 0), (0.86602616, -0.49999872, 0), (1, -0.0000013945761, 0), (0.86602616, -0.49999872, 0), (1, 0.0000013945761, 0), (1, -0.0000013945761, 0), (1, -0.0000013945761, 0), (1, 0.0000013945761, 0), (0.86602616, 0.49999872, 0), (1, 0.0000013945761, 0), (0.8660247, 0.5000013, 0), (0.86602616, 0.49999872, 0), (0.86602616, 0.49999872, 0), (0.8660247, 0.5000013, 0), (0.5000013, 0.8660246, 0), (0.8660247, 0.5000013, 0), (0.49999863, 0.86602616, 0), (0.5000013, 0.8660246, 0), (0.5000013, 0.8660246, 0), (0.49999863, 0.86602616, 0), (0.0000015713534, 1, 0), (0.49999863, 0.86602616, 0), (-0.0000015713534, 1, 0), (0.0000015713534, 1, 0), (0.0000015713534, 1, 0), (-0.0000015713534, 1, 0), (-0.49999863, 0.86602616, 0), (-0.0000015713534, 1, 0), (-0.5000013, 0.8660246, 0), (-0.49999863, 0.86602616, 0), (-0.49999863, 0.86602616, 0), (-0.5000013, 0.8660246, 0), (-0.8660247, 0.5000013, 0), (-0.5000013, 0.8660246, 0), (-0.86602616, 0.49999872, 0), (-0.8660247, 0.5000013, 0), (-0.8660247, 0.5000013, 0), (-0.86602616, 0.49999872, 0), (-1, 0.0000013945761, 0), (-0.86602616, 0.49999872, 0), (-1, -0.0000013945761, 0), (-1, 0.0000013945761, 0), (-1, 0.0000013945761, 0), (-1, -0.0000013945761, 0), (-0.86602616, -0.49999872, 0), (-1, -0.0000013945761, 0), (-0.8660247, -0.5000013, 0), (-0.86602616, -0.49999872, 0), (-0.86602616, -0.49999872, 0), (-0.8660247, -0.5000013, 0), (-0.5000013, -0.8660246, 0), (-0.8660247, -0.5000013, 0), (-0.49999863, -0.86602616, 0), (-0.5000013, -0.8660246, 0), (-0.5000013, -0.8660246, 0), (-0.49999863, -0.86602616, 0), (-0.000055879354, -1, -0.000086826636), (-0.49999863, -0.86602616, 0), (-0.000055909157, -1, 0.000012420108), (-0.000055879354, -1, -0.000086826636), (0, 0, 1), (0, 0, 1), (0, 0, 1), (0, 0, 1), (0, 0, 1), (0, 0, 1), (-2.4492932e-15, 0, 1), (-2.4492932e-15, 0, 1), (-2.4492932e-15, 0, 1), (0, 0, 1), (0, 0, 1), (0, 0, 1), (0, 0, 1), (0, 0, 1), (0, 0, 1), (0, 0, 1), (0, 0, 1), (0, 0, 1), (0, 0, 1), (0, 0, 1), (0, 0, 1), (0, 0, 1), (0, 0, 1), (0, 0, 1), (7.347879e-15, 0, 1), (7.347879e-15, 0, 1), (7.347879e-15, 0, 1), (0, 0, 1), (0, 0, 1), (0, 0, 1), (0, 0, 1), (0, 0, 1), (0, 0, 1), (0, 0, 1), (0, 0, 1), (0, 0, 1), (0, 0, -1), (0, 0, -1), (0, 0, -1), (0, 0, -1), (0, 0, -1), (0, 0, -1), (0, 0, -1), (0, 0, -1), (0, 0, -1), (2.4492932e-15, 0, -1), (2.4492932e-15, 0, -1), (2.4492932e-15, 0, -1), (0, 0, -1), (0, 0, -1), (0, 0, -1), (0, 0, -1), (0, 0, -1), (0, 0, -1), (0, 0, -1), (0, 0, -1), (0, 0, -1), (0, 0, -1), (0, 0, -1), (0, 0, -1), (0, 0, -1), (0, 0, -1), (0, 0, -1), (-7.347879e-15, 0, -1), (-7.347879e-15, 0, -1), (-7.347879e-15, 0, -1), (0, 0, -1), (0, 0, -1), (0, 0, -1), (0, 0, -1), (0, 0, -1), (0, 0, -1)] (
                    interpolation = "faceVarying"
                )
                point3f[] points = [(0, -0.045, 0.45), (0.0225, -0.038971145, 0.45), (0.038971145, -0.0225, 0.45), (0.045, -2.7554553e-18, 0.45), (0.038971145, 0.0225, 0.45), (0.0225, 0.038971145, 0.45), (5.5109105e-18, 0.045, 0.45), (-0.0225, 0.038971145, 0.45), (-0.038971145, 0.0225, 0.45), (-0.045, 8.266366e-18, 0.45), (-0.038971145, -0.0225, 0.45), (-0.0225, -0.038971145, 0.45), (-1.1021821e-17, -0.045, 0.45), (0, -0.045, -0.45), (0.0225, -0.038971145, -0.45), (0.038971145, -0.0225, -0.45), (0.045, -2.7554553e-18, -0.45), (0.038971145, 0.0225, -0.45), (0.0225, 0.038971145, -0.45), (5.5109105e-18, 0.045, -0.45), (-0.0225, 0.038971145, -0.45), (-0.038971145, 0.0225, -0.45), (-0.045, 8.266366e-18, -0.45), (-0.038971145, -0.0225, -0.45), (-0.0225, -0.038971145, -0.45), (-1.1021821e-17, -0.045, -0.45), (0, -0, 0.45), (0, -0, 0.45), (0, -0, 0.45), (0, -0, 0.45), (0, -0, 0.45), (0, -0, 0.45), (0, -0, 0.45), (0, -0, 0.45), (0, -0, 0.45), (0, -0, 0.45), (0, -0, 0.45), (0, -0, 0.45), (0, -0.045, 0.45), (0.0225, -0.038971145, 0.45), (0.038971145, -0.0225, 0.45), (0.045, -2.7554553e-18, 0.45), (0.038971145, 0.0225, 0.45), (0.0225, 0.038971145, 0.45), (5.5109105e-18, 0.045, 0.45), (-0.0225, 0.038971145, 0.45), (-0.038971145, 0.0225, 0.45), (-0.045, 8.266366e-18, 0.45), (-0.038971145, -0.0225, 0.45), (-0.0225, -0.038971145, 0.45), (-1.1021821e-17, -0.045, 0.45), (0, -0, -0.45), (0, -0, -0.45), (0, -0, -0.45), (0, -0, -0.45), (0, -0, -0.45), (0, -0, -0.45), (0, -0, -0.45), (0, -0, -0.45), (0, -0, -0.45), (0, -0, -0.45), (0, -0, -0.45), (0, -0, -0.45), (0, -0.045, -0.45), (0.0225, -0.038971145, -0.45), (0.038971145, -0.0225, -0.45), (0.045, -2.7554553e-18, -0.45), (0.038971145, 0.0225, -0.45), (0.0225, 0.038971145, -0.45), (5.5109105e-18, 0.045, -0.45), (-0.0225, 0.038971145, -0.45), (-0.038971145, 0.0225, -0.45), (-0.045, 8.266366e-18, -0.45), (-0.038971145, -0.0225, -0.45), (-0.0225, -0.038971145, -0.45), (-1.1021821e-17, -0.045, -0.45)]
                texCoord2f[] primvars:st = [(0, 0), (0, 1), (0.083333336, 0), (0, 1), (0.083333336, 1), (0.083333336, 0), (0.083333336, 0), (0.083333336, 1), (0.16666667, 0), (0.083333336, 1), (0.16666667, 1), (0.16666667, 0), (0.16666667, 0), (0.16666667, 1), (0.25, 0), (0.16666667, 1), (0.25, 1), (0.25, 0), (0.25, 0), (0.25, 1), (0.33333334, 0), (0.25, 1), (0.33333334, 1), (0.33333334, 0), (0.33333334, 0), (0.33333334, 1), (0.41666666, 0), (0.33333334, 1), (0.41666666, 1), (0.41666666, 0), (0.41666666, 0), (0.41666666, 1), (0.5, 0), (0.41666666, 1), (0.5, 1), (0.5, 0), (0.5, 0), (0.5, 1), (0.5833333, 0), (0.5, 1), (0.5833333, 1), (0.5833333, 0), (0.5833333, 0), (0.5833333, 1), (0.6666667, 0), (0.5833333, 1), (0.6666667, 1), (0.6666667, 0), (0.6666667, 0), (0.6666667, 1), (0.75, 0), (0.6666667, 1), (0.75, 1), (0.75, 0), (0.75, 0), (0.75, 1), (0.8333333, 0), (0.75, 1), (0.8333333, 1), (0.8333333, 0), (0.8333333, 0), (0.8333333, 1), (0.9166667, 0), (0.8333333, 1), (0.9166667, 1), (0.9166667, 0), (0.9166667, 0), (0.9166667, 1), (1, 0), (0.9166667, 1), (1, 1), (1, 0), (1, 0.5), (0.9330127, 0.25), (0.5, 0.5), (0.9330127, 0.25), (0.75, 0.066987276), (0.5, 0.5), (0.75, 0.066987276), (0.5, 0), (0.5, 0.5), (0.5, 0), (0.25, 0.066987276), (0.5, 0.5), (0.25, 0.066987276), (0.0669873, 0.25), (0.5, 0.5), (0.0669873, 0.25), (0, 0.5), (0.5, 0.5), (0, 0.5), (0.0669873, 0.75), (0.5, 0.5), (0.0669873, 0.75), (0.25, 0.9330127), (0.5, 0.5), (0.25, 0.9330127), (0.5, 1), (0.5, 0.5), (0.5, 1), (0.75, 0.9330127), (0.5, 0.5), (0.75, 0.9330127), (0.9330127, 0.75), (0.5, 0.5), (0.9330127, 0.75), (1, 0.5), (0.5, 0.5), (0.9330127, 0.75), (1, 0.5), (0.5, 0.5), (0.75, 0.9330127), (0.9330127, 0.75), (0.5, 0.5), (0.5, 1), (0.75, 0.9330127), (0.5, 0.5), (0.25, 0.9330127), (0.5, 1), (0.5, 0.5), (0.0669873, 0.75), (0.25, 0.9330127), (0.5, 0.5), (0, 0.5), (0.0669873, 0.75), (0.5, 0.5), (0.0669873, 0.25), (0, 0.5), (0.5, 0.5), (0.25, 0.066987276), (0.0669873, 0.25), (0.5, 0.5), (0.5, 0), (0.25, 0.066987276), (0.5, 0.5), (0.75, 0.066987276), (0.5, 0), (0.5, 0.5), (0.9330127, 0.25), (0.75, 0.066987276), (0.5, 0.5), (1, 0.5), (0.9330127, 0.25), (0.5, 0.5)] (
                    interpolation = "faceVarying"
                )
                uniform token subdivisionScheme = "none"
                custom string userProperties:blender:data_name = "Mesh_3.036"
            }
        }

        def Xform "conveyor_0"
        {
            custom string userProperties:blender:object_name = "conveyor_0"
            float3 xformOp:rotateXYZ = (0, -0, 0)
            float3 xformOp:scale = (1, 1, 1)
            double3 xformOp:translate = (-1.0800000429153442, 0, 0.6499999761581421)
            uniform token[] xformOpOrder = ["xformOp:translate", "xformOp:rotateXYZ", "xformOp:scale"]

            def Mesh "Mesh_1_036" (
                active = true
                prepend apiSchemas = ["MaterialBindingAPI"]
            )
            {
                uniform bool doubleSided = 0
                float3[] extent = [(-0.55, -0.5, -0.075), (0.55, 0.5, 0.075)]
                int[] faceVertexCounts = [3, 3, 3, 3, 3, 3, 3, 3, 3, 3, 3, 3]
                int[] faceVertexIndices = [0, 2, 1, 2, 3, 1, 4, 6, 5, 6, 7, 5, 8, 10, 9, 10, 11, 9, 12, 14, 13, 14, 15, 13, 16, 18, 17, 18, 19, 17, 20, 22, 21, 22, 23, 21]
                rel material:binding = </root/_materials/Material_1_036>
                normal3f[] normals = [(1, 0, 0), (1, 0, 0), (1, 0, 0), (1, 0, 0), (1, 0, 0), (1, 0, 0), (-1, 0, 0), (-1, 0, 0), (-1, 0, 0), (-1, 0, 0), (-1, 0, 0), (-1, 0, 0), (0, 0, 1), (0, 0, 1), (0, 0, 1), (0, 0, 1), (0, 0, 1), (0, 0, 1), (0, 0, -1), (0, 0, -1), (0, 0, -1), (0, 0, -1), (0, 0, -1), (0, 0, -1), (0, -1, 0), (0, -1, 0), (0, -1, 0), (0, -1, 0), (0, -1, 0), (0, -1, 0), (0, 1, 0), (0, 1, 0), (0, 1, 0), (0, 1, 0), (0, 1, 0), (0, 1, 0)] (
                    interpolation = "faceVarying"
                )
                point3f[] points = [(0.55, -0.5, 0.075), (0.55, 0.5, 0.075), (0.55, -0.5, -0.075), (0.55, 0.5, -0.075), (-0.55, 0.5, 0.075), (-0.55, -0.5, 0.075), (-0.55, 0.5, -0.075), (-0.55, -0.5, -0.075), (-0.55, 0.5, 0.075), (0.55, 0.5, 0.075), (-0.55, -0.5, 0.075), (0.55, -0.5, 0.075), (-0.55, -0.5, -0.075), (0.55, -0.5, -0.075), (-0.55, 0.5, -0.075), (0.55, 0.5, -0.075), (-0.55, -0.5, 0.075), (0.55, -0.5, 0.075), (-0.55, -0.5, -0.075), (0.55, -0.5, -0.075), (0.55, 0.5, 0.075), (-0.55, 0.5, 0.075), (0.55, 0.5, -0.075), (-0.55, 0.5, -0.075)]
                texCoord2f[] primvars:st = [(0, 0), (0, 1), (1, 0), (0, 1), (1, 1), (1, 0), (0, 0), (0, 1), (1, 0), (0, 1), (1, 1), (1, 0), (0, 0), (0, 1), (1, 0), (0, 1), (1, 1), (1, 0), (0, 0), (0, 1), (1, 0), (0, 1), (1, 1), (1, 0), (0, 0), (0, 1), (1, 0), (0, 1), (1, 1), (1, 0), (0, 0), (0, 1), (1, 0), (0, 1), (1, 1), (1, 0)] (
                    interpolation = "faceVarying"
                )
                uniform token subdivisionScheme = "none"
                custom string userProperties:blender:data_name = "Mesh_1.036"
            }
        }

        def Xform "squeegee_arm_2"
        {
            custom string userProperties:blender:object_name = "squeegee_arm_2"
            float3 xformOp:rotateXYZ = (0, -0, 0)
            float3 xformOp:scale = (1, 1, 1)
            double3 xformOp:translate = (0.36000001430511475, 0.14000000059604645, 1.3300000429153442)
            uniform token[] xformOpOrder = ["xformOp:translate", "xformOp:rotateXYZ", "xformOp:scale"]

            def Mesh "Mesh_13_018" (
                active = true
                prepend apiSchemas = ["MaterialBindingAPI"]
            )
            {
                uniform bool doubleSided = 0
                float3[] extent = [(-0.06, -0.225, -0.045), (0.06, 0.225, 0.045)]
                int[] faceVertexCounts = [3, 3, 3, 3, 3, 3, 3, 3, 3, 3, 3, 3]
                int[] faceVertexIndices = [0, 2, 1, 2, 3, 1, 4, 6, 5, 6, 7, 5, 8, 10, 9, 10, 11, 9, 12, 14, 13, 14, 15, 13, 16, 18, 17, 18, 19, 17, 20, 22, 21, 22, 23, 21]
                rel material:binding = </root/_materials/Material_13_018>
                normal3f[] normals = [(1, 0, 0), (1, 0, 0), (1, 0, 0), (1, 0, 0), (1, 0, 0), (1, 0, 0), (-1, 0, 0), (-1, 0, 0), (-1, 0, 0), (-1, 0, 0), (-1, 0, 0), (-1, 0, 0), (0, 0, 0.99999994), (0, 0, 0.99999994), (0, 0, 0.99999994), (0, 0, 0.99999994), (0, 0, 0.99999994), (0, 0, 0.99999994), (0, 0, -0.99999994), (0, 0, -0.99999994), (0, 0, -0.99999994), (0, 0, -0.99999994), (0, 0, -0.99999994), (0, 0, -0.99999994), (0, -1, 0), (0, -1, 0), (0, -1, 0), (0, -1, 0), (0, -1, 0), (0, -1, 0), (0, 1, 0), (0, 1, 0), (0, 1, 0), (0, 1, 0), (0, 1, 0), (0, 1, 0)] (
                    interpolation = "faceVarying"
                )
                point3f[] points = [(0.06, -0.225, 0.045), (0.06, 0.225, 0.045), (0.06, -0.225, -0.045), (0.06, 0.225, -0.045), (-0.06, 0.225, 0.045), (-0.06, -0.225, 0.045), (-0.06, 0.225, -0.045), (-0.06, -0.225, -0.045), (-0.06, 0.225, 0.045), (0.06, 0.225, 0.045), (-0.06, -0.225, 0.045), (0.06, -0.225, 0.045), (-0.06, -0.225, -0.045), (0.06, -0.225, -0.045), (-0.06, 0.225, -0.045), (0.06, 0.225, -0.045), (-0.06, -0.225, 0.045), (0.06, -0.225, 0.045), (-0.06, -0.225, -0.045), (0.06, -0.225, -0.045), (0.06, 0.225, 0.045), (-0.06, 0.225, 0.045), (0.06, 0.225, -0.045), (-0.06, 0.225, -0.045)]
                texCoord2f[] primvars:st = [(0, 0), (0, 1), (1, 0), (0, 1), (1, 1), (1, 0), (0, 0), (0, 1), (1, 0), (0, 1), (1, 1), (1, 0), (0, 0), (0, 1), (1, 0), (0, 1), (1, 1), (1, 0), (0, 0), (0, 1), (1, 0), (0, 1), (1, 1), (1, 0), (0, 0), (0, 1), (1, 0), (0, 1), (1, 1), (1, 0), (0, 0), (0, 1), (1, 0), (0, 1), (1, 1), (1, 0)] (
                    interpolation = "faceVarying"
                )
                uniform token subdivisionScheme = "none"
                custom string userProperties:blender:data_name = "Mesh_13.018"
            }
        }

        def Xform "operator_console"
        {
            custom string userProperties:blender:object_name = "operator_console"
            float3 xformOp:rotateXYZ = (0, -0, 0)
            float3 xformOp:scale = (1, 1, 1)
            double3 xformOp:translate = (1.2400000095367432, -0.8199999928474426, 0.8999999761581421)
            uniform token[] xformOpOrder = ["xformOp:translate", "xformOp:rotateXYZ", "xformOp:scale"]

            def Mesh "Mesh_20_004" (
                active = true
                prepend apiSchemas = ["MaterialBindingAPI"]
            )
            {
                uniform bool doubleSided = 0
                float3[] extent = [(-0.175, -0.125, -0.3), (0.175, 0.125, 0.3)]
                int[] faceVertexCounts = [3, 3, 3, 3, 3, 3, 3, 3, 3, 3, 3, 3]
                int[] faceVertexIndices = [0, 2, 1, 2, 3, 1, 4, 6, 5, 6, 7, 5, 8, 10, 9, 10, 11, 9, 12, 14, 13, 14, 15, 13, 16, 18, 17, 18, 19, 17, 20, 22, 21, 22, 23, 21]
                rel material:binding = </root/_materials/Material_20_004>
                normal3f[] normals = [(1, 0, 0), (1, 0, 0), (1, 0, 0), (1, 0, 0), (1, 0, 0), (1, 0, 0), (-1, 0, 0), (-1, 0, 0), (-1, 0, 0), (-1, 0, 0), (-1, 0, 0), (-1, 0, 0), (0, 0, 1), (0, 0, 1), (0, 0, 1), (0, 0, 1), (0, 0, 1), (0, 0, 1), (0, 0, -1), (0, 0, -1), (0, 0, -1), (0, 0, -1), (0, 0, -1), (0, 0, -1), (0, -1, 0), (0, -1, 0), (0, -1, 0), (0, -1, 0), (0, -1, 0), (0, -1, 0), (0, 1, 0), (0, 1, 0), (0, 1, 0), (0, 1, 0), (0, 1, 0), (0, 1, 0)] (
                    interpolation = "faceVarying"
                )
                point3f[] points = [(0.175, -0.125, 0.3), (0.175, 0.125, 0.3), (0.175, -0.125, -0.3), (0.175, 0.125, -0.3), (-0.175, 0.125, 0.3), (-0.175, -0.125, 0.3), (-0.175, 0.125, -0.3), (-0.175, -0.125, -0.3), (-0.175, 0.125, 0.3), (0.175, 0.125, 0.3), (-0.175, -0.125, 0.3), (0.175, -0.125, 0.3), (-0.175, -0.125, -0.3), (0.175, -0.125, -0.3), (-0.175, 0.125, -0.3), (0.175, 0.125, -0.3), (-0.175, -0.125, 0.3), (0.175, -0.125, 0.3), (-0.175, -0.125, -0.3), (0.175, -0.125, -0.3), (0.175, 0.125, 0.3), (-0.175, 0.125, 0.3), (0.175, 0.125, -0.3), (-0.175, 0.125, -0.3)]
                texCoord2f[] primvars:st = [(0, 0), (0, 1), (1, 0), (0, 1), (1, 1), (1, 0), (0, 0), (0, 1), (1, 0), (0, 1), (1, 1), (1, 0), (0, 0), (0, 1), (1, 0), (0, 1), (1, 1), (1, 0), (0, 0), (0, 1), (1, 0), (0, 1), (1, 1), (1, 0), (0, 0), (0, 1), (1, 0), (0, 1), (1, 1), (1, 0), (0, 0), (0, 1), (1, 0), (0, 1), (1, 1), (1, 0)] (
                    interpolation = "faceVarying"
                )
                uniform token subdivisionScheme = "none"
                custom string userProperties:blender:data_name = "Mesh_20.004"
            }
        }

        def Xform "conveyor_idler_0_2"
        {
            custom string userProperties:blender:object_name = "conveyor_idler_0_2"
            float3 xformOp:rotateXYZ = (90.000015, -0, 0)
            float3 xformOp:scale = (1, 1.0000001, 1.0000001)
            double3 xformOp:translate = (-1.159999966621399, 0, 0.5299999713897705)
            uniform token[] xformOpOrder = ["xformOp:translate", "xformOp:rotateXYZ", "xformOp:scale"]

            def Mesh "Mesh_4_036" (
                active = true
                prepend apiSchemas = ["MaterialBindingAPI"]
            )
            {
                uniform bool doubleSided = 0
                float3[] extent = [(-0.045, -0.045, -0.45), (0.045, 0.045, 0.45)]
                int[] faceVertexCounts = [3, 3, 3, 3, 3, 3, 3, 3, 3, 3, 3, 3, 3, 3, 3, 3, 3, 3, 3, 3, 3, 3, 3, 3, 3, 3, 3, 3, 3, 3, 3, 3, 3, 3, 3, 3, 3, 3, 3, 3, 3, 3, 3, 3, 3, 3, 3, 3]
                int[] faceVertexIndices = [0, 13, 1, 13, 14, 1, 1, 14, 2, 14, 15, 2, 2, 15, 3, 15, 16, 3, 3, 16, 4, 16, 17, 4, 4, 17, 5, 17, 18, 5, 5, 18, 6, 18, 19, 6, 6, 19, 7, 19, 20, 7, 7, 20, 8, 20, 21, 8, 8, 21, 9, 21, 22, 9, 9, 22, 10, 22, 23, 10, 10, 23, 11, 23, 24, 11, 11, 24, 12, 24, 25, 12, 38, 39, 26, 39, 40, 27, 40, 41, 28, 41, 42, 29, 42, 43, 30, 43, 44, 31, 44, 45, 32, 45, 46, 33, 46, 47, 34, 47, 48, 35, 48, 49, 36, 49, 50, 37, 64, 63, 51, 65, 64, 52, 66, 65, 53, 67, 66, 54, 68, 67, 55, 69, 68, 56, 70, 69, 57, 71, 70, 58, 72, 71, 59, 73, 72, 60, 74, 73, 61, 75, 74, 62]
                rel material:binding = </root/_materials/Material_4_036>
                normal3f[] normals = [(0.000055909157, -1, -0.000012420108), (0.000055879354, -1, 0.000086826636), (0.49999863, -0.86602616, 0), (0.000055879354, -1, 0.000086826636), (0.5000013, -0.8660246, 0), (0.49999863, -0.86602616, 0), (0.49999863, -0.86602616, 0), (0.5000013, -0.8660246, 0), (0.8660247, -0.5000013, 0), (0.5000013, -0.8660246, 0), (0.86602616, -0.49999872, 0), (0.8660247, -0.5000013, 0), (0.8660247, -0.5000013, 0), (0.86602616, -0.49999872, 0), (1, -0.0000013945761, 0), (0.86602616, -0.49999872, 0), (1, 0.0000013945761, 0), (1, -0.0000013945761, 0), (1, -0.0000013945761, 0), (1, 0.0000013945761, 0), (0.86602616, 0.49999872, 0), (1, 0.0000013945761, 0), (0.8660247, 0.5000013, 0), (0.86602616, 0.49999872, 0), (0.86602616, 0.49999872, 0), (0.8660247, 0.5000013, 0), (0.5000013, 0.8660246, 0), (0.8660247, 0.5000013, 0), (0.49999863, 0.86602616, 0), (0.5000013, 0.8660246, 0), (0.5000013, 0.8660246, 0), (0.49999863, 0.86602616, 0), (0.0000015713534, 1, 0), (0.49999863, 0.86602616, 0), (-0.0000015713534, 1, 0), (0.0000015713534, 1, 0), (0.0000015713534, 1, 0), (-0.0000015713534, 1, 0), (-0.49999863, 0.86602616, 0), (-0.0000015713534, 1, 0), (-0.5000013, 0.8660246, 0), (-0.49999863, 0.86602616, 0), (-0.49999863, 0.86602616, 0), (-0.5000013, 0.8660246, 0), (-0.8660247, 0.5000013, 0), (-0.5000013, 0.8660246, 0), (-0.86602616, 0.49999872, 0), (-0.8660247, 0.5000013, 0), (-0.8660247, 0.5000013, 0), (-0.86602616, 0.49999872, 0), (-1, 0.0000013945761, 0), (-0.86602616, 0.49999872, 0), (-1, -0.0000013945761, 0), (-1, 0.0000013945761, 0), (-1, 0.0000013945761, 0), (-1, -0.0000013945761, 0), (-0.86602616, -0.49999872, 0), (-1, -0.0000013945761, 0), (-0.8660247, -0.5000013, 0), (-0.86602616, -0.49999872, 0), (-0.86602616, -0.49999872, 0), (-0.8660247, -0.5000013, 0), (-0.5000013, -0.8660246, 0), (-0.8660247, -0.5000013, 0), (-0.49999863, -0.86602616, 0), (-0.5000013, -0.8660246, 0), (-0.5000013, -0.8660246, 0), (-0.49999863, -0.86602616, 0), (-0.000055879354, -1, -0.000086826636), (-0.49999863, -0.86602616, 0), (-0.000055909157, -1, 0.000012420108), (-0.000055879354, -1, -0.000086826636), (0, 0, 1), (0, 0, 1), (0, 0, 1), (0, 0, 1), (0, 0, 1), (0, 0, 1), (-2.4492932e-15, 0, 1), (-2.4492932e-15, 0, 1), (-2.4492932e-15, 0, 1), (0, 0, 1), (0, 0, 1), (0, 0, 1), (0, 0, 1), (0, 0, 1), (0, 0, 1), (0, 0, 1), (0, 0, 1), (0, 0, 1), (0, 0, 1), (0, 0, 1), (0, 0, 1), (0, 0, 1), (0, 0, 1), (0, 0, 1), (7.347879e-15, 0, 1), (7.347879e-15, 0, 1), (7.347879e-15, 0, 1), (0, 0, 1), (0, 0, 1), (0, 0, 1), (0, 0, 1), (0, 0, 1), (0, 0, 1), (0, 0, 1), (0, 0, 1), (0, 0, 1), (0, 0, -1), (0, 0, -1), (0, 0, -1), (0, 0, -1), (0, 0, -1), (0, 0, -1), (0, 0, -1), (0, 0, -1), (0, 0, -1), (2.4492932e-15, 0, -1), (2.4492932e-15, 0, -1), (2.4492932e-15, 0, -1), (0, 0, -1), (0, 0, -1), (0, 0, -1), (0, 0, -1), (0, 0, -1), (0, 0, -1), (0, 0, -1), (0, 0, -1), (0, 0, -1), (0, 0, -1), (0, 0, -1), (0, 0, -1), (0, 0, -1), (0, 0, -1), (0, 0, -1), (-7.347879e-15, 0, -1), (-7.347879e-15, 0, -1), (-7.347879e-15, 0, -1), (0, 0, -1), (0, 0, -1), (0, 0, -1), (0, 0, -1), (0, 0, -1), (0, 0, -1)] (
                    interpolation = "faceVarying"
                )
                point3f[] points = [(0, -0.045, 0.45), (0.0225, -0.038971145, 0.45), (0.038971145, -0.0225, 0.45), (0.045, -2.7554553e-18, 0.45), (0.038971145, 0.0225, 0.45), (0.0225, 0.038971145, 0.45), (5.5109105e-18, 0.045, 0.45), (-0.0225, 0.038971145, 0.45), (-0.038971145, 0.0225, 0.45), (-0.045, 8.266366e-18, 0.45), (-0.038971145, -0.0225, 0.45), (-0.0225, -0.038971145, 0.45), (-1.1021821e-17, -0.045, 0.45), (0, -0.045, -0.45), (0.0225, -0.038971145, -0.45), (0.038971145, -0.0225, -0.45), (0.045, -2.7554553e-18, -0.45), (0.038971145, 0.0225, -0.45), (0.0225, 0.038971145, -0.45), (5.5109105e-18, 0.045, -0.45), (-0.0225, 0.038971145, -0.45), (-0.038971145, 0.0225, -0.45), (-0.045, 8.266366e-18, -0.45), (-0.038971145, -0.0225, -0.45), (-0.0225, -0.038971145, -0.45), (-1.1021821e-17, -0.045, -0.45), (0, -0, 0.45), (0, -0, 0.45), (0, -0, 0.45), (0, -0, 0.45), (0, -0, 0.45), (0, -0, 0.45), (0, -0, 0.45), (0, -0, 0.45), (0, -0, 0.45), (0, -0, 0.45), (0, -0, 0.45), (0, -0, 0.45), (0, -0.045, 0.45), (0.0225, -0.038971145, 0.45), (0.038971145, -0.0225, 0.45), (0.045, -2.7554553e-18, 0.45), (0.038971145, 0.0225, 0.45), (0.0225, 0.038971145, 0.45), (5.5109105e-18, 0.045, 0.45), (-0.0225, 0.038971145, 0.45), (-0.038971145, 0.0225, 0.45), (-0.045, 8.266366e-18, 0.45), (-0.038971145, -0.0225, 0.45), (-0.0225, -0.038971145, 0.45), (-1.1021821e-17, -0.045, 0.45), (0, -0, -0.45), (0, -0, -0.45), (0, -0, -0.45), (0, -0, -0.45), (0, -0, -0.45), (0, -0, -0.45), (0, -0, -0.45), (0, -0, -0.45), (0, -0, -0.45), (0, -0, -0.45), (0, -0, -0.45), (0, -0, -0.45), (0, -0.045, -0.45), (0.0225, -0.038971145, -0.45), (0.038971145, -0.0225, -0.45), (0.045, -2.7554553e-18, -0.45), (0.038971145, 0.0225, -0.45), (0.0225, 0.038971145, -0.45), (5.5109105e-18, 0.045, -0.45), (-0.0225, 0.038971145, -0.45), (-0.038971145, 0.0225, -0.45), (-0.045, 8.266366e-18, -0.45), (-0.038971145, -0.0225, -0.45), (-0.0225, -0.038971145, -0.45), (-1.1021821e-17, -0.045, -0.45)]
                texCoord2f[] primvars:st = [(0, 0), (0, 1), (0.083333336, 0), (0, 1), (0.083333336, 1), (0.083333336, 0), (0.083333336, 0), (0.083333336, 1), (0.16666667, 0), (0.083333336, 1), (0.16666667, 1), (0.16666667, 0), (0.16666667, 0), (0.16666667, 1), (0.25, 0), (0.16666667, 1), (0.25, 1), (0.25, 0), (0.25, 0), (0.25, 1), (0.33333334, 0), (0.25, 1), (0.33333334, 1), (0.33333334, 0), (0.33333334, 0), (0.33333334, 1), (0.41666666, 0), (0.33333334, 1), (0.41666666, 1), (0.41666666, 0), (0.41666666, 0), (0.41666666, 1), (0.5, 0), (0.41666666, 1), (0.5, 1), (0.5, 0), (0.5, 0), (0.5, 1), (0.5833333, 0), (0.5, 1), (0.5833333, 1), (0.5833333, 0), (0.5833333, 0), (0.5833333, 1), (0.6666667, 0), (0.5833333, 1), (0.6666667, 1), (0.6666667, 0), (0.6666667, 0), (0.6666667, 1), (0.75, 0), (0.6666667, 1), (0.75, 1), (0.75, 0), (0.75, 0), (0.75, 1), (0.8333333, 0), (0.75, 1), (0.8333333, 1), (0.8333333, 0), (0.8333333, 0), (0.8333333, 1), (0.9166667, 0), (0.8333333, 1), (0.9166667, 1), (0.9166667, 0), (0.9166667, 0), (0.9166667, 1), (1, 0), (0.9166667, 1), (1, 1), (1, 0), (1, 0.5), (0.9330127, 0.25), (0.5, 0.5), (0.9330127, 0.25), (0.75, 0.066987276), (0.5, 0.5), (0.75, 0.066987276), (0.5, 0), (0.5, 0.5), (0.5, 0), (0.25, 0.066987276), (0.5, 0.5), (0.25, 0.066987276), (0.0669873, 0.25), (0.5, 0.5), (0.0669873, 0.25), (0, 0.5), (0.5, 0.5), (0, 0.5), (0.0669873, 0.75), (0.5, 0.5), (0.0669873, 0.75), (0.25, 0.9330127), (0.5, 0.5), (0.25, 0.9330127), (0.5, 1), (0.5, 0.5), (0.5, 1), (0.75, 0.9330127), (0.5, 0.5), (0.75, 0.9330127), (0.9330127, 0.75), (0.5, 0.5), (0.9330127, 0.75), (1, 0.5), (0.5, 0.5), (0.9330127, 0.75), (1, 0.5), (0.5, 0.5), (0.75, 0.9330127), (0.9330127, 0.75), (0.5, 0.5), (0.5, 1), (0.75, 0.9330127), (0.5, 0.5), (0.25, 0.9330127), (0.5, 1), (0.5, 0.5), (0.0669873, 0.75), (0.25, 0.9330127), (0.5, 0.5), (0, 0.5), (0.0669873, 0.75), (0.5, 0.5), (0.0669873, 0.25), (0, 0.5), (0.5, 0.5), (0.25, 0.066987276), (0.0669873, 0.25), (0.5, 0.5), (0.5, 0), (0.25, 0.066987276), (0.5, 0.5), (0.75, 0.066987276), (0.5, 0), (0.5, 0.5), (0.9330127, 0.25), (0.75, 0.066987276), (0.5, 0.5), (1, 0.5), (0.9330127, 0.25), (0.5, 0.5)] (
                    interpolation = "faceVarying"
                )
                uniform token subdivisionScheme = "none"
                custom string userProperties:blender:data_name = "Mesh_4.036"
            }
        }

        def Xform "support_base"
        {
            custom string userProperties:blender:object_name = "support_base"
            float3 xformOp:rotateXYZ = (0, -0, 0)
            float3 xformOp:scale = (1, 1, 1)
            double3 xformOp:translate = (0, 0, 0.10999999940395355)
            uniform token[] xformOpOrder = ["xformOp:translate", "xformOp:rotateXYZ", "xformOp:scale"]

            def Mesh "Mesh_0_036" (
                active = true
                prepend apiSchemas = ["MaterialBindingAPI"]
            )
            {
                uniform bool doubleSided = 0
                float3[] extent = [(-1.44, -0.8, -0.11), (1.44, 0.8, 0.11)]
                int[] faceVertexCounts = [3, 3, 3, 3, 3, 3, 3, 3, 3, 3, 3, 3]
                int[] faceVertexIndices = [0, 2, 1, 2, 3, 1, 4, 6, 5, 6, 7, 5, 8, 10, 9, 10, 11, 9, 12, 14, 13, 14, 15, 13, 16, 18, 17, 18, 19, 17, 20, 22, 21, 22, 23, 21]
                rel material:binding = </root/_materials/Material_0_036>
                normal3f[] normals = [(0.99999994, 0, 0), (0.99999994, 0, 0), (0.99999994, 0, 0), (0.99999994, 0, 0), (0.99999994, 0, 0), (0.99999994, 0, 0), (-0.99999994, 0, 0), (-0.99999994, 0, 0), (-0.99999994, 0, 0), (-0.99999994, 0, 0), (-0.99999994, 0, 0), (-0.99999994, 0, 0), (0, 0, 1), (0, 0, 1), (0, 0, 1), (0, 0, 1), (0, 0, 1), (0, 0, 1), (0, 0, -1), (0, 0, -1), (0, 0, -1), (0, 0, -1), (0, 0, -1), (0, 0, -1), (0, -1, 0), (0, -1, 0), (0, -1, 0), (0, -1, 0), (0, -1, 0), (0, -1, 0), (0, 1, 0), (0, 1, 0), (0, 1, 0), (0, 1, 0), (0, 1, 0), (0, 1, 0)] (
                    interpolation = "faceVarying"
                )
                point3f[] points = [(1.44, -0.8, 0.11), (1.44, 0.8, 0.11), (1.44, -0.8, -0.11), (1.44, 0.8, -0.11), (-1.44, 0.8, 0.11), (-1.44, -0.8, 0.11), (-1.44, 0.8, -0.11), (-1.44, -0.8, -0.11), (-1.44, 0.8, 0.11), (1.44, 0.8, 0.11), (-1.44, -0.8, 0.11), (1.44, -0.8, 0.11), (-1.44, -0.8, -0.11), (1.44, -0.8, -0.11), (-1.44, 0.8, -0.11), (1.44, 0.8, -0.11), (-1.44, -0.8, 0.11), (1.44, -0.8, 0.11), (-1.44, -0.8, -0.11), (1.44, -0.8, -0.11), (1.44, 0.8, 0.11), (-1.44, 0.8, 0.11), (1.44, 0.8, -0.11), (-1.44, 0.8, -0.11)]
                texCoord2f[] primvars:st = [(0, 0), (0, 1), (1, 0), (0, 1), (1, 1), (1, 0), (0, 0), (0, 1), (1, 0), (0, 1), (1, 1), (1, 0), (0, 0), (0, 1), (1, 0), (0, 1), (1, 1), (1, 0), (0, 0), (0, 1), (1, 0), (0, 1), (1, 1), (1, 0), (0, 0), (0, 1), (1, 0), (0, 1), (1, 1), (1, 0), (0, 0), (0, 1), (1, 0), (0, 1), (1, 1), (1, 0)] (
                    interpolation = "faceVarying"
                )
                uniform token subdivisionScheme = "none"
                custom string userProperties:blender:data_name = "Mesh_0.036"
            }
        }

        def Xform "control_drawer_3_1"
        {
            custom string userProperties:blender:object_name = "control_drawer_3_1"
            float3 xformOp:rotateXYZ = (0, -0, 0)
            float3 xformOp:scale = (1, 1, 1)
            double3 xformOp:translate = (1.0800000429153442, -0.5199999809265137, 0.6100000143051147)
            uniform token[] xformOpOrder = ["xformOp:translate", "xformOp:rotateXYZ", "xformOp:scale"]

            def Mesh "Mesh_16_013" (
                active = true
                prepend apiSchemas = ["MaterialBindingAPI"]
            )
            {
                uniform bool doubleSided = 0
                float3[] extent = [(-0.21, -0.015, -0.065), (0.21, 0.015, 0.065)]
                int[] faceVertexCounts = [3, 3, 3, 3, 3, 3, 3, 3, 3, 3, 3, 3]
                int[] faceVertexIndices = [0, 2, 1, 2, 3, 1, 4, 6, 5, 6, 7, 5, 8, 10, 9, 10, 11, 9, 12, 14, 13, 14, 15, 13, 16, 18, 17, 18, 19, 17, 20, 22, 21, 22, 23, 21]
                rel material:binding = </root/_materials/Material_16_013>
                normal3f[] normals = [(1, 0, 0), (1, 0, 0), (1, 0, 0), (1, 0, 0), (1, 0, 0), (1, 0, 0), (-1, 0, 0), (-1, 0, 0), (-1, 0, 0), (-1, 0, 0), (-1, 0, 0), (-1, 0, 0), (0, 0, 0.99999994), (0, 0, 0.99999994), (0, 0, 0.99999994), (0, 0, 0.99999994), (0, 0, 0.99999994), (0, 0, 0.99999994), (0, 0, -0.99999994), (0, 0, -0.99999994), (0, 0, -0.99999994), (0, 0, -0.99999994), (0, 0, -0.99999994), (0, 0, -0.99999994), (0, -1, 0), (0, -1, 0), (0, -1, 0), (0, -1, 0), (0, -1, 0), (0, -1, 0), (0, 1, 0), (0, 1, 0), (0, 1, 0), (0, 1, 0), (0, 1, 0), (0, 1, 0)] (
                    interpolation = "faceVarying"
                )
                point3f[] points = [(0.21, -0.015, 0.065), (0.21, 0.015, 0.065), (0.21, -0.015, -0.065), (0.21, 0.015, -0.065), (-0.21, 0.015, 0.065), (-0.21, -0.015, 0.065), (-0.21, 0.015, -0.065), (-0.21, -0.015, -0.065), (-0.21, 0.015, 0.065), (0.21, 0.015, 0.065), (-0.21, -0.015, 0.065), (0.21, -0.015, 0.065), (-0.21, -0.015, -0.065), (0.21, -0.015, -0.065), (-0.21, 0.015, -0.065), (0.21, 0.015, -0.065), (-0.21, -0.015, 0.065), (0.21, -0.015, 0.065), (-0.21, -0.015, -0.065), (0.21, -0.015, -0.065), (0.21, 0.015, 0.065), (-0.21, 0.015, 0.065), (0.21, 0.015, -0.065), (-0.21, 0.015, -0.065)]
                texCoord2f[] primvars:st = [(0, 0), (0, 1), (1, 0), (0, 1), (1, 1), (1, 0), (0, 0), (0, 1), (1, 0), (0, 1), (1, 1), (1, 0), (0, 0), (0, 1), (1, 0), (0, 1), (1, 1), (1, 0), (0, 0), (0, 1), (1, 0), (0, 1), (1, 1), (1, 0), (0, 0), (0, 1), (1, 0), (0, 1), (1, 1), (1, 0), (0, 0), (0, 1), (1, 0), (0, 1), (1, 1), (1, 0)] (
                    interpolation = "faceVarying"
                )
                uniform token subdivisionScheme = "none"
                custom string userProperties:blender:data_name = "Mesh_16.013"
            }
        }

        def Xform "display"
        {
            custom string userProperties:blender:object_name = "display"
            float3 xformOp:rotateXYZ = (0, -0, 0)
            float3 xformOp:scale = (1, 1, 1)
            double3 xformOp:translate = (1.2400000095367432, -0.9549999833106995, 1)
            uniform token[] xformOpOrder = ["xformOp:translate", "xformOp:rotateXYZ", "xformOp:scale"]

            def Mesh "Mesh_21_004" (
                active = true
                prepend apiSchemas = ["MaterialBindingAPI"]
            )
            {
                uniform bool doubleSided = 0
                float3[] extent = [(-0.13, -0.01, -0.1), (0.13, 0.01, 0.1)]
                int[] faceVertexCounts = [3, 3, 3, 3, 3, 3, 3, 3, 3, 3, 3, 3]
                int[] faceVertexIndices = [0, 2, 1, 2, 3, 1, 4, 6, 5, 6, 7, 5, 8, 10, 9, 10, 11, 9, 12, 14, 13, 14, 15, 13, 16, 18, 17, 18, 19, 17, 20, 22, 21, 22, 23, 21]
                rel material:binding = </root/_materials/Material_21_004>
                normal3f[] normals = [(1, 0, 0), (1, 0, 0), (1, 0, 0), (1, 0, 0), (1, 0, 0), (1, 0, 0), (-1, 0, 0), (-1, 0, 0), (-1, 0, 0), (-1, 0, 0), (-1, 0, 0), (-1, 0, 0), (0, 0, 1), (0, 0, 1), (0, 0, 1), (0, 0, 1), (0, 0, 1), (0, 0, 1), (0, 0, -1), (0, 0, -1), (0, 0, -1), (0, 0, -1), (0, 0, -1), (0, 0, -1), (0, -1, 0), (0, -1, 0), (0, -1, 0), (0, -1, 0), (0, -1, 0), (0, -1, 0), (0, 1, 0), (0, 1, 0), (0, 1, 0), (0, 1, 0), (0, 1, 0), (0, 1, 0)] (
                    interpolation = "faceVarying"
                )
                point3f[] points = [(0.13, -0.01, 0.1), (0.13, 0.01, 0.1), (0.13, -0.01, -0.1), (0.13, 0.01, -0.1), (-0.13, 0.01, 0.1), (-0.13, -0.01, 0.1), (-0.13, 0.01, -0.1), (-0.13, -0.01, -0.1), (-0.13, 0.01, 0.1), (0.13, 0.01, 0.1), (-0.13, -0.01, 0.1), (0.13, -0.01, 0.1), (-0.13, -0.01, -0.1), (0.13, -0.01, -0.1), (-0.13, 0.01, -0.1), (0.13, 0.01, -0.1), (-0.13, -0.01, 0.1), (0.13, -0.01, 0.1), (-0.13, -0.01, -0.1), (0.13, -0.01, -0.1), (0.13, 0.01, 0.1), (-0.13, 0.01, 0.1), (0.13, 0.01, -0.1), (-0.13, 0.01, -0.1)]
                texCoord2f[] primvars:st = [(0, 0), (0, 1), (1, 0), (0, 1), (1, 1), (1, 0), (0, 0), (0, 1), (1, 0), (0, 1), (1, 1), (1, 0), (0, 0), (0, 1), (1, 0), (0, 1), (1, 1), (1, 0), (0, 0), (0, 1), (1, 0), (0, 1), (1, 1), (1, 0), (0, 0), (0, 1), (1, 0), (0, 1), (1, 1), (1, 0), (0, 0), (0, 1), (1, 0), (0, 1), (1, 1), (1, 0)] (
                    interpolation = "faceVarying"
                )
                uniform token subdivisionScheme = "none"
                custom string userProperties:blender:data_name = "Mesh_21.004"
            }
        }

        def Xform "frame_bridge_1"
        {
            custom string userProperties:blender:object_name = "frame_bridge_1"
            float3 xformOp:rotateXYZ = (0, -0, 0)
            float3 xformOp:scale = (1, 1, 1)
            double3 xformOp:translate = (-0.36000001430511475, 0, 1.7200000286102295)
            uniform token[] xformOpOrder = ["xformOp:translate", "xformOp:rotateXYZ", "xformOp:scale"]

            def Mesh "Mesh_10_026" (
                active = true
                prepend apiSchemas = ["MaterialBindingAPI"]
            )
            {
                uniform bool doubleSided = 0
                float3[] extent = [(-0.1, -0.65, -0.08), (0.1, 0.65, 0.08)]
                int[] faceVertexCounts = [3, 3, 3, 3, 3, 3, 3, 3, 3, 3, 3, 3]
                int[] faceVertexIndices = [0, 2, 1, 2, 3, 1, 4, 6, 5, 6, 7, 5, 8, 10, 9, 10, 11, 9, 12, 14, 13, 14, 15, 13, 16, 18, 17, 18, 19, 17, 20, 22, 21, 22, 23, 21]
                rel material:binding = </root/_materials/Material_10_026>
                normal3f[] normals = [(1, 0, 0), (1, 0, 0), (1, 0, 0), (1, 0, 0), (1, 0, 0), (1, 0, 0), (-1, 0, 0), (-1, 0, 0), (-1, 0, 0), (-1, 0, 0), (-1, 0, 0), (-1, 0, 0), (0, 0, 1), (0, 0, 1), (0, 0, 1), (0, 0, 1), (0, 0, 1), (0, 0, 1), (0, 0, -1), (0, 0, -1), (0, 0, -1), (0, 0, -1), (0, 0, -1), (0, 0, -1), (0, -1, 0), (0, -1, 0), (0, -1, 0), (0, -1, 0), (0, -1, 0), (0, -1, 0), (0, 1, 0), (0, 1, 0), (0, 1, 0), (0, 1, 0), (0, 1, 0), (0, 1, 0)] (
                    interpolation = "faceVarying"
                )
                point3f[] points = [(0.1, -0.65, 0.08), (0.1, 0.65, 0.08), (0.1, -0.65, -0.08), (0.1, 0.65, -0.08), (-0.1, 0.65, 0.08), (-0.1, -0.65, 0.08), (-0.1, 0.65, -0.08), (-0.1, -0.65, -0.08), (-0.1, 0.65, 0.08), (0.1, 0.65, 0.08), (-0.1, -0.65, 0.08), (0.1, -0.65, 0.08), (-0.1, -0.65, -0.08), (0.1, -0.65, -0.08), (-0.1, 0.65, -0.08), (0.1, 0.65, -0.08), (-0.1, -0.65, 0.08), (0.1, -0.65, 0.08), (-0.1, -0.65, -0.08), (0.1, -0.65, -0.08), (0.1, 0.65, 0.08), (-0.1, 0.65, 0.08), (0.1, 0.65, -0.08), (-0.1, 0.65, -0.08)]
                texCoord2f[] primvars:st = [(0, 0), (0, 1), (1, 0), (0, 1), (1, 1), (1, 0), (0, 0), (0, 1), (1, 0), (0, 1), (1, 1), (1, 0), (0, 0), (0, 1), (1, 0), (0, 1), (1, 1), (1, 0), (0, 0), (0, 1), (1, 0), (0, 1), (1, 1), (1, 0), (0, 0), (0, 1), (1, 0), (0, 1), (1, 1), (1, 0), (0, 0), (0, 1), (1, 0), (0, 1), (1, 1), (1, 0)] (
                    interpolation = "faceVarying"
                )
                uniform token subdivisionScheme = "none"
                custom string userProperties:blender:data_name = "Mesh_10.026"
            }
        }

        def Xform "conveyor_idler_0_5"
        {
            custom string userProperties:blender:object_name = "conveyor_idler_0_5"
            float3 xformOp:rotateXYZ = (90.000015, -0, 0)
            float3 xformOp:scale = (1, 1.0000001, 1.0000001)
            double3 xformOp:translate = (-0.6800000071525574, 0, 0.5299999713897705)
            uniform token[] xformOpOrder = ["xformOp:translate", "xformOp:rotateXYZ", "xformOp:scale"]

            def Mesh "Mesh_7_034" (
                active = true
                prepend apiSchemas = ["MaterialBindingAPI"]
            )
            {
                uniform bool doubleSided = 0
                float3[] extent = [(-0.045, -0.045, -0.45), (0.045, 0.045, 0.45)]
                int[] faceVertexCounts = [3, 3, 3, 3, 3, 3, 3, 3, 3, 3, 3, 3, 3, 3, 3, 3, 3, 3, 3, 3, 3, 3, 3, 3, 3, 3, 3, 3, 3, 3, 3, 3, 3, 3, 3, 3, 3, 3, 3, 3, 3, 3, 3, 3, 3, 3, 3, 3]
                int[] faceVertexIndices = [0, 13, 1, 13, 14, 1, 1, 14, 2, 14, 15, 2, 2, 15, 3, 15, 16, 3, 3, 16, 4, 16, 17, 4, 4, 17, 5, 17, 18, 5, 5, 18, 6, 18, 19, 6, 6, 19, 7, 19, 20, 7, 7, 20, 8, 20, 21, 8, 8, 21, 9, 21, 22, 9, 9, 22, 10, 22, 23, 10, 10, 23, 11, 23, 24, 11, 11, 24, 12, 24, 25, 12, 38, 39, 26, 39, 40, 27, 40, 41, 28, 41, 42, 29, 42, 43, 30, 43, 44, 31, 44, 45, 32, 45, 46, 33, 46, 47, 34, 47, 48, 35, 48, 49, 36, 49, 50, 37, 64, 63, 51, 65, 64, 52, 66, 65, 53, 67, 66, 54, 68, 67, 55, 69, 68, 56, 70, 69, 57, 71, 70, 58, 72, 71, 59, 73, 72, 60, 74, 73, 61, 75, 74, 62]
                rel material:binding = </root/_materials/Material_7_034>
                normal3f[] normals = [(0.000055909157, -1, -0.000012420108), (0.000055879354, -1, 0.000086826636), (0.49999863, -0.86602616, 0), (0.000055879354, -1, 0.000086826636), (0.5000013, -0.8660246, 0), (0.49999863, -0.86602616, 0), (0.49999863, -0.86602616, 0), (0.5000013, -0.8660246, 0), (0.8660247, -0.5000013, 0), (0.5000013, -0.8660246, 0), (0.86602616, -0.49999872, 0), (0.8660247, -0.5000013, 0), (0.8660247, -0.5000013, 0), (0.86602616, -0.49999872, 0), (1, -0.0000013945761, 0), (0.86602616, -0.49999872, 0), (1, 0.0000013945761, 0), (1, -0.0000013945761, 0), (1, -0.0000013945761, 0), (1, 0.0000013945761, 0), (0.86602616, 0.49999872, 0), (1, 0.0000013945761, 0), (0.8660247, 0.5000013, 0), (0.86602616, 0.49999872, 0), (0.86602616, 0.49999872, 0), (0.8660247, 0.5000013, 0), (0.5000013, 0.8660246, 0), (0.8660247, 0.5000013, 0), (0.49999863, 0.86602616, 0), (0.5000013, 0.8660246, 0), (0.5000013, 0.8660246, 0), (0.49999863, 0.86602616, 0), (0.0000015713534, 1, 0), (0.49999863, 0.86602616, 0), (-0.0000015713534, 1, 0), (0.0000015713534, 1, 0), (0.0000015713534, 1, 0), (-0.0000015713534, 1, 0), (-0.49999863, 0.86602616, 0), (-0.0000015713534, 1, 0), (-0.5000013, 0.8660246, 0), (-0.49999863, 0.86602616, 0), (-0.49999863, 0.86602616, 0), (-0.5000013, 0.8660246, 0), (-0.8660247, 0.5000013, 0), (-0.5000013, 0.8660246, 0), (-0.86602616, 0.49999872, 0), (-0.8660247, 0.5000013, 0), (-0.8660247, 0.5000013, 0), (-0.86602616, 0.49999872, 0), (-1, 0.0000013945761, 0), (-0.86602616, 0.49999872, 0), (-1, -0.0000013945761, 0), (-1, 0.0000013945761, 0), (-1, 0.0000013945761, 0), (-1, -0.0000013945761, 0), (-0.86602616, -0.49999872, 0), (-1, -0.0000013945761, 0), (-0.8660247, -0.5000013, 0), (-0.86602616, -0.49999872, 0), (-0.86602616, -0.49999872, 0), (-0.8660247, -0.5000013, 0), (-0.5000013, -0.8660246, 0), (-0.8660247, -0.5000013, 0), (-0.49999863, -0.86602616, 0), (-0.5000013, -0.8660246, 0), (-0.5000013, -0.8660246, 0), (-0.49999863, -0.86602616, 0), (-0.000055879354, -1, -0.000086826636), (-0.49999863, -0.86602616, 0), (-0.000055909157, -1, 0.000012420108), (-0.000055879354, -1, -0.000086826636), (0, 0, 1), (0, 0, 1), (0, 0, 1), (0, 0, 1), (0, 0, 1), (0, 0, 1), (-2.4492932e-15, 0, 1), (-2.4492932e-15, 0, 1), (-2.4492932e-15, 0, 1), (0, 0, 1), (0, 0, 1), (0, 0, 1), (0, 0, 1), (0, 0, 1), (0, 0, 1), (0, 0, 1), (0, 0, 1), (0, 0, 1), (0, 0, 1), (0, 0, 1), (0, 0, 1), (0, 0, 1), (0, 0, 1), (0, 0, 1), (7.347879e-15, 0, 1), (7.347879e-15, 0, 1), (7.347879e-15, 0, 1), (0, 0, 1), (0, 0, 1), (0, 0, 1), (0, 0, 1), (0, 0, 1), (0, 0, 1), (0, 0, 1), (0, 0, 1), (0, 0, 1), (0, 0, -1), (0, 0, -1), (0, 0, -1), (0, 0, -1), (0, 0, -1), (0, 0, -1), (0, 0, -1), (0, 0, -1), (0, 0, -1), (2.4492932e-15, 0, -1), (2.4492932e-15, 0, -1), (2.4492932e-15, 0, -1), (0, 0, -1), (0, 0, -1), (0, 0, -1), (0, 0, -1), (0, 0, -1), (0, 0, -1), (0, 0, -1), (0, 0, -1), (0, 0, -1), (0, 0, -1), (0, 0, -1), (0, 0, -1), (0, 0, -1), (0, 0, -1), (0, 0, -1), (-7.347879e-15, 0, -1), (-7.347879e-15, 0, -1), (-7.347879e-15, 0, -1), (0, 0, -1), (0, 0, -1), (0, 0, -1), (0, 0, -1), (0, 0, -1), (0, 0, -1)] (
                    interpolation = "faceVarying"
                )
                point3f[] points = [(0, -0.045, 0.45), (0.0225, -0.038971145, 0.45), (0.038971145, -0.0225, 0.45), (0.045, -2.7554553e-18, 0.45), (0.038971145, 0.0225, 0.45), (0.0225, 0.038971145, 0.45), (5.5109105e-18, 0.045, 0.45), (-0.0225, 0.038971145, 0.45), (-0.038971145, 0.0225, 0.45), (-0.045, 8.266366e-18, 0.45), (-0.038971145, -0.0225, 0.45), (-0.0225, -0.038971145, 0.45), (-1.1021821e-17, -0.045, 0.45), (0, -0.045, -0.45), (0.0225, -0.038971145, -0.45), (0.038971145, -0.0225, -0.45), (0.045, -2.7554553e-18, -0.45), (0.038971145, 0.0225, -0.45), (0.0225, 0.038971145, -0.45), (5.5109105e-18, 0.045, -0.45), (-0.0225, 0.038971145, -0.45), (-0.038971145, 0.0225, -0.45), (-0.045, 8.266366e-18, -0.45), (-0.038971145, -0.0225, -0.45), (-0.0225, -0.038971145, -0.45), (-1.1021821e-17, -0.045, -0.45), (0, -0, 0.45), (0, -0, 0.45), (0, -0, 0.45), (0, -0, 0.45), (0, -0, 0.45), (0, -0, 0.45), (0, -0, 0.45), (0, -0, 0.45), (0, -0, 0.45), (0, -0, 0.45), (0, -0, 0.45), (0, -0, 0.45), (0, -0.045, 0.45), (0.0225, -0.038971145, 0.45), (0.038971145, -0.0225, 0.45), (0.045, -2.7554553e-18, 0.45), (0.038971145, 0.0225, 0.45), (0.0225, 0.038971145, 0.45), (5.5109105e-18, 0.045, 0.45), (-0.0225, 0.038971145, 0.45), (-0.038971145, 0.0225, 0.45), (-0.045, 8.266366e-18, 0.45), (-0.038971145, -0.0225, 0.45), (-0.0225, -0.038971145, 0.45), (-1.1021821e-17, -0.045, 0.45), (0, -0, -0.45), (0, -0, -0.45), (0, -0, -0.45), (0, -0, -0.45), (0, -0, -0.45), (0, -0, -0.45), (0, -0, -0.45), (0, -0, -0.45), (0, -0, -0.45), (0, -0, -0.45), (0, -0, -0.45), (0, -0, -0.45), (0, -0.045, -0.45), (0.0225, -0.038971145, -0.45), (0.038971145, -0.0225, -0.45), (0.045, -2.7554553e-18, -0.45), (0.038971145, 0.0225, -0.45), (0.0225, 0.038971145, -0.45), (5.5109105e-18, 0.045, -0.45), (-0.0225, 0.038971145, -0.45), (-0.038971145, 0.0225, -0.45), (-0.045, 8.266366e-18, -0.45), (-0.038971145, -0.0225, -0.45), (-0.0225, -0.038971145, -0.45), (-1.1021821e-17, -0.045, -0.45)]
                texCoord2f[] primvars:st = [(0, 0), (0, 1), (0.083333336, 0), (0, 1), (0.083333336, 1), (0.083333336, 0), (0.083333336, 0), (0.083333336, 1), (0.16666667, 0), (0.083333336, 1), (0.16666667, 1), (0.16666667, 0), (0.16666667, 0), (0.16666667, 1), (0.25, 0), (0.16666667, 1), (0.25, 1), (0.25, 0), (0.25, 0), (0.25, 1), (0.33333334, 0), (0.25, 1), (0.33333334, 1), (0.33333334, 0), (0.33333334, 0), (0.33333334, 1), (0.41666666, 0), (0.33333334, 1), (0.41666666, 1), (0.41666666, 0), (0.41666666, 0), (0.41666666, 1), (0.5, 0), (0.41666666, 1), (0.5, 1), (0.5, 0), (0.5, 0), (0.5, 1), (0.5833333, 0), (0.5, 1), (0.5833333, 1), (0.5833333, 0), (0.5833333, 0), (0.5833333, 1), (0.6666667, 0), (0.5833333, 1), (0.6666667, 1), (0.6666667, 0), (0.6666667, 0), (0.6666667, 1), (0.75, 0), (0.6666667, 1), (0.75, 1), (0.75, 0), (0.75, 0), (0.75, 1), (0.8333333, 0), (0.75, 1), (0.8333333, 1), (0.8333333, 0), (0.8333333, 0), (0.8333333, 1), (0.9166667, 0), (0.8333333, 1), (0.9166667, 1), (0.9166667, 0), (0.9166667, 0), (0.9166667, 1), (1, 0), (0.9166667, 1), (1, 1), (1, 0), (1, 0.5), (0.9330127, 0.25), (0.5, 0.5), (0.9330127, 0.25), (0.75, 0.066987276), (0.5, 0.5), (0.75, 0.066987276), (0.5, 0), (0.5, 0.5), (0.5, 0), (0.25, 0.066987276), (0.5, 0.5), (0.25, 0.066987276), (0.0669873, 0.25), (0.5, 0.5), (0.0669873, 0.25), (0, 0.5), (0.5, 0.5), (0, 0.5), (0.0669873, 0.75), (0.5, 0.5), (0.0669873, 0.75), (0.25, 0.9330127), (0.5, 0.5), (0.25, 0.9330127), (0.5, 1), (0.5, 0.5), (0.5, 1), (0.75, 0.9330127), (0.5, 0.5), (0.75, 0.9330127), (0.9330127, 0.75), (0.5, 0.5), (0.9330127, 0.75), (1, 0.5), (0.5, 0.5), (0.9330127, 0.75), (1, 0.5), (0.5, 0.5), (0.75, 0.9330127), (0.9330127, 0.75), (0.5, 0.5), (0.5, 1), (0.75, 0.9330127), (0.5, 0.5), (0.25, 0.9330127), (0.5, 1), (0.5, 0.5), (0.0669873, 0.75), (0.25, 0.9330127), (0.5, 0.5), (0, 0.5), (0.0669873, 0.75), (0.5, 0.5), (0.0669873, 0.25), (0, 0.5), (0.5, 0.5), (0.25, 0.066987276), (0.0669873, 0.25), (0.5, 0.5), (0.5, 0), (0.25, 0.066987276), (0.5, 0.5), (0.75, 0.066987276), (0.5, 0), (0.5, 0.5), (0.9330127, 0.25), (0.75, 0.066987276), (0.5, 0.5), (1, 0.5), (0.9330127, 0.25), (0.5, 0.5)] (
                    interpolation = "faceVarying"
                )
                uniform token subdivisionScheme = "none"
                custom string userProperties:blender:data_name = "Mesh_7.034"
            }
        }

        def Xform "conveyor_idler_0_0"
        {
            custom string userProperties:blender:object_name = "conveyor_idler_0_0"
            float3 xformOp:rotateXYZ = (90.000015, -0, 0)
            float3 xformOp:scale = (1, 1.0000001, 1.0000001)
            double3 xformOp:translate = (-1.4800000190734863, 0, 0.5299999713897705)
            uniform token[] xformOpOrder = ["xformOp:translate", "xformOp:rotateXYZ", "xformOp:scale"]

            def Mesh "Mesh_2_036" (
                active = true
                prepend apiSchemas = ["MaterialBindingAPI"]
            )
            {
                uniform bool doubleSided = 0
                float3[] extent = [(-0.045, -0.045, -0.45), (0.045, 0.045, 0.45)]
                int[] faceVertexCounts = [3, 3, 3, 3, 3, 3, 3, 3, 3, 3, 3, 3, 3, 3, 3, 3, 3, 3, 3, 3, 3, 3, 3, 3, 3, 3, 3, 3, 3, 3, 3, 3, 3, 3, 3, 3, 3, 3, 3, 3, 3, 3, 3, 3, 3, 3, 3, 3]
                int[] faceVertexIndices = [0, 13, 1, 13, 14, 1, 1, 14, 2, 14, 15, 2, 2, 15, 3, 15, 16, 3, 3, 16, 4, 16, 17, 4, 4, 17, 5, 17, 18, 5, 5, 18, 6, 18, 19, 6, 6, 19, 7, 19, 20, 7, 7, 20, 8, 20, 21, 8, 8, 21, 9, 21, 22, 9, 9, 22, 10, 22, 23, 10, 10, 23, 11, 23, 24, 11, 11, 24, 12, 24, 25, 12, 38, 39, 26, 39, 40, 27, 40, 41, 28, 41, 42, 29, 42, 43, 30, 43, 44, 31, 44, 45, 32, 45, 46, 33, 46, 47, 34, 47, 48, 35, 48, 49, 36, 49, 50, 37, 64, 63, 51, 65, 64, 52, 66, 65, 53, 67, 66, 54, 68, 67, 55, 69, 68, 56, 70, 69, 57, 71, 70, 58, 72, 71, 59, 73, 72, 60, 74, 73, 61, 75, 74, 62]
                rel material:binding = </root/_materials/Material_2_036>
                normal3f[] normals = [(0.000055909157, -1, -0.000012420108), (0.000055879354, -1, 0.000086826636), (0.49999863, -0.86602616, 0), (0.000055879354, -1, 0.000086826636), (0.5000013, -0.8660246, 0), (0.49999863, -0.86602616, 0), (0.49999863, -0.86602616, 0), (0.5000013, -0.8660246, 0), (0.8660247, -0.5000013, 0), (0.5000013, -0.8660246, 0), (0.86602616, -0.49999872, 0), (0.8660247, -0.5000013, 0), (0.8660247, -0.5000013, 0), (0.86602616, -0.49999872, 0), (1, -0.0000013945761, 0), (0.86602616, -0.49999872, 0), (1, 0.0000013945761, 0), (1, -0.0000013945761, 0), (1, -0.0000013945761, 0), (1, 0.0000013945761, 0), (0.86602616, 0.49999872, 0), (1, 0.0000013945761, 0), (0.8660247, 0.5000013, 0), (0.86602616, 0.49999872, 0), (0.86602616, 0.49999872, 0), (0.8660247, 0.5000013, 0), (0.5000013, 0.8660246, 0), (0.8660247, 0.5000013, 0), (0.49999863, 0.86602616, 0), (0.5000013, 0.8660246, 0), (0.5000013, 0.8660246, 0), (0.49999863, 0.86602616, 0), (0.0000015713534, 1, 0), (0.49999863, 0.86602616, 0), (-0.0000015713534, 1, 0), (0.0000015713534, 1, 0), (0.0000015713534, 1, 0), (-0.0000015713534, 1, 0), (-0.49999863, 0.86602616, 0), (-0.0000015713534, 1, 0), (-0.5000013, 0.8660246, 0), (-0.49999863, 0.86602616, 0), (-0.49999863, 0.86602616, 0), (-0.5000013, 0.8660246, 0), (-0.8660247, 0.5000013, 0), (-0.5000013, 0.8660246, 0), (-0.86602616, 0.49999872, 0), (-0.8660247, 0.5000013, 0), (-0.8660247, 0.5000013, 0), (-0.86602616, 0.49999872, 0), (-1, 0.0000013945761, 0), (-0.86602616, 0.49999872, 0), (-1, -0.0000013945761, 0), (-1, 0.0000013945761, 0), (-1, 0.0000013945761, 0), (-1, -0.0000013945761, 0), (-0.86602616, -0.49999872, 0), (-1, -0.0000013945761, 0), (-0.8660247, -0.5000013, 0), (-0.86602616, -0.49999872, 0), (-0.86602616, -0.49999872, 0), (-0.8660247, -0.5000013, 0), (-0.5000013, -0.8660246, 0), (-0.8660247, -0.5000013, 0), (-0.49999863, -0.86602616, 0), (-0.5000013, -0.8660246, 0), (-0.5000013, -0.8660246, 0), (-0.49999863, -0.86602616, 0), (-0.000055879354, -1, -0.000086826636), (-0.49999863, -0.86602616, 0), (-0.000055909157, -1, 0.000012420108), (-0.000055879354, -1, -0.000086826636), (0, 0, 1), (0, 0, 1), (0, 0, 1), (0, 0, 1), (0, 0, 1), (0, 0, 1), (-2.4492932e-15, 0, 1), (-2.4492932e-15, 0, 1), (-2.4492932e-15, 0, 1), (0, 0, 1), (0, 0, 1), (0, 0, 1), (0, 0, 1), (0, 0, 1), (0, 0, 1), (0, 0, 1), (0, 0, 1), (0, 0, 1), (0, 0, 1), (0, 0, 1), (0, 0, 1), (0, 0, 1), (0, 0, 1), (0, 0, 1), (7.347879e-15, 0, 1), (7.347879e-15, 0, 1), (7.347879e-15, 0, 1), (0, 0, 1), (0, 0, 1), (0, 0, 1), (0, 0, 1), (0, 0, 1), (0, 0, 1), (0, 0, 1), (0, 0, 1), (0, 0, 1), (0, 0, -1), (0, 0, -1), (0, 0, -1), (0, 0, -1), (0, 0, -1), (0, 0, -1), (0, 0, -1), (0, 0, -1), (0, 0, -1), (2.4492932e-15, 0, -1), (2.4492932e-15, 0, -1), (2.4492932e-15, 0, -1), (0, 0, -1), (0, 0, -1), (0, 0, -1), (0, 0, -1), (0, 0, -1), (0, 0, -1), (0, 0, -1), (0, 0, -1), (0, 0, -1), (0, 0, -1), (0, 0, -1), (0, 0, -1), (0, 0, -1), (0, 0, -1), (0, 0, -1), (-7.347879e-15, 0, -1), (-7.347879e-15, 0, -1), (-7.347879e-15, 0, -1), (0, 0, -1), (0, 0, -1), (0, 0, -1), (0, 0, -1), (0, 0, -1), (0, 0, -1)] (
                    interpolation = "faceVarying"
                )
                point3f[] points = [(0, -0.045, 0.45), (0.0225, -0.038971145, 0.45), (0.038971145, -0.0225, 0.45), (0.045, -2.7554553e-18, 0.45), (0.038971145, 0.0225, 0.45), (0.0225, 0.038971145, 0.45), (5.5109105e-18, 0.045, 0.45), (-0.0225, 0.038971145, 0.45), (-0.038971145, 0.0225, 0.45), (-0.045, 8.266366e-18, 0.45), (-0.038971145, -0.0225, 0.45), (-0.0225, -0.038971145, 0.45), (-1.1021821e-17, -0.045, 0.45), (0, -0.045, -0.45), (0.0225, -0.038971145, -0.45), (0.038971145, -0.0225, -0.45), (0.045, -2.7554553e-18, -0.45), (0.038971145, 0.0225, -0.45), (0.0225, 0.038971145, -0.45), (5.5109105e-18, 0.045, -0.45), (-0.0225, 0.038971145, -0.45), (-0.038971145, 0.0225, -0.45), (-0.045, 8.266366e-18, -0.45), (-0.038971145, -0.0225, -0.45), (-0.0225, -0.038971145, -0.45), (-1.1021821e-17, -0.045, -0.45), (0, -0, 0.45), (0, -0, 0.45), (0, -0, 0.45), (0, -0, 0.45), (0, -0, 0.45), (0, -0, 0.45), (0, -0, 0.45), (0, -0, 0.45), (0, -0, 0.45), (0, -0, 0.45), (0, -0, 0.45), (0, -0, 0.45), (0, -0.045, 0.45), (0.0225, -0.038971145, 0.45), (0.038971145, -0.0225, 0.45), (0.045, -2.7554553e-18, 0.45), (0.038971145, 0.0225, 0.45), (0.0225, 0.038971145, 0.45), (5.5109105e-18, 0.045, 0.45), (-0.0225, 0.038971145, 0.45), (-0.038971145, 0.0225, 0.45), (-0.045, 8.266366e-18, 0.45), (-0.038971145, -0.0225, 0.45), (-0.0225, -0.038971145, 0.45), (-1.1021821e-17, -0.045, 0.45), (0, -0, -0.45), (0, -0, -0.45), (0, -0, -0.45), (0, -0, -0.45), (0, -0, -0.45), (0, -0, -0.45), (0, -0, -0.45), (0, -0, -0.45), (0, -0, -0.45), (0, -0, -0.45), (0, -0, -0.45), (0, -0, -0.45), (0, -0.045, -0.45), (0.0225, -0.038971145, -0.45), (0.038971145, -0.0225, -0.45), (0.045, -2.7554553e-18, -0.45), (0.038971145, 0.0225, -0.45), (0.0225, 0.038971145, -0.45), (5.5109105e-18, 0.045, -0.45), (-0.0225, 0.038971145, -0.45), (-0.038971145, 0.0225, -0.45), (-0.045, 8.266366e-18, -0.45), (-0.038971145, -0.0225, -0.45), (-0.0225, -0.038971145, -0.45), (-1.1021821e-17, -0.045, -0.45)]
                texCoord2f[] primvars:st = [(0, 0), (0, 1), (0.083333336, 0), (0, 1), (0.083333336, 1), (0.083333336, 0), (0.083333336, 0), (0.083333336, 1), (0.16666667, 0), (0.083333336, 1), (0.16666667, 1), (0.16666667, 0), (0.16666667, 0), (0.16666667, 1), (0.25, 0), (0.16666667, 1), (0.25, 1), (0.25, 0), (0.25, 0), (0.25, 1), (0.33333334, 0), (0.25, 1), (0.33333334, 1), (0.33333334, 0), (0.33333334, 0), (0.33333334, 1), (0.41666666, 0), (0.33333334, 1), (0.41666666, 1), (0.41666666, 0), (0.41666666, 0), (0.41666666, 1), (0.5, 0), (0.41666666, 1), (0.5, 1), (0.5, 0), (0.5, 0), (0.5, 1), (0.5833333, 0), (0.5, 1), (0.5833333, 1), (0.5833333, 0), (0.5833333, 0), (0.5833333, 1), (0.6666667, 0), (0.5833333, 1), (0.6666667, 1), (0.6666667, 0), (0.6666667, 0), (0.6666667, 1), (0.75, 0), (0.6666667, 1), (0.75, 1), (0.75, 0), (0.75, 0), (0.75, 1), (0.8333333, 0), (0.75, 1), (0.8333333, 1), (0.8333333, 0), (0.8333333, 0), (0.8333333, 1), (0.9166667, 0), (0.8333333, 1), (0.9166667, 1), (0.9166667, 0), (0.9166667, 0), (0.9166667, 1), (1, 0), (0.9166667, 1), (1, 1), (1, 0), (1, 0.5), (0.9330127, 0.25), (0.5, 0.5), (0.9330127, 0.25), (0.75, 0.066987276), (0.5, 0.5), (0.75, 0.066987276), (0.5, 0), (0.5, 0.5), (0.5, 0), (0.25, 0.066987276), (0.5, 0.5), (0.25, 0.066987276), (0.0669873, 0.25), (0.5, 0.5), (0.0669873, 0.25), (0, 0.5), (0.5, 0.5), (0, 0.5), (0.0669873, 0.75), (0.5, 0.5), (0.0669873, 0.75), (0.25, 0.9330127), (0.5, 0.5), (0.25, 0.9330127), (0.5, 1), (0.5, 0.5), (0.5, 1), (0.75, 0.9330127), (0.5, 0.5), (0.75, 0.9330127), (0.9330127, 0.75), (0.5, 0.5), (0.9330127, 0.75), (1, 0.5), (0.5, 0.5), (0.9330127, 0.75), (1, 0.5), (0.5, 0.5), (0.75, 0.9330127), (0.9330127, 0.75), (0.5, 0.5), (0.5, 1), (0.75, 0.9330127), (0.5, 0.5), (0.25, 0.9330127), (0.5, 1), (0.5, 0.5), (0.0669873, 0.75), (0.25, 0.9330127), (0.5, 0.5), (0, 0.5), (0.0669873, 0.75), (0.5, 0.5), (0.0669873, 0.25), (0, 0.5), (0.5, 0.5), (0.25, 0.066987276), (0.0669873, 0.25), (0.5, 0.5), (0.5, 0), (0.25, 0.066987276), (0.5, 0.5), (0.75, 0.066987276), (0.5, 0), (0.5, 0.5), (0.9330127, 0.25), (0.75, 0.066987276), (0.5, 0.5), (1, 0.5), (0.9330127, 0.25), (0.5, 0.5)] (
                    interpolation = "faceVarying"
                )
                uniform token subdivisionScheme = "none"
                custom string userProperties:blender:data_name = "Mesh_2.036"
            }
        }

        def Xform "conveyor_idler_0_4"
        {
            custom string userProperties:blender:object_name = "conveyor_idler_0_4"
            float3 xformOp:rotateXYZ = (90.000015, -0, 0)
            float3 xformOp:scale = (1, 1.0000001, 1.0000001)
            double3 xformOp:translate = (-0.8399999737739563, 0, 0.5299999713897705)
            uniform token[] xformOpOrder = ["xformOp:translate", "xformOp:rotateXYZ", "xformOp:scale"]

            def Mesh "Mesh_6_036" (
                active = true
                prepend apiSchemas = ["MaterialBindingAPI"]
            )
            {
                uniform bool doubleSided = 0
                float3[] extent = [(-0.045, -0.045, -0.45), (0.045, 0.045, 0.45)]
                int[] faceVertexCounts = [3, 3, 3, 3, 3, 3, 3, 3, 3, 3, 3, 3, 3, 3, 3, 3, 3, 3, 3, 3, 3, 3, 3, 3, 3, 3, 3, 3, 3, 3, 3, 3, 3, 3, 3, 3, 3, 3, 3, 3, 3, 3, 3, 3, 3, 3, 3, 3]
                int[] faceVertexIndices = [0, 13, 1, 13, 14, 1, 1, 14, 2, 14, 15, 2, 2, 15, 3, 15, 16, 3, 3, 16, 4, 16, 17, 4, 4, 17, 5, 17, 18, 5, 5, 18, 6, 18, 19, 6, 6, 19, 7, 19, 20, 7, 7, 20, 8, 20, 21, 8, 8, 21, 9, 21, 22, 9, 9, 22, 10, 22, 23, 10, 10, 23, 11, 23, 24, 11, 11, 24, 12, 24, 25, 12, 38, 39, 26, 39, 40, 27, 40, 41, 28, 41, 42, 29, 42, 43, 30, 43, 44, 31, 44, 45, 32, 45, 46, 33, 46, 47, 34, 47, 48, 35, 48, 49, 36, 49, 50, 37, 64, 63, 51, 65, 64, 52, 66, 65, 53, 67, 66, 54, 68, 67, 55, 69, 68, 56, 70, 69, 57, 71, 70, 58, 72, 71, 59, 73, 72, 60, 74, 73, 61, 75, 74, 62]
                rel material:binding = </root/_materials/Material_6_036>
                normal3f[] normals = [(0.000055909157, -1, -0.000012420108), (0.000055879354, -1, 0.000086826636), (0.49999863, -0.86602616, 0), (0.000055879354, -1, 0.000086826636), (0.5000013, -0.8660246, 0), (0.49999863, -0.86602616, 0), (0.49999863, -0.86602616, 0), (0.5000013, -0.8660246, 0), (0.8660247, -0.5000013, 0), (0.5000013, -0.8660246, 0), (0.86602616, -0.49999872, 0), (0.8660247, -0.5000013, 0), (0.8660247, -0.5000013, 0), (0.86602616, -0.49999872, 0), (1, -0.0000013945761, 0), (0.86602616, -0.49999872, 0), (1, 0.0000013945761, 0), (1, -0.0000013945761, 0), (1, -0.0000013945761, 0), (1, 0.0000013945761, 0), (0.86602616, 0.49999872, 0), (1, 0.0000013945761, 0), (0.8660247, 0.5000013, 0), (0.86602616, 0.49999872, 0), (0.86602616, 0.49999872, 0), (0.8660247, 0.5000013, 0), (0.5000013, 0.8660246, 0), (0.8660247, 0.5000013, 0), (0.49999863, 0.86602616, 0), (0.5000013, 0.8660246, 0), (0.5000013, 0.8660246, 0), (0.49999863, 0.86602616, 0), (0.0000015713534, 1, 0), (0.49999863, 0.86602616, 0), (-0.0000015713534, 1, 0), (0.0000015713534, 1, 0), (0.0000015713534, 1, 0), (-0.0000015713534, 1, 0), (-0.49999863, 0.86602616, 0), (-0.0000015713534, 1, 0), (-0.5000013, 0.8660246, 0), (-0.49999863, 0.86602616, 0), (-0.49999863, 0.86602616, 0), (-0.5000013, 0.8660246, 0), (-0.8660247, 0.5000013, 0), (-0.5000013, 0.8660246, 0), (-0.86602616, 0.49999872, 0), (-0.8660247, 0.5000013, 0), (-0.8660247, 0.5000013, 0), (-0.86602616, 0.49999872, 0), (-1, 0.0000013945761, 0), (-0.86602616, 0.49999872, 0), (-1, -0.0000013945761, 0), (-1, 0.0000013945761, 0), (-1, 0.0000013945761, 0), (-1, -0.0000013945761, 0), (-0.86602616, -0.49999872, 0), (-1, -0.0000013945761, 0), (-0.8660247, -0.5000013, 0), (-0.86602616, -0.49999872, 0), (-0.86602616, -0.49999872, 0), (-0.8660247, -0.5000013, 0), (-0.5000013, -0.8660246, 0), (-0.8660247, -0.5000013, 0), (-0.49999863, -0.86602616, 0), (-0.5000013, -0.8660246, 0), (-0.5000013, -0.8660246, 0), (-0.49999863, -0.86602616, 0), (-0.000055879354, -1, -0.000086826636), (-0.49999863, -0.86602616, 0), (-0.000055909157, -1, 0.000012420108), (-0.000055879354, -1, -0.000086826636), (0, 0, 1), (0, 0, 1), (0, 0, 1), (0, 0, 1), (0, 0, 1), (0, 0, 1), (-2.4492932e-15, 0, 1), (-2.4492932e-15, 0, 1), (-2.4492932e-15, 0, 1), (0, 0, 1), (0, 0, 1), (0, 0, 1), (0, 0, 1), (0, 0, 1), (0, 0, 1), (0, 0, 1), (0, 0, 1), (0, 0, 1), (0, 0, 1), (0, 0, 1), (0, 0, 1), (0, 0, 1), (0, 0, 1), (0, 0, 1), (7.347879e-15, 0, 1), (7.347879e-15, 0, 1), (7.347879e-15, 0, 1), (0, 0, 1), (0, 0, 1), (0, 0, 1), (0, 0, 1), (0, 0, 1), (0, 0, 1), (0, 0, 1), (0, 0, 1), (0, 0, 1), (0, 0, -1), (0, 0, -1), (0, 0, -1), (0, 0, -1), (0, 0, -1), (0, 0, -1), (0, 0, -1), (0, 0, -1), (0, 0, -1), (2.4492932e-15, 0, -1), (2.4492932e-15, 0, -1), (2.4492932e-15, 0, -1), (0, 0, -1), (0, 0, -1), (0, 0, -1), (0, 0, -1), (0, 0, -1), (0, 0, -1), (0, 0, -1), (0, 0, -1), (0, 0, -1), (0, 0, -1), (0, 0, -1), (0, 0, -1), (0, 0, -1), (0, 0, -1), (0, 0, -1), (-7.347879e-15, 0, -1), (-7.347879e-15, 0, -1), (-7.347879e-15, 0, -1), (0, 0, -1), (0, 0, -1), (0, 0, -1), (0, 0, -1), (0, 0, -1), (0, 0, -1)] (
                    interpolation = "faceVarying"
                )
                point3f[] points = [(0, -0.045, 0.45), (0.0225, -0.038971145, 0.45), (0.038971145, -0.0225, 0.45), (0.045, -2.7554553e-18, 0.45), (0.038971145, 0.0225, 0.45), (0.0225, 0.038971145, 0.45), (5.5109105e-18, 0.045, 0.45), (-0.0225, 0.038971145, 0.45), (-0.038971145, 0.0225, 0.45), (-0.045, 8.266366e-18, 0.45), (-0.038971145, -0.0225, 0.45), (-0.0225, -0.038971145, 0.45), (-1.1021821e-17, -0.045, 0.45), (0, -0.045, -0.45), (0.0225, -0.038971145, -0.45), (0.038971145, -0.0225, -0.45), (0.045, -2.7554553e-18, -0.45), (0.038971145, 0.0225, -0.45), (0.0225, 0.038971145, -0.45), (5.5109105e-18, 0.045, -0.45), (-0.0225, 0.038971145, -0.45), (-0.038971145, 0.0225, -0.45), (-0.045, 8.266366e-18, -0.45), (-0.038971145, -0.0225, -0.45), (-0.0225, -0.038971145, -0.45), (-1.1021821e-17, -0.045, -0.45), (0, -0, 0.45), (0, -0, 0.45), (0, -0, 0.45), (0, -0, 0.45), (0, -0, 0.45), (0, -0, 0.45), (0, -0, 0.45), (0, -0, 0.45), (0, -0, 0.45), (0, -0, 0.45), (0, -0, 0.45), (0, -0, 0.45), (0, -0.045, 0.45), (0.0225, -0.038971145, 0.45), (0.038971145, -0.0225, 0.45), (0.045, -2.7554553e-18, 0.45), (0.038971145, 0.0225, 0.45), (0.0225, 0.038971145, 0.45), (5.5109105e-18, 0.045, 0.45), (-0.0225, 0.038971145, 0.45), (-0.038971145, 0.0225, 0.45), (-0.045, 8.266366e-18, 0.45), (-0.038971145, -0.0225, 0.45), (-0.0225, -0.038971145, 0.45), (-1.1021821e-17, -0.045, 0.45), (0, -0, -0.45), (0, -0, -0.45), (0, -0, -0.45), (0, -0, -0.45), (0, -0, -0.45), (0, -0, -0.45), (0, -0, -0.45), (0, -0, -0.45), (0, -0, -0.45), (0, -0, -0.45), (0, -0, -0.45), (0, -0, -0.45), (0, -0.045, -0.45), (0.0225, -0.038971145, -0.45), (0.038971145, -0.0225, -0.45), (0.045, -2.7554553e-18, -0.45), (0.038971145, 0.0225, -0.45), (0.0225, 0.038971145, -0.45), (5.5109105e-18, 0.045, -0.45), (-0.0225, 0.038971145, -0.45), (-0.038971145, 0.0225, -0.45), (-0.045, 8.266366e-18, -0.45), (-0.038971145, -0.0225, -0.45), (-0.0225, -0.038971145, -0.45), (-1.1021821e-17, -0.045, -0.45)]
                texCoord2f[] primvars:st = [(0, 0), (0, 1), (0.083333336, 0), (0, 1), (0.083333336, 1), (0.083333336, 0), (0.083333336, 0), (0.083333336, 1), (0.16666667, 0), (0.083333336, 1), (0.16666667, 1), (0.16666667, 0), (0.16666667, 0), (0.16666667, 1), (0.25, 0), (0.16666667, 1), (0.25, 1), (0.25, 0), (0.25, 0), (0.25, 1), (0.33333334, 0), (0.25, 1), (0.33333334, 1), (0.33333334, 0), (0.33333334, 0), (0.33333334, 1), (0.41666666, 0), (0.33333334, 1), (0.41666666, 1), (0.41666666, 0), (0.41666666, 0), (0.41666666, 1), (0.5, 0), (0.41666666, 1), (0.5, 1), (0.5, 0), (0.5, 0), (0.5, 1), (0.5833333, 0), (0.5, 1), (0.5833333, 1), (0.5833333, 0), (0.5833333, 0), (0.5833333, 1), (0.6666667, 0), (0.5833333, 1), (0.6666667, 1), (0.6666667, 0), (0.6666667, 0), (0.6666667, 1), (0.75, 0), (0.6666667, 1), (0.75, 1), (0.75, 0), (0.75, 0), (0.75, 1), (0.8333333, 0), (0.75, 1), (0.8333333, 1), (0.8333333, 0), (0.8333333, 0), (0.8333333, 1), (0.9166667, 0), (0.8333333, 1), (0.9166667, 1), (0.9166667, 0), (0.9166667, 0), (0.9166667, 1), (1, 0), (0.9166667, 1), (1, 1), (1, 0), (1, 0.5), (0.9330127, 0.25), (0.5, 0.5), (0.9330127, 0.25), (0.75, 0.066987276), (0.5, 0.5), (0.75, 0.066987276), (0.5, 0), (0.5, 0.5), (0.5, 0), (0.25, 0.066987276), (0.5, 0.5), (0.25, 0.066987276), (0.0669873, 0.25), (0.5, 0.5), (0.0669873, 0.25), (0, 0.5), (0.5, 0.5), (0, 0.5), (0.0669873, 0.75), (0.5, 0.5), (0.0669873, 0.75), (0.25, 0.9330127), (0.5, 0.5), (0.25, 0.9330127), (0.5, 1), (0.5, 0.5), (0.5, 1), (0.75, 0.9330127), (0.5, 0.5), (0.75, 0.9330127), (0.9330127, 0.75), (0.5, 0.5), (0.9330127, 0.75), (1, 0.5), (0.5, 0.5), (0.9330127, 0.75), (1, 0.5), (0.5, 0.5), (0.75, 0.9330127), (0.9330127, 0.75), (0.5, 0.5), (0.5, 1), (0.75, 0.9330127), (0.5, 0.5), (0.25, 0.9330127), (0.5, 1), (0.5, 0.5), (0.0669873, 0.75), (0.25, 0.9330127), (0.5, 0.5), (0, 0.5), (0.0669873, 0.75), (0.5, 0.5), (0.0669873, 0.25), (0, 0.5), (0.5, 0.5), (0.25, 0.066987276), (0.0669873, 0.25), (0.5, 0.5), (0.5, 0), (0.25, 0.066987276), (0.5, 0.5), (0.75, 0.066987276), (0.5, 0), (0.5, 0.5), (0.9330127, 0.25), (0.75, 0.066987276), (0.5, 0.5), (1, 0.5), (0.9330127, 0.25), (0.5, 0.5)] (
                    interpolation = "faceVarying"
                )
                uniform token subdivisionScheme = "none"
                custom string userProperties:blender:data_name = "Mesh_6.036"
            }
        }

        def Xform "squeegee_support_2"
        {
            custom string userProperties:blender:object_name = "squeegee_support_2"
            float3 xformOp:rotateXYZ = (0, -0, 0)
            float3 xformOp:scale = (1, 1, 1)
            double3 xformOp:translate = (0.36000001430511475, 0.3499999940395355, 0.7699999809265137)
            uniform token[] xformOpOrder = ["xformOp:translate", "xformOp:rotateXYZ", "xformOp:scale"]

            def Mesh "Mesh_12_021" (
                active = true
                prepend apiSchemas = ["MaterialBindingAPI"]
            )
            {
                uniform bool doubleSided = 0
                float3[] extent = [(-0.04, -0.04, -0.55), (0.04, 0.04, 0.55)]
                int[] faceVertexCounts = [3, 3, 3, 3, 3, 3, 3, 3, 3, 3, 3, 3]
                int[] faceVertexIndices = [0, 2, 1, 2, 3, 1, 4, 6, 5, 6, 7, 5, 8, 10, 9, 10, 11, 9, 12, 14, 13, 14, 15, 13, 16, 18, 17, 18, 19, 17, 20, 22, 21, 22, 23, 21]
                rel material:binding = </root/_materials/Material_12_021>
                normal3f[] normals = [(0.99999994, 0, 0), (0.99999994, 0, 0), (0.99999994, 0, 0), (0.99999994, 0, 0), (0.99999994, 0, 0), (0.99999994, 0, 0), (-0.99999994, 0, 0), (-0.99999994, 0, 0), (-0.99999994, 0, 0), (-0.99999994, 0, 0), (-0.99999994, 0, 0), (-0.99999994, 0, 0), (0, 0, 1), (0, 0, 1), (0, 0, 1), (0, 0, 1), (0, 0, 1), (0, 0, 1), (0, 0, -1), (0, 0, -1), (0, 0, -1), (0, 0, -1), (0, 0, -1), (0, 0, -1), (0, -0.99999994, 0), (0, -0.99999994, 0), (0, -0.99999994, 0), (0, -0.99999994, 0), (0, -0.99999994, 0), (0, -0.99999994, 0), (0, 0.99999994, 0), (0, 0.99999994, 0), (0, 0.99999994, 0), (0, 0.99999994, 0), (0, 0.99999994, 0), (0, 0.99999994, 0)] (
                    interpolation = "faceVarying"
                )
                point3f[] points = [(0.04, -0.04, 0.55), (0.04, 0.04, 0.55), (0.04, -0.04, -0.55), (0.04, 0.04, -0.55), (-0.04, 0.04, 0.55), (-0.04, -0.04, 0.55), (-0.04, 0.04, -0.55), (-0.04, -0.04, -0.55), (-0.04, 0.04, 0.55), (0.04, 0.04, 0.55), (-0.04, -0.04, 0.55), (0.04, -0.04, 0.55), (-0.04, -0.04, -0.55), (0.04, -0.04, -0.55), (-0.04, 0.04, -0.55), (0.04, 0.04, -0.55), (-0.04, -0.04, 0.55), (0.04, -0.04, 0.55), (-0.04, -0.04, -0.55), (0.04, -0.04, -0.55), (0.04, 0.04, 0.55), (-0.04, 0.04, 0.55), (0.04, 0.04, -0.55), (-0.04, 0.04, -0.55)]
                texCoord2f[] primvars:st = [(0, 0), (0, 1), (1, 0), (0, 1), (1, 1), (1, 0), (0, 0), (0, 1), (1, 0), (0, 1), (1, 1), (1, 0), (0, 0), (0, 1), (1, 0), (0, 1), (1, 1), (1, 0), (0, 0), (0, 1), (1, 0), (0, 1), (1, 1), (1, 0), (0, 0), (0, 1), (1, 0), (0, 1), (1, 1), (1, 0), (0, 0), (0, 1), (1, 0), (0, 1), (1, 1), (1, 0)] (
                    interpolation = "faceVarying"
                )
                uniform token subdivisionScheme = "none"
                custom string userProperties:blender:data_name = "Mesh_12.021"
            }
        }

        def Xform "frame_upright_1__0_55"
        {
            custom string userProperties:blender:object_name = "frame_upright_1_-0.55"
            float3 xformOp:rotateXYZ = (0, -0, 0)
            float3 xformOp:scale = (1, 1, 1)
            double3 xformOp:translate = (-0.36000001430511475, 0.550000011920929, 0.9700000286102295)
            uniform token[] xformOpOrder = ["xformOp:translate", "xformOp:rotateXYZ", "xformOp:scale"]

            def Mesh "Mesh_8_031" (
                active = true
                prepend apiSchemas = ["MaterialBindingAPI"]
            )
            {
                uniform bool doubleSided = 0
                float3[] extent = [(-0.06, -0.06, -0.75), (0.06, 0.06, 0.75)]
                int[] faceVertexCounts = [3, 3, 3, 3, 3, 3, 3, 3, 3, 3, 3, 3]
                int[] faceVertexIndices = [0, 2, 1, 2, 3, 1, 4, 6, 5, 6, 7, 5, 8, 10, 9, 10, 11, 9, 12, 14, 13, 14, 15, 13, 16, 18, 17, 18, 19, 17, 20, 22, 21, 22, 23, 21]
                rel material:binding = </root/_materials/Material_8_031>
                normal3f[] normals = [(1, 0, 0), (1, 0, 0), (1, 0, 0), (1, 0, 0), (1, 0, 0), (1, 0, 0), (-1, 0, 0), (-1, 0, 0), (-1, 0, 0), (-1, 0, 0), (-1, 0, 0), (-1, 0, 0), (0, 0, 0.99999994), (0, 0, 0.99999994), (0, 0, 0.99999994), (0, 0, 0.99999994), (0, 0, 0.99999994), (0, 0, 0.99999994), (0, 0, -0.99999994), (0, 0, -0.99999994), (0, 0, -0.99999994), (0, 0, -0.99999994), (0, 0, -0.99999994), (0, 0, -0.99999994), (0, -1, 0), (0, -1, 0), (0, -1, 0), (0, -1, 0), (0, -1, 0), (0, -1, 0), (0, 1, 0), (0, 1, 0), (0, 1, 0), (0, 1, 0), (0, 1, 0), (0, 1, 0)] (
                    interpolation = "faceVarying"
                )
                point3f[] points = [(0.06, -0.06, 0.75), (0.06, 0.06, 0.75), (0.06, -0.06, -0.75), (0.06, 0.06, -0.75), (-0.06, 0.06, 0.75), (-0.06, -0.06, 0.75), (-0.06, 0.06, -0.75), (-0.06, -0.06, -0.75), (-0.06, 0.06, 0.75), (0.06, 0.06, 0.75), (-0.06, -0.06, 0.75), (0.06, -0.06, 0.75), (-0.06, -0.06, -0.75), (0.06, -0.06, -0.75), (-0.06, 0.06, -0.75), (0.06, 0.06, -0.75), (-0.06, -0.06, 0.75), (0.06, -0.06, 0.75), (-0.06, -0.06, -0.75), (0.06, -0.06, -0.75), (0.06, 0.06, 0.75), (-0.06, 0.06, 0.75), (0.06, 0.06, -0.75), (-0.06, 0.06, -0.75)]
                texCoord2f[] primvars:st = [(0, 0), (0, 1), (1, 0), (0, 1), (1, 1), (1, 0), (0, 0), (0, 1), (1, 0), (0, 1), (1, 1), (1, 0), (0, 0), (0, 1), (1, 0), (0, 1), (1, 1), (1, 0), (0, 0), (0, 1), (1, 0), (0, 1), (1, 1), (1, 0), (0, 0), (0, 1), (1, 0), (0, 1), (1, 1), (1, 0), (0, 0), (0, 1), (1, 0), (0, 1), (1, 1), (1, 0)] (
                    interpolation = "faceVarying"
                )
                uniform token subdivisionScheme = "none"
                custom string userProperties:blender:data_name = "Mesh_8.031"
            }
        }

        def Xform "control_drawer_3_2"
        {
            custom string userProperties:blender:object_name = "control_drawer_3_2"
            float3 xformOp:rotateXYZ = (0, -0, 0)
            float3 xformOp:scale = (1, 1, 1)
            double3 xformOp:translate = (1.0800000429153442, -0.5199999809265137, 0.8399999737739563)
            uniform token[] xformOpOrder = ["xformOp:translate", "xformOp:rotateXYZ", "xformOp:scale"]

            def Mesh "Mesh_17_009" (
                active = true
                prepend apiSchemas = ["MaterialBindingAPI"]
            )
            {
                uniform bool doubleSided = 0
                float3[] extent = [(-0.21, -0.015, -0.065), (0.21, 0.015, 0.065)]
                int[] faceVertexCounts = [3, 3, 3, 3, 3, 3, 3, 3, 3, 3, 3, 3]
                int[] faceVertexIndices = [0, 2, 1, 2, 3, 1, 4, 6, 5, 6, 7, 5, 8, 10, 9, 10, 11, 9, 12, 14, 13, 14, 15, 13, 16, 18, 17, 18, 19, 17, 20, 22, 21, 22, 23, 21]
                rel material:binding = </root/_materials/Material_17_009>
                normal3f[] normals = [(1, 0, 0), (1, 0, 0), (1, 0, 0), (1, 0, 0), (1, 0, 0), (1, 0, 0), (-1, 0, 0), (-1, 0, 0), (-1, 0, 0), (-1, 0, 0), (-1, 0, 0), (-1, 0, 0), (0, 0, 0.99999994), (0, 0, 0.99999994), (0, 0, 0.99999994), (0, 0, 0.99999994), (0, 0, 0.99999994), (0, 0, 0.99999994), (0, 0, -0.99999994), (0, 0, -0.99999994), (0, 0, -0.99999994), (0, 0, -0.99999994), (0, 0, -0.99999994), (0, 0, -0.99999994), (0, -1, 0), (0, -1, 0), (0, -1, 0), (0, -1, 0), (0, -1, 0), (0, -1, 0), (0, 1, 0), (0, 1, 0), (0, 1, 0), (0, 1, 0), (0, 1, 0), (0, 1, 0)] (
                    interpolation = "faceVarying"
                )
                point3f[] points = [(0.21, -0.015, 0.065), (0.21, 0.015, 0.065), (0.21, -0.015, -0.065), (0.21, 0.015, -0.065), (-0.21, 0.015, 0.065), (-0.21, -0.015, 0.065), (-0.21, 0.015, -0.065), (-0.21, -0.015, -0.065), (-0.21, 0.015, 0.065), (0.21, 0.015, 0.065), (-0.21, -0.015, 0.065), (0.21, -0.015, 0.065), (-0.21, -0.015, -0.065), (0.21, -0.015, -0.065), (-0.21, 0.015, -0.065), (0.21, 0.015, -0.065), (-0.21, -0.015, 0.065), (0.21, -0.015, 0.065), (-0.21, -0.015, -0.065), (0.21, -0.015, -0.065), (0.21, 0.015, 0.065), (-0.21, 0.015, 0.065), (0.21, 0.015, -0.065), (-0.21, 0.015, -0.065)]
                texCoord2f[] primvars:st = [(0, 0), (0, 1), (1, 0), (0, 1), (1, 1), (1, 0), (0, 0), (0, 1), (1, 0), (0, 1), (1, 1), (1, 0), (0, 0), (0, 1), (1, 0), (0, 1), (1, 1), (1, 0), (0, 0), (0, 1), (1, 0), (0, 1), (1, 1), (1, 0), (0, 0), (0, 1), (1, 0), (0, 1), (1, 1), (1, 0), (0, 0), (0, 1), (1, 0), (0, 1), (1, 1), (1, 0)] (
                    interpolation = "faceVarying"
                )
                uniform token subdivisionScheme = "none"
                custom string userProperties:blender:data_name = "Mesh_17.009"
            }
        }

        def Xform "frame_upright_1_0_55"
        {
            custom string userProperties:blender:object_name = "frame_upright_1_0.55"
            float3 xformOp:rotateXYZ = (0, -0, 0)
            float3 xformOp:scale = (1, 1, 1)
            double3 xformOp:translate = (-0.36000001430511475, -0.550000011920929, 0.9700000286102295)
            uniform token[] xformOpOrder = ["xformOp:translate", "xformOp:rotateXYZ", "xformOp:scale"]

            def Mesh "Mesh_9_029" (
                active = true
                prepend apiSchemas = ["MaterialBindingAPI"]
            )
            {
                uniform bool doubleSided = 0
                float3[] extent = [(-0.06, -0.06, -0.75), (0.06, 0.06, 0.75)]
                int[] faceVertexCounts = [3, 3, 3, 3, 3, 3, 3, 3, 3, 3, 3, 3]
                int[] faceVertexIndices = [0, 2, 1, 2, 3, 1, 4, 6, 5, 6, 7, 5, 8, 10, 9, 10, 11, 9, 12, 14, 13, 14, 15, 13, 16, 18, 17, 18, 19, 17, 20, 22, 21, 22, 23, 21]
                rel material:binding = </root/_materials/Material_9_029>
                normal3f[] normals = [(1, 0, 0), (1, 0, 0), (1, 0, 0), (1, 0, 0), (1, 0, 0), (1, 0, 0), (-1, 0, 0), (-1, 0, 0), (-1, 0, 0), (-1, 0, 0), (-1, 0, 0), (-1, 0, 0), (0, 0, 0.99999994), (0, 0, 0.99999994), (0, 0, 0.99999994), (0, 0, 0.99999994), (0, 0, 0.99999994), (0, 0, 0.99999994), (0, 0, -0.99999994), (0, 0, -0.99999994), (0, 0, -0.99999994), (0, 0, -0.99999994), (0, 0, -0.99999994), (0, 0, -0.99999994), (0, -1, 0), (0, -1, 0), (0, -1, 0), (0, -1, 0), (0, -1, 0), (0, -1, 0), (0, 1, 0), (0, 1, 0), (0, 1, 0), (0, 1, 0), (0, 1, 0), (0, 1, 0)] (
                    interpolation = "faceVarying"
                )
                point3f[] points = [(0.06, -0.06, 0.75), (0.06, 0.06, 0.75), (0.06, -0.06, -0.75), (0.06, 0.06, -0.75), (-0.06, 0.06, 0.75), (-0.06, -0.06, 0.75), (-0.06, 0.06, -0.75), (-0.06, -0.06, -0.75), (-0.06, 0.06, 0.75), (0.06, 0.06, 0.75), (-0.06, -0.06, 0.75), (0.06, -0.06, 0.75), (-0.06, -0.06, -0.75), (0.06, -0.06, -0.75), (-0.06, 0.06, -0.75), (0.06, 0.06, -0.75), (-0.06, -0.06, 0.75), (0.06, -0.06, 0.75), (-0.06, -0.06, -0.75), (0.06, -0.06, -0.75), (0.06, 0.06, 0.75), (-0.06, 0.06, 0.75), (0.06, 0.06, -0.75), (-0.06, 0.06, -0.75)]
                texCoord2f[] primvars:st = [(0, 0), (0, 1), (1, 0), (0, 1), (1, 1), (1, 0), (0, 0), (0, 1), (1, 0), (0, 1), (1, 1), (1, 0), (0, 0), (0, 1), (1, 0), (0, 1), (1, 1), (1, 0), (0, 0), (0, 1), (1, 0), (0, 1), (1, 1), (1, 0), (0, 0), (0, 1), (1, 0), (0, 1), (1, 1), (1, 0), (0, 0), (0, 1), (1, 0), (0, 1), (1, 1), (1, 0)] (
                    interpolation = "faceVarying"
                )
                uniform token subdivisionScheme = "none"
                custom string userProperties:blender:data_name = "Mesh_9.029"
            }
        }
    }

    def Scope "_materials"
    {
        def Material "Material_15_013"
        {
            token outputs:surface.connect = </root/_materials/Material_15_013/Principled_BSDF.outputs:surface>
            custom string userProperties:blender:data_name = "Material_15.013"

            def Shader "Principled_BSDF"
            {
                uniform token info:id = "UsdPreviewSurface"
                float inputs:clearcoat = 0
                float inputs:clearcoatRoughness = 0.03
                color3f inputs:diffuseColor = (0.29613826, 0.3662526, 0.47932017)
                float inputs:ior = 1.5
                float inputs:metallic = 0.25
                float inputs:opacity = 1
                float inputs:roughness = 0.55
                float inputs:specular = 0.5
                token outputs:surface
            }
        }

        def Material "Material_14_016"
        {
            token outputs:surface.connect = </root/_materials/Material_14_016/Principled_BSDF.outputs:surface>
            custom string userProperties:blender:data_name = "Material_14.016"

            def Shader "Principled_BSDF"
            {
                uniform token info:id = "UsdPreviewSurface"
                float inputs:clearcoat = 0
                float inputs:clearcoatRoughness = 0.03
                color3f inputs:diffuseColor = (0.004391442, 0.1746474, 0.27889428)
                float inputs:ior = 1.5
                float inputs:metallic = 0.25
                float inputs:opacity = 1
                float inputs:roughness = 0.55
                float inputs:specular = 0.5
                token outputs:surface
            }
        }

        def Material "Material_11_024"
        {
            token outputs:surface.connect = </root/_materials/Material_11_024/Principled_BSDF.outputs:surface>
            custom string userProperties:blender:data_name = "Material_11.024"

            def Shader "Principled_BSDF"
            {
                uniform token info:id = "UsdPreviewSurface"
                float inputs:clearcoat = 0
                float inputs:clearcoatRoughness = 0.03
                color3f inputs:diffuseColor = (0.91309863, 0.34191442, 0.0033465358)
                float inputs:ior = 1.5
                float inputs:metallic = 0.25
                float inputs:opacity = 1
                float inputs:roughness = 0.55
                float inputs:specular = 0.5
                token outputs:surface
            }
        }

        def Material "Material_19_005"
        {
            token outputs:surface.connect = </root/_materials/Material_19_005/Principled_BSDF.outputs:surface>
            custom string userProperties:blender:data_name = "Material_19.005"

            def Shader "Principled_BSDF"
            {
                uniform token info:id = "UsdPreviewSurface"
                float inputs:clearcoat = 0
                float inputs:clearcoatRoughness = 0.03
                color3f inputs:diffuseColor = (0.29613826, 0.3662526, 0.47932017)
                float inputs:ior = 1.5
                float inputs:metallic = 0.25
                float inputs:opacity = 1
                float inputs:roughness = 0.55
                float inputs:specular = 0.5
                token outputs:surface
            }
        }

        def Material "Material_5_036"
        {
            token outputs:surface.connect = </root/_materials/Material_5_036/Principled_BSDF.outputs:surface>
            custom string userProperties:blender:data_name = "Material_5.036"

            def Shader "Principled_BSDF"
            {
                uniform token info:id = "UsdPreviewSurface"
                float inputs:clearcoat = 0
                float inputs:clearcoatRoughness = 0.03
                color3f inputs:diffuseColor = (0.12743768, 0.1746474, 0.25818285)
                float inputs:ior = 1.5
                float inputs:metallic = 0.25
                float inputs:opacity = 1
                float inputs:roughness = 0.55
                float inputs:specular = 0.5
                token outputs:surface
            }
        }

        def Material "Material_18_008"
        {
            token outputs:surface.connect = </root/_materials/Material_18_008/Principled_BSDF.outputs:surface>
            custom string userProperties:blender:data_name = "Material_18.008"

            def Shader "Principled_BSDF"
            {
                uniform token info:id = "UsdPreviewSurface"
                float inputs:clearcoat = 0
                float inputs:clearcoatRoughness = 0.03
                color3f inputs:diffuseColor = (0.033104766, 0.052860647, 0.09084171)
                float inputs:ior = 1.5
                float inputs:metallic = 0.25
                float inputs:opacity = 1
                float inputs:roughness = 0.55
                float inputs:specular = 0.5
                token outputs:surface
            }
        }

        def Material "Material_3_036"
        {
            token outputs:surface.connect = </root/_materials/Material_3_036/Principled_BSDF.outputs:surface>
            custom string userProperties:blender:data_name = "Material_3.036"

            def Shader "Principled_BSDF"
            {
                uniform token info:id = "UsdPreviewSurface"
                float inputs:clearcoat = 0
                float inputs:clearcoatRoughness = 0.03
                color3f inputs:diffuseColor = (0.12743768, 0.1746474, 0.25818285)
                float inputs:ior = 1.5
                float inputs:metallic = 0.25
                float inputs:opacity = 1
                float inputs:roughness = 0.55
                float inputs:specular = 0.5
                token outputs:surface
            }
        }

        def Material "Material_1_036"
        {
            token outputs:surface.connect = </root/_materials/Material_1_036/Principled_BSDF.outputs:surface>
            custom string userProperties:blender:data_name = "Material_1.036"

            def Shader "Principled_BSDF"
            {
                uniform token info:id = "UsdPreviewSurface"
                float inputs:clearcoat = 0
                float inputs:clearcoatRoughness = 0.03
                color3f inputs:diffuseColor = (0.004391442, 0.1746474, 0.27889428)
                float inputs:ior = 1.5
                float inputs:metallic = 0.25
                float inputs:opacity = 1
                float inputs:roughness = 0.55
                float inputs:specular = 0.5
                token outputs:surface
            }
        }

        def Material "Material_13_018"
        {
            token outputs:surface.connect = </root/_materials/Material_13_018/Principled_BSDF.outputs:surface>
            custom string userProperties:blender:data_name = "Material_13.018"

            def Shader "Principled_BSDF"
            {
                uniform token info:id = "UsdPreviewSurface"
                float inputs:clearcoat = 0
                float inputs:clearcoatRoughness = 0.03
                color3f inputs:diffuseColor = (0.12743768, 0.1746474, 0.25818285)
                float inputs:ior = 1.5
                float inputs:metallic = 0.25
                float inputs:opacity = 1
                float inputs:roughness = 0.55
                float inputs:specular = 0.5
                token outputs:surface
            }
        }

        def Material "Material_20_004"
        {
            token outputs:surface.connect = </root/_materials/Material_20_004/Principled_BSDF.outputs:surface>
            custom string userProperties:blender:data_name = "Material_20.004"

            def Shader "Principled_BSDF"
            {
                uniform token info:id = "UsdPreviewSurface"
                float inputs:clearcoat = 0
                float inputs:clearcoatRoughness = 0.03
                color3f inputs:diffuseColor = (0.0129830325, 0.022173885, 0.04373503)
                float inputs:ior = 1.5
                float inputs:metallic = 0.25
                float inputs:opacity = 1
                float inputs:roughness = 0.55
                float inputs:specular = 0.5
                token outputs:surface
            }
        }

        def Material "Material_4_036"
        {
            token outputs:surface.connect = </root/_materials/Material_4_036/Principled_BSDF.outputs:surface>
            custom string userProperties:blender:data_name = "Material_4.036"

            def Shader "Principled_BSDF"
            {
                uniform token info:id = "UsdPreviewSurface"
                float inputs:clearcoat = 0
                float inputs:clearcoatRoughness = 0.03
                color3f inputs:diffuseColor = (0.12743768, 0.1746474, 0.25818285)
                float inputs:ior = 1.5
                float inputs:metallic = 0.25
                float inputs:opacity = 1
                float inputs:roughness = 0.55
                float inputs:specular = 0.5
                token outputs:surface
            }
        }

        def Material "Material_0_036"
        {
            token outputs:surface.connect = </root/_materials/Material_0_036/Principled_BSDF.outputs:surface>
            custom string userProperties:blender:data_name = "Material_0.036"

            def Shader "Principled_BSDF"
            {
                uniform token info:id = "UsdPreviewSurface"
                float inputs:clearcoat = 0
                float inputs:clearcoatRoughness = 0.03
                color3f inputs:diffuseColor = (0.033104766, 0.052860647, 0.09084171)
                float inputs:ior = 1.5
                float inputs:metallic = 0.25
                float inputs:opacity = 1
                float inputs:roughness = 0.55
                float inputs:specular = 0.5
                token outputs:surface
            }
        }

        def Material "Material_16_013"
        {
            token outputs:surface.connect = </root/_materials/Material_16_013/Principled_BSDF.outputs:surface>
            custom string userProperties:blender:data_name = "Material_16.013"

            def Shader "Principled_BSDF"
            {
                uniform token info:id = "UsdPreviewSurface"
                float inputs:clearcoat = 0
                float inputs:clearcoatRoughness = 0.03
                color3f inputs:diffuseColor = (0.033104766, 0.052860647, 0.09084171)
                float inputs:ior = 1.5
                float inputs:metallic = 0.25
                float inputs:opacity = 1
                float inputs:roughness = 0.55
                float inputs:specular = 0.5
                token outputs:surface
            }
        }

        def Material "Material_21_004"
        {
            token outputs:surface.connect = </root/_materials/Material_21_004/Principled_BSDF.outputs:surface>
            custom string userProperties:blender:data_name = "Material_21.004"

            def Shader "Principled_BSDF"
            {
                uniform token info:id = "UsdPreviewSurface"
                float inputs:clearcoat = 0
                float inputs:clearcoatRoughness = 0.03
                color3f inputs:diffuseColor = (0.039546236, 0.50888133, 0.9386857)
                float inputs:ior = 1.5
                float inputs:metallic = 0.25
                float inputs:opacity = 1
                float inputs:roughness = 0.55
                float inputs:specular = 0.5
                token outputs:surface
            }
        }

        def Material "Material_10_026"
        {
            token outputs:surface.connect = </root/_materials/Material_10_026/Principled_BSDF.outputs:surface>
            custom string userProperties:blender:data_name = "Material_10.026"

            def Shader "Principled_BSDF"
            {
                uniform token info:id = "UsdPreviewSurface"
                float inputs:clearcoat = 0
                float inputs:clearcoatRoughness = 0.03
                color3f inputs:diffuseColor = (0.12743768, 0.1746474, 0.25818285)
                float inputs:ior = 1.5
                float inputs:metallic = 0.25
                float inputs:opacity = 1
                float inputs:roughness = 0.55
                float inputs:specular = 0.5
                token outputs:surface
            }
        }

        def Material "Material_7_034"
        {
            token outputs:surface.connect = </root/_materials/Material_7_034/Principled_BSDF.outputs:surface>
            custom string userProperties:blender:data_name = "Material_7.034"

            def Shader "Principled_BSDF"
            {
                uniform token info:id = "UsdPreviewSurface"
                float inputs:clearcoat = 0
                float inputs:clearcoatRoughness = 0.03
                color3f inputs:diffuseColor = (0.12743768, 0.1746474, 0.25818285)
                float inputs:ior = 1.5
                float inputs:metallic = 0.25
                float inputs:opacity = 1
                float inputs:roughness = 0.55
                float inputs:specular = 0.5
                token outputs:surface
            }
        }

        def Material "Material_2_036"
        {
            token outputs:surface.connect = </root/_materials/Material_2_036/Principled_BSDF.outputs:surface>
            custom string userProperties:blender:data_name = "Material_2.036"

            def Shader "Principled_BSDF"
            {
                uniform token info:id = "UsdPreviewSurface"
                float inputs:clearcoat = 0
                float inputs:clearcoatRoughness = 0.03
                color3f inputs:diffuseColor = (0.12743768, 0.1746474, 0.25818285)
                float inputs:ior = 1.5
                float inputs:metallic = 0.25
                float inputs:opacity = 1
                float inputs:roughness = 0.55
                float inputs:specular = 0.5
                token outputs:surface
            }
        }

        def Material "Material_6_036"
        {
            token outputs:surface.connect = </root/_materials/Material_6_036/Principled_BSDF.outputs:surface>
            custom string userProperties:blender:data_name = "Material_6.036"

            def Shader "Principled_BSDF"
            {
                uniform token info:id = "UsdPreviewSurface"
                float inputs:clearcoat = 0
                float inputs:clearcoatRoughness = 0.03
                color3f inputs:diffuseColor = (0.12743768, 0.1746474, 0.25818285)
                float inputs:ior = 1.5
                float inputs:metallic = 0.25
                float inputs:opacity = 1
                float inputs:roughness = 0.55
                float inputs:specular = 0.5
                token outputs:surface
            }
        }

        def Material "Material_12_021"
        {
            token outputs:surface.connect = </root/_materials/Material_12_021/Principled_BSDF.outputs:surface>
            custom string userProperties:blender:data_name = "Material_12.021"

            def Shader "Principled_BSDF"
            {
                uniform token info:id = "UsdPreviewSurface"
                float inputs:clearcoat = 0
                float inputs:clearcoatRoughness = 0.03
                color3f inputs:diffuseColor = (0.12743768, 0.1746474, 0.25818285)
                float inputs:ior = 1.5
                float inputs:metallic = 0.25
                float inputs:opacity = 1
                float inputs:roughness = 0.55
                float inputs:specular = 0.5
                token outputs:surface
            }
        }

        def Material "Material_8_031"
        {
            token outputs:surface.connect = </root/_materials/Material_8_031/Principled_BSDF.outputs:surface>
            custom string userProperties:blender:data_name = "Material_8.031"

            def Shader "Principled_BSDF"
            {
                uniform token info:id = "UsdPreviewSurface"
                float inputs:clearcoat = 0
                float inputs:clearcoatRoughness = 0.03
                color3f inputs:diffuseColor = (0.12743768, 0.1746474, 0.25818285)
                float inputs:ior = 1.5
                float inputs:metallic = 0.25
                float inputs:opacity = 1
                float inputs:roughness = 0.55
                float inputs:specular = 0.5
                token outputs:surface
            }
        }

        def Material "Material_17_009"
        {
            token outputs:surface.connect = </root/_materials/Material_17_009/Principled_BSDF.outputs:surface>
            custom string userProperties:blender:data_name = "Material_17.009"

            def Shader "Principled_BSDF"
            {
                uniform token info:id = "UsdPreviewSurface"
                float inputs:clearcoat = 0
                float inputs:clearcoatRoughness = 0.03
                color3f inputs:diffuseColor = (0.29613826, 0.3662526, 0.47932017)
                float inputs:ior = 1.5
                float inputs:metallic = 0.25
                float inputs:opacity = 1
                float inputs:roughness = 0.55
                float inputs:specular = 0.5
                token outputs:surface
            }
        }

        def Material "Material_9_029"
        {
            token outputs:surface.connect = </root/_materials/Material_9_029/Principled_BSDF.outputs:surface>
            custom string userProperties:blender:data_name = "Material_9.029"

            def Shader "Principled_BSDF"
            {
                uniform token info:id = "UsdPreviewSurface"
                float inputs:clearcoat = 0
                float inputs:clearcoatRoughness = 0.03
                color3f inputs:diffuseColor = (0.12743768, 0.1746474, 0.25818285)
                float inputs:ior = 1.5
                float inputs:metallic = 0.25
                float inputs:opacity = 1
                float inputs:roughness = 0.55
                float inputs:specular = 0.5
                token outputs:surface
            }
        }
    }

    def DomeLight "env_light"
    {
        float inputs:intensity = 1
        asset inputs:texture:file = @./textures/color_121212.hdr@
        float3 xformOp:rotateXYZ = (90, -0, 90)
        uniform token[] xformOpOrder = ["xformOp:rotateXYZ"]
    }
}

